{
  "type": "FeatureCollection",
  "generator": "overpass-turbo",
  "copyright": "The data included in this document is from www.openstreetmap.org. The data is made available under ODbL.",
  "timestamp": "2026-10-08T23:37:09Z",
  "features": [
    {
      "type": "Feature",
      "properties": {
        "@id": "way/30830418",
        "leisure": "pitch",
        "name": "Jockey Club de Salta",
        "source_ref": "Yahoo",
        "sport": "equestrian",
        "@geometry": "center"
      },
      "geometry": {
        "type": "Point",
        "coordinates": [
          -65.4362006,
          -24.8364363
        ]
      },
      "id": "way/30830418"
    },
    {
      "type": "Feature",
      "properties": {
        "@id": "way/101221228",
        "layer": "-1",
        "leisure": "sports_centre",
        "name": "Legado Güemes",
        "official_name": "Centro Deportivo Legado Doctor Luis Güemes",
        "sport": "athletics",
        "@geometry": "center"
      },
      "geometry": {
        "type": "Point",
        "coordinates": [
          -65.4231204,
          -24.7790436
        ]
      },
      "id": "way/101221228"
    },
    {
      "type": "Feature",
      "properties": {
        "@id": "way/101221229",
        "access": "permissive",
        "leisure": "swimming_pool",
        "lit": "yes",
        "location": "outdoor",
        "name": "Balneario Xamena",
        "@geometry": "center"
      },
      "geometry": {
        "type": "Point",
        "coordinates": [
          -65.4176777,
          -24.8130788
        ]
      },
      "id": "way/101221229"
    },
    {
      "type": "Feature",
      "properties": {
        "@id": "way/101221239",
        "leisure": "park",
        "name": "Monumento a Güemes",
        "tourism": "attraction",
        "@geometry": "center"
      },
      "geometry": {
        "type": "Point",
        "coordinates": [
          -65.3989792,
          -24.7867045
        ]
      },
      "id": "way/101221239"
    },
    {
      "type": "Feature",
      "properties": {
        "@id": "way/103437505",
        "leisure": "park",
        "name": "Plaza Evita",
        "@geometry": "center"
      },
      "geometry": {
        "type": "Point",
        "coordinates": [
          -65.4261749,
          -24.7805271
        ]
      },
      "id": "way/103437505"
    },
    {
      "type": "Feature",
      "properties": {
        "@id": "way/110346974",
        "addr:city": "Salta",
        "addr:housenumber": "500",
        "addr:postcode": "4400",
        "addr:street": "España",
        "amenity": "place_of_worship",
        "basilica": "minor",
        "building": "cathedral",
        "denomination": "catholic",
        "description": "Festividades: Señor y Virgen del Milagro",
        "historic": "building",
        "name": "Catedral Basílica de Salta",
        "religion": "christian",
        "wikidata": "Q2942778",
        "wikipedia": "es:Catedral de Salta",
        "@geometry": "center"
      },
      "geometry": {
        "type": "Point",
        "coordinates": [
          -65.4104103,
          -24.7881341
        ]
      },
      "id": "way/110346974"
    },
    {
      "type": "Feature",
      "properties": {
        "@id": "way/110346975",
        "leisure": "park",
        "name": "Plaza 9 de Julio",
        "@geometry": "center"
      },
      "geometry": {
        "type": "Point",
        "coordinates": [
          -65.4102628,
          -24.7892237
        ]
      },
      "id": "way/110346975"
    },
    {
      "type": "Feature",
      "properties": {
        "@id": "way/110355106",
        "leisure": "park",
        "name": "Plaza Belgrano",
        "@geometry": "center"
      },
      "geometry": {
        "type": "Point",
        "coordinates": [
          -65.4124402,
          -24.7867659
        ]
      },
      "id": "way/110355106"
    },
    {
      "type": "Feature",
      "properties": {
        "@id": "way/122480715",
        "leisure": "pitch",
        "sport": "soccer",
        "@geometry": "center"
      },
      "geometry": {
        "type": "Point",
        "coordinates": [
          -65.4191159,
          -24.8209068
        ]
      },
      "id": "way/122480715"
    },
    {
      "type": "Feature",
      "properties": {
        "@id": "way/124763649",
        "leisure": "pitch",
        "sport": "soccer",
        "@geometry": "center"
      },
      "geometry": {
        "type": "Point",
        "coordinates": [
          -65.4335892,
          -24.7913744
        ]
      },
      "id": "way/124763649"
    },
    {
      "type": "Feature",
      "properties": {
        "@id": "way/124767180",
        "access": "permissive",
        "leisure": "pitch",
        "lit": "yes",
        "sport": "soccer",
        "surface": "grass",
        "@geometry": "center"
      },
      "geometry": {
        "type": "Point",
        "coordinates": [
          -65.3966001,
          -24.7986216
        ]
      },
      "id": "way/124767180"
    },
    {
      "type": "Feature",
      "properties": {
        "@id": "way/125150506",
        "leisure": "park",
        "note": "referencia para ajustar bing",
        "@geometry": "center"
      },
      "geometry": {
        "type": "Point",
        "coordinates": [
          -65.3789866,
          -24.7991158
        ]
      },
      "id": "way/125150506"
    },
    {
      "type": "Feature",
      "properties": {
        "@id": "way/125150507",
        "leisure": "pitch",
        "sport": "soccer",
        "wikidata": "Q264255",
        "wikipedia": "es:Estadio El Gigante del Norte",
        "@geometry": "center"
      },
      "geometry": {
        "type": "Point",
        "coordinates": [
          -65.4041999,
          -24.7834
        ]
      },
      "id": "way/125150507"
    },
    {
      "type": "Feature",
      "properties": {
        "@id": "way/125164409",
        "leisure": "park",
        "name": "Plaza Alvarado",
        "@geometry": "center"
      },
      "geometry": {
        "type": "Point",
        "coordinates": [
          -65.4283357,
          -24.7892298
        ]
      },
      "id": "way/125164409"
    },
    {
      "type": "Feature",
      "properties": {
        "@id": "way/125164998",
        "leisure": "park",
        "name": "Plaza Gurruchaga",
        "@geometry": "center"
      },
      "geometry": {
        "type": "Point",
        "coordinates": [
          -65.4247252,
          -24.7957806
        ]
      },
      "id": "way/125164998"
    },
    {
      "type": "Feature",
      "properties": {
        "@id": "way/125314422",
        "leisure": "pitch",
        "sport": "soccer",
        "@geometry": "center"
      },
      "geometry": {
        "type": "Point",
        "coordinates": [
          -65.4212939,
          -24.7760834
        ]
      },
      "id": "way/125314422"
    },
    {
      "type": "Feature",
      "properties": {
        "@id": "way/125329590",
        "leisure": "park",
        "@geometry": "center"
      },
      "geometry": {
        "type": "Point",
        "coordinates": [
          -65.4403204,
          -24.7771539
        ]
      },
      "id": "way/125329590"
    },
    {
      "type": "Feature",
      "properties": {
        "@id": "way/125340514",
        "leisure": "park",
        "@geometry": "center"
      },
      "geometry": {
        "type": "Point",
        "coordinates": [
          -65.4465968,
          -24.7765631
        ]
      },
      "id": "way/125340514"
    },
    {
      "type": "Feature",
      "properties": {
        "@id": "way/125340518",
        "leisure": "park",
        "@geometry": "center"
      },
      "geometry": {
        "type": "Point",
        "coordinates": [
          -65.4454078,
          -24.775906
        ]
      },
      "id": "way/125340518"
    },
    {
      "type": "Feature",
      "properties": {
        "@id": "way/125492769",
        "leisure": "park",
        "@geometry": "center"
      },
      "geometry": {
        "type": "Point",
        "coordinates": [
          -65.4385735,
          -24.8060994
        ]
      },
      "id": "way/125492769"
    },
    {
      "type": "Feature",
      "properties": {
        "@id": "way/125492770",
        "leisure": "park",
        "@geometry": "center"
      },
      "geometry": {
        "type": "Point",
        "coordinates": [
          -65.4334872,
          -24.8018285
        ]
      },
      "id": "way/125492770"
    },
    {
      "type": "Feature",
      "properties": {
        "@id": "way/125508303",
        "leisure": "park",
        "@geometry": "center"
      },
      "geometry": {
        "type": "Point",
        "coordinates": [
          -65.4430086,
          -24.8534036
        ]
      },
      "id": "way/125508303"
    },
    {
      "type": "Feature",
      "properties": {
        "@id": "way/125508304",
        "leisure": "park",
        "@geometry": "center"
      },
      "geometry": {
        "type": "Point",
        "coordinates": [
          -65.4415365,
          -24.8545509
        ]
      },
      "id": "way/125508304"
    },
    {
      "type": "Feature",
      "properties": {
        "@id": "way/126357559",
        "leisure": "park",
        "@geometry": "center"
      },
      "geometry": {
        "type": "Point",
        "coordinates": [
          -65.3935468,
          -24.7235237
        ]
      },
      "id": "way/126357559"
    },
    {
      "type": "Feature",
      "properties": {
        "@id": "way/138040418",
        "leisure": "park",
        "name": "Plaza Fragata Sarmiento",
        "@geometry": "center"
      },
      "geometry": {
        "type": "Point",
        "coordinates": [
          -65.4241831,
          -24.8298984
        ]
      },
      "id": "way/138040418"
    },
    {
      "type": "Feature",
      "properties": {
        "@id": "way/193771628",
        "leisure": "park",
        "@geometry": "center"
      },
      "geometry": {
        "type": "Point",
        "coordinates": [
          -65.4078803,
          -24.7234405
        ]
      },
      "id": "way/193771628"
    },
    {
      "type": "Feature",
      "properties": {
        "@id": "way/193771631",
        "leisure": "park",
        "@geometry": "center"
      },
      "geometry": {
        "type": "Point",
        "coordinates": [
          -65.4107226,
          -24.7361953
        ]
      },
      "id": "way/193771631"
    },
    {
      "type": "Feature",
      "properties": {
        "@id": "way/193771633",
        "leisure": "park",
        "name": "Plaza República Oriental del Uruguay",
        "@geometry": "center"
      },
      "geometry": {
        "type": "Point",
        "coordinates": [
          -65.4098827,
          -24.7348087
        ]
      },
      "id": "way/193771633"
    },
    {
      "type": "Feature",
      "properties": {
        "@id": "way/196466058",
        "leisure": "park",
        "name": "Plaza Armada Argentina",
        "@geometry": "center"
      },
      "geometry": {
        "type": "Point",
        "coordinates": [
          -65.4141911,
          -24.7739247
        ]
      },
      "id": "way/196466058"
    },
    {
      "type": "Feature",
      "properties": {
        "@id": "way/196466060",
        "leisure": "park",
        "name": "Plaza Fuerza Aérea",
        "@geometry": "center"
      },
      "geometry": {
        "type": "Point",
        "coordinates": [
          -65.4143517,
          -24.7752156
        ]
      },
      "id": "way/196466060"
    },
    {
      "type": "Feature",
      "properties": {
        "@id": "way/196466063",
        "leisure": "park",
        "name": "Plaza Gendarmería Nacional",
        "@geometry": "center"
      },
      "geometry": {
        "type": "Point",
        "coordinates": [
          -65.4157022,
          -24.7738224
        ]
      },
      "id": "way/196466063"
    },
    {
      "type": "Feature",
      "properties": {
        "@id": "way/196466066",
        "leisure": "park",
        "name": "Plaza Ejército Argentino",
        "@geometry": "center"
      },
      "geometry": {
        "type": "Point",
        "coordinates": [
          -65.4158482,
          -24.7750936
        ]
      },
      "id": "way/196466066"
    },
    {
      "type": "Feature",
      "properties": {
        "@id": "way/196521282",
        "leisure": "sports_centre",
        "name": "Club Gimnasia y Tiro",
        "@geometry": "center"
      },
      "geometry": {
        "type": "Point",
        "coordinates": [
          -65.4040782,
          -24.7828935
        ]
      },
      "id": "way/196521282"
    },
    {
      "type": "Feature",
      "properties": {
        "@id": "way/196521307",
        "landuse": "public_building",
        "leisure": "park",
        "name": "Mercado Artesanal",
        "@geometry": "center"
      },
      "geometry": {
        "type": "Point",
        "coordinates": [
          -65.4385456,
          -24.7922937
        ]
      },
      "id": "way/196521307"
    },
    {
      "type": "Feature",
      "properties": {
        "@id": "way/196521309",
        "leisure": "swimming_pool",
        "name": "Natatorio Juan Domingo Perón",
        "@geometry": "center"
      },
      "geometry": {
        "type": "Point",
        "coordinates": [
          -65.4296356,
          -24.7894315
        ]
      },
      "id": "way/196521309"
    },
    {
      "type": "Feature",
      "properties": {
        "@id": "way/196521397",
        "leisure": "park",
        "name": "Plaza Simón Bolívar",
        "@geometry": "center"
      },
      "geometry": {
        "type": "Point",
        "coordinates": [
          -65.4122277,
          -24.770828
        ]
      },
      "id": "way/196521397"
    },
    {
      "type": "Feature",
      "properties": {
        "@id": "way/196521399",
        "leisure": "park",
        "name": "Plaza Isabel la Católica",
        "@geometry": "center"
      },
      "geometry": {
        "type": "Point",
        "coordinates": [
          -65.4006993,
          -24.7747788
        ]
      },
      "id": "way/196521399"
    },
    {
      "type": "Feature",
      "properties": {
        "@id": "way/196521402",
        "leisure": "park",
        "@geometry": "center"
      },
      "geometry": {
        "type": "Point",
        "coordinates": [
          -65.402059,
          -24.7757751
        ]
      },
      "id": "way/196521402"
    },
    {
      "type": "Feature",
      "properties": {
        "@id": "way/196521404",
        "leisure": "park",
        "name": "Plazoleta Asociación de Productores Asesores de Seguros de Salta",
        "@geometry": "center"
      },
      "geometry": {
        "type": "Point",
        "coordinates": [
          -65.3993398,
          -24.7741525
        ]
      },
      "id": "way/196521404"
    },
    {
      "type": "Feature",
      "properties": {
        "@id": "way/196521407",
        "leisure": "park",
        "name": "Plaza Árabe",
        "@geometry": "center"
      },
      "geometry": {
        "type": "Point",
        "coordinates": [
          -65.3981358,
          -24.7732708
        ]
      },
      "id": "way/196521407"
    },
    {
      "type": "Feature",
      "properties": {
        "@id": "way/196521412",
        "addr:city": "Salta",
        "addr:postcode": "4400",
        "leisure": "park",
        "name": "Plaza Juan Pablo II",
        "@geometry": "center"
      },
      "geometry": {
        "type": "Point",
        "coordinates": [
          -65.398396,
          -24.7232526
        ]
      },
      "id": "way/196521412"
    },
    {
      "type": "Feature",
      "properties": {
        "@id": "way/196521414",
        "landuse": "recreation_ground",
        "leisure": "park",
        "name": "Plaza \"Virgen delRosario de San Nicolas\"",
        "place": "square",
        "@geometry": "center"
      },
      "geometry": {
        "type": "Point",
        "coordinates": [
          -65.4562144,
          -24.7913649
        ]
      },
      "id": "way/196521414"
    },
    {
      "type": "Feature",
      "properties": {
        "@id": "way/196521416",
        "landuse": "recreation_ground",
        "leisure": "park",
        "name": "Plaza \"Raúl Eduardo Paesani\"",
        "place": "square",
        "@geometry": "center"
      },
      "geometry": {
        "type": "Point",
        "coordinates": [
          -65.4606045,
          -24.7904883
        ]
      },
      "id": "way/196521416"
    },
    {
      "type": "Feature",
      "properties": {
        "@id": "way/196521418",
        "leisure": "park",
        "name": "Plaza República de Chile",
        "@geometry": "center"
      },
      "geometry": {
        "type": "Point",
        "coordinates": [
          -65.3975005,
          -24.7734926
        ]
      },
      "id": "way/196521418"
    },
    {
      "type": "Feature",
      "properties": {
        "@id": "way/196532697",
        "leisure": "park",
        "name": "Plaza Sargento Cabral",
        "@geometry": "center"
      },
      "geometry": {
        "type": "Point",
        "coordinates": [
          -65.4010676,
          -24.7949026
        ]
      },
      "id": "way/196532697"
    },
    {
      "type": "Feature",
      "properties": {
        "@id": "way/196532698",
        "leisure": "park",
        "name": "Plaza Atlántico Sur",
        "@geometry": "center"
      },
      "geometry": {
        "type": "Point",
        "coordinates": [
          -65.3998016,
          -24.7949606
        ]
      },
      "id": "way/196532698"
    },
    {
      "type": "Feature",
      "properties": {
        "@id": "way/196532700",
        "leisure": "park",
        "name": "Plaza 8 de Noviembre",
        "@geometry": "center"
      },
      "geometry": {
        "type": "Point",
        "coordinates": [
          -65.4031634,
          -24.7963547
        ]
      },
      "id": "way/196532700"
    },
    {
      "type": "Feature",
      "properties": {
        "@id": "way/196532701",
        "leisure": "park",
        "name": "Plaza Coronel Vicente Torino de Viana",
        "@geometry": "center"
      },
      "geometry": {
        "type": "Point",
        "coordinates": [
          -65.4052711,
          -24.7946573
        ]
      },
      "id": "way/196532701"
    },
    {
      "type": "Feature",
      "properties": {
        "@id": "way/196532703",
        "leisure": "park",
        "name": "Plaza Italia",
        "@geometry": "center"
      },
      "geometry": {
        "type": "Point",
        "coordinates": [
          -65.4079215,
          -24.7942631
        ]
      },
      "id": "way/196532703"
    },
    {
      "type": "Feature",
      "properties": {
        "@id": "way/196532704",
        "leisure": "park",
        "name": "Plaza Francia",
        "@geometry": "center"
      },
      "geometry": {
        "type": "Point",
        "coordinates": [
          -65.4093252,
          -24.794015
        ]
      },
      "id": "way/196532704"
    },
    {
      "type": "Feature",
      "properties": {
        "@id": "way/196532705",
        "leisure": "park",
        "name": "Parque Infantil Municipal",
        "@geometry": "center"
      },
      "geometry": {
        "type": "Point",
        "coordinates": [
          -65.403902,
          -24.7960651
        ]
      },
      "id": "way/196532705"
    },
    {
      "type": "Feature",
      "properties": {
        "@id": "way/196532706",
        "leisure": "park",
        "name": "Plaza Intendente Abel Zerda",
        "@geometry": "center"
      },
      "geometry": {
        "type": "Point",
        "coordinates": [
          -65.4065313,
          -24.794379
        ]
      },
      "id": "way/196532706"
    },
    {
      "type": "Feature",
      "properties": {
        "@id": "way/196936875",
        "leisure": "sports_centre",
        "name": "Club Comercio",
        "sport": "soccer",
        "@geometry": "center"
      },
      "geometry": {
        "type": "Point",
        "coordinates": [
          -65.4038804,
          -24.7267518
        ]
      },
      "id": "way/196936875"
    },
    {
      "type": "Feature",
      "properties": {
        "@id": "way/197690359",
        "leisure": "sports_centre",
        "name": "Dirección de Deportes",
        "operator": "Secretaria de Bienestar. Universidad Nacional de Salta",
        "@geometry": "center"
      },
      "geometry": {
        "type": "Point",
        "coordinates": [
          -65.4071155,
          -24.729132
        ]
      },
      "id": "way/197690359"
    },
    {
      "type": "Feature",
      "properties": {
        "@id": "way/197690410",
        "building": "yes",
        "leisure": "sports_centre",
        "name": "Gimnasio B",
        "sport": "gymnastics",
        "@geometry": "center"
      },
      "geometry": {
        "type": "Point",
        "coordinates": [
          -65.406952,
          -24.7295458
        ]
      },
      "id": "way/197690410"
    },
    {
      "type": "Feature",
      "properties": {
        "@id": "way/197690412",
        "amenity": "place_of_worship",
        "building": "church",
        "name": "Capilla Universidad Nacional de Salta",
        "religion": "christian",
        "@geometry": "center"
      },
      "geometry": {
        "type": "Point",
        "coordinates": [
          -65.4097441,
          -24.7268813
        ]
      },
      "id": "way/197690412"
    },
    {
      "type": "Feature",
      "properties": {
        "@id": "way/197690434",
        "building": "yes",
        "leisure": "sports_centre",
        "name": "Gimnasio A",
        "sport": "gymnastics",
        "@geometry": "center"
      },
      "geometry": {
        "type": "Point",
        "coordinates": [
          -65.4073918,
          -24.7294356
        ]
      },
      "id": "way/197690434"
    },
    {
      "type": "Feature",
      "properties": {
        "@id": "way/197690510",
        "leisure": "swimming_pool",
        "name": "Pileta UNSa",
        "sport": "swimming",
        "@geometry": "center"
      },
      "geometry": {
        "type": "Point",
        "coordinates": [
          -65.4070148,
          -24.7289254
        ]
      },
      "id": "way/197690510"
    },
    {
      "type": "Feature",
      "properties": {
        "@id": "way/197690511",
        "leisure": "pitch",
        "sport": "soccer",
        "@geometry": "center"
      },
      "geometry": {
        "type": "Point",
        "coordinates": [
          -65.4059206,
          -24.7283397
        ]
      },
      "id": "way/197690511"
    },
    {
      "type": "Feature",
      "properties": {
        "@id": "way/197690512",
        "leisure": "pitch",
        "name": "Cancha de Fútbol PAU",
        "sport": "soccer",
        "@geometry": "center"
      },
      "geometry": {
        "type": "Point",
        "coordinates": [
          -65.4058345,
          -24.727218
        ]
      },
      "id": "way/197690512"
    },
    {
      "type": "Feature",
      "properties": {
        "@id": "way/197690513",
        "leisure": "pitch",
        "sport": "soccer",
        "@geometry": "center"
      },
      "geometry": {
        "type": "Point",
        "coordinates": [
          -65.4061225,
          -24.729443
        ]
      },
      "id": "way/197690513"
    },
    {
      "type": "Feature",
      "properties": {
        "@id": "way/197690515",
        "leisure": "pitch",
        "name": "Cancha de Hockey",
        "sport": "field_hockey",
        "@geometry": "center"
      },
      "geometry": {
        "type": "Point",
        "coordinates": [
          -65.4069585,
          -24.7283061
        ]
      },
      "id": "way/197690515"
    },
    {
      "type": "Feature",
      "properties": {
        "@id": "way/197690516",
        "leisure": "pitch",
        "name": "Cancha de Rugby",
        "sport": "rugby",
        "@geometry": "center"
      },
      "geometry": {
        "type": "Point",
        "coordinates": [
          -65.4081043,
          -24.729346
        ]
      },
      "id": "way/197690516"
    },
    {
      "type": "Feature",
      "properties": {
        "@id": "way/197817040",
        "leisure": "park",
        "@geometry": "center"
      },
      "geometry": {
        "type": "Point",
        "coordinates": [
          -65.4093301,
          -24.7831635
        ]
      },
      "id": "way/197817040"
    },
    {
      "type": "Feature",
      "properties": {
        "@id": "way/197817065",
        "addr:city": "Salta",
        "addr:housenumber": "1251",
        "addr:street": "España",
        "leisure": "sports_centre",
        "name": "Complejo Don Bosco",
        "@geometry": "center"
      },
      "geometry": {
        "type": "Point",
        "coordinates": [
          -65.4197687,
          -24.7874474
        ]
      },
      "id": "way/197817065"
    },
    {
      "type": "Feature",
      "properties": {
        "@id": "way/197841966",
        "leisure": "park",
        "@geometry": "center"
      },
      "geometry": {
        "type": "Point",
        "coordinates": [
          -65.442817,
          -24.8554609
        ]
      },
      "id": "way/197841966"
    },
    {
      "type": "Feature",
      "properties": {
        "@id": "way/197841967",
        "leisure": "park",
        "@geometry": "center"
      },
      "geometry": {
        "type": "Point",
        "coordinates": [
          -65.4412652,
          -24.8589938
        ]
      },
      "id": "way/197841967"
    },
    {
      "type": "Feature",
      "properties": {
        "@id": "way/197841968",
        "leisure": "park",
        "@geometry": "center"
      },
      "geometry": {
        "type": "Point",
        "coordinates": [
          -65.441664,
          -24.8533828
        ]
      },
      "id": "way/197841968"
    },
    {
      "type": "Feature",
      "properties": {
        "@id": "way/197841969",
        "leisure": "park",
        "@geometry": "center"
      },
      "geometry": {
        "type": "Point",
        "coordinates": [
          -65.4400663,
          -24.8525179
        ]
      },
      "id": "way/197841969"
    },
    {
      "type": "Feature",
      "properties": {
        "@id": "way/197841970",
        "leisure": "park",
        "@geometry": "center"
      },
      "geometry": {
        "type": "Point",
        "coordinates": [
          -65.4384032,
          -24.8559019
        ]
      },
      "id": "way/197841970"
    },
    {
      "type": "Feature",
      "properties": {
        "@id": "way/197841971",
        "leisure": "park",
        "@geometry": "center"
      },
      "geometry": {
        "type": "Point",
        "coordinates": [
          -65.4422711,
          -24.8574627
        ]
      },
      "id": "way/197841971"
    },
    {
      "type": "Feature",
      "properties": {
        "@id": "way/197841972",
        "leisure": "park",
        "@geometry": "center"
      },
      "geometry": {
        "type": "Point",
        "coordinates": [
          -65.4440641,
          -24.8567743
        ]
      },
      "id": "way/197841972"
    },
    {
      "type": "Feature",
      "properties": {
        "@id": "way/197841973",
        "leisure": "park",
        "@geometry": "center"
      },
      "geometry": {
        "type": "Point",
        "coordinates": [
          -65.4386569,
          -24.8535915
        ]
      },
      "id": "way/197841973"
    },
    {
      "type": "Feature",
      "properties": {
        "@id": "way/197841974",
        "leisure": "park",
        "@geometry": "center"
      },
      "geometry": {
        "type": "Point",
        "coordinates": [
          -65.445322,
          -24.8552668
        ]
      },
      "id": "way/197841974"
    },
    {
      "type": "Feature",
      "properties": {
        "@id": "way/197841975",
        "leisure": "park",
        "@geometry": "center"
      },
      "geometry": {
        "type": "Point",
        "coordinates": [
          -65.4415209,
          -24.8513781
        ]
      },
      "id": "way/197841975"
    },
    {
      "type": "Feature",
      "properties": {
        "@id": "way/197841976",
        "leisure": "park",
        "@geometry": "center"
      },
      "geometry": {
        "type": "Point",
        "coordinates": [
          -65.4400257,
          -24.8576439
        ]
      },
      "id": "way/197841976"
    },
    {
      "type": "Feature",
      "properties": {
        "@id": "way/197841977",
        "leisure": "park",
        "@geometry": "center"
      },
      "geometry": {
        "type": "Point",
        "coordinates": [
          -65.4401846,
          -24.8552284
        ]
      },
      "id": "way/197841977"
    },
    {
      "type": "Feature",
      "properties": {
        "@id": "way/197843533",
        "leisure": "park",
        "@geometry": "center"
      },
      "geometry": {
        "type": "Point",
        "coordinates": [
          -65.4389518,
          -24.8470445
        ]
      },
      "id": "way/197843533"
    },
    {
      "type": "Feature",
      "properties": {
        "@id": "way/197843534",
        "leisure": "park",
        "@geometry": "center"
      },
      "geometry": {
        "type": "Point",
        "coordinates": [
          -65.4398316,
          -24.8480484
        ]
      },
      "id": "way/197843534"
    },
    {
      "type": "Feature",
      "properties": {
        "@id": "way/197843535",
        "leisure": "park",
        "@geometry": "center"
      },
      "geometry": {
        "type": "Point",
        "coordinates": [
          -65.4328062,
          -24.8436353
        ]
      },
      "id": "way/197843535"
    },
    {
      "type": "Feature",
      "properties": {
        "@id": "way/197843536",
        "leisure": "park",
        "@geometry": "center"
      },
      "geometry": {
        "type": "Point",
        "coordinates": [
          -65.4323092,
          -24.8539441
        ]
      },
      "id": "way/197843536"
    },
    {
      "type": "Feature",
      "properties": {
        "@id": "way/197843537",
        "leisure": "park",
        "@geometry": "center"
      },
      "geometry": {
        "type": "Point",
        "coordinates": [
          -65.430195,
          -24.8468565
        ]
      },
      "id": "way/197843537"
    },
    {
      "type": "Feature",
      "properties": {
        "@id": "way/197843538",
        "leisure": "park",
        "@geometry": "center"
      },
      "geometry": {
        "type": "Point",
        "coordinates": [
          -65.3977325,
          -24.833498
        ]
      },
      "id": "way/197843538"
    },
    {
      "type": "Feature",
      "properties": {
        "@id": "way/197843539",
        "leisure": "park",
        "@geometry": "center"
      },
      "geometry": {
        "type": "Point",
        "coordinates": [
          -65.4339526,
          -24.8478505
        ]
      },
      "id": "way/197843539"
    },
    {
      "type": "Feature",
      "properties": {
        "@id": "way/197843540",
        "leisure": "park",
        "name": "Plaza Hernán Figueroa Reyes",
        "@geometry": "center"
      },
      "geometry": {
        "type": "Point",
        "coordinates": [
          -65.4321739,
          -24.857192
        ]
      },
      "id": "way/197843540"
    },
    {
      "type": "Feature",
      "properties": {
        "@id": "way/197843541",
        "leisure": "park",
        "@geometry": "center"
      },
      "geometry": {
        "type": "Point",
        "coordinates": [
          -65.4316548,
          -24.8505967
        ]
      },
      "id": "way/197843541"
    },
    {
      "type": "Feature",
      "properties": {
        "@id": "way/197843542",
        "leisure": "park",
        "@geometry": "center"
      },
      "geometry": {
        "type": "Point",
        "coordinates": [
          -65.4325795,
          -24.8427251
        ]
      },
      "id": "way/197843542"
    },
    {
      "type": "Feature",
      "properties": {
        "@id": "way/197843543",
        "leisure": "park",
        "@geometry": "center"
      },
      "geometry": {
        "type": "Point",
        "coordinates": [
          -65.4324428,
          -24.8420151
        ]
      },
      "id": "way/197843543"
    },
    {
      "type": "Feature",
      "properties": {
        "@id": "way/197843544",
        "leisure": "park",
        "@geometry": "center"
      },
      "geometry": {
        "type": "Point",
        "coordinates": [
          -65.4403186,
          -24.8479806
        ]
      },
      "id": "way/197843544"
    },
    {
      "type": "Feature",
      "properties": {
        "@id": "way/197873813",
        "leisure": "park",
        "@geometry": "center"
      },
      "geometry": {
        "type": "Point",
        "coordinates": [
          -65.4434319,
          -24.7772121
        ]
      },
      "id": "way/197873813"
    },
    {
      "type": "Feature",
      "properties": {
        "@id": "way/197937372",
        "leisure": "park",
        "name": "Plaza Alfonsina Storni",
        "@geometry": "center"
      },
      "geometry": {
        "type": "Point",
        "coordinates": [
          -65.3933071,
          -24.7721343
        ]
      },
      "id": "way/197937372"
    },
    {
      "type": "Feature",
      "properties": {
        "@id": "way/197937375",
        "fee": "yes",
        "leisure": "sports_centre",
        "name": "Sporting Club",
        "@geometry": "center"
      },
      "geometry": {
        "type": "Point",
        "coordinates": [
          -65.3947436,
          -24.7761133
        ]
      },
      "id": "way/197937375"
    },
    {
      "type": "Feature",
      "properties": {
        "@id": "way/197937382",
        "leisure": "park",
        "@geometry": "center"
      },
      "geometry": {
        "type": "Point",
        "coordinates": [
          -65.3973539,
          -24.7575192
        ]
      },
      "id": "way/197937382"
    },
    {
      "type": "Feature",
      "properties": {
        "@id": "way/197938515",
        "amenity": "place_of_worship",
        "religion": "christian",
        "@geometry": "center"
      },
      "geometry": {
        "type": "Point",
        "coordinates": [
          -65.4035078,
          -24.7906808
        ]
      },
      "id": "way/197938515"
    },
    {
      "type": "Feature",
      "properties": {
        "@id": "way/197940997",
        "leisure": "pitch",
        "@geometry": "center"
      },
      "geometry": {
        "type": "Point",
        "coordinates": [
          -65.4025277,
          -24.7965695
        ]
      },
      "id": "way/197940997"
    },
    {
      "type": "Feature",
      "properties": {
        "@id": "way/197940998",
        "leisure": "swimming_pool",
        "@geometry": "center"
      },
      "geometry": {
        "type": "Point",
        "coordinates": [
          -65.4023294,
          -24.7963201
        ]
      },
      "id": "way/197940998"
    },
    {
      "type": "Feature",
      "properties": {
        "@id": "way/197940999",
        "leisure": "pitch",
        "@geometry": "center"
      },
      "geometry": {
        "type": "Point",
        "coordinates": [
          -65.4021886,
          -24.7965893
        ]
      },
      "id": "way/197940999"
    },
    {
      "type": "Feature",
      "properties": {
        "@id": "way/197944657",
        "leisure": "park",
        "name": "Campo La Cruz",
        "@geometry": "center"
      },
      "geometry": {
        "type": "Point",
        "coordinates": [
          -65.4196397,
          -24.771811
        ]
      },
      "id": "way/197944657"
    },
    {
      "type": "Feature",
      "properties": {
        "@id": "way/198222348",
        "leisure": "park",
        "@geometry": "center"
      },
      "geometry": {
        "type": "Point",
        "coordinates": [
          -65.4507742,
          -24.7818563
        ]
      },
      "id": "way/198222348"
    },
    {
      "type": "Feature",
      "properties": {
        "@id": "way/198226376",
        "leisure": "pitch",
        "@geometry": "center"
      },
      "geometry": {
        "type": "Point",
        "coordinates": [
          -65.4217124,
          -24.7782298
        ]
      },
      "id": "way/198226376"
    },
    {
      "type": "Feature",
      "properties": {
        "@id": "way/198226379",
        "leisure": "pitch",
        "@geometry": "center"
      },
      "geometry": {
        "type": "Point",
        "coordinates": [
          -65.4217643,
          -24.7756871
        ]
      },
      "id": "way/198226379"
    },
    {
      "type": "Feature",
      "properties": {
        "@id": "way/198226381",
        "leisure": "pitch",
        "@geometry": "center"
      },
      "geometry": {
        "type": "Point",
        "coordinates": [
          -65.4220955,
          -24.7800778
        ]
      },
      "id": "way/198226381"
    },
    {
      "type": "Feature",
      "properties": {
        "@id": "way/198226386",
        "leisure": "swimming_pool",
        "@geometry": "center"
      },
      "geometry": {
        "type": "Point",
        "coordinates": [
          -65.4228911,
          -24.7799202
        ]
      },
      "id": "way/198226386"
    },
    {
      "type": "Feature",
      "properties": {
        "@id": "way/198226388",
        "leisure": "pitch",
        "@geometry": "center"
      },
      "geometry": {
        "type": "Point",
        "coordinates": [
          -65.4233022,
          -24.7768495
        ]
      },
      "id": "way/198226388"
    },
    {
      "type": "Feature",
      "properties": {
        "@id": "way/198226391",
        "leisure": "pitch",
        "@geometry": "center"
      },
      "geometry": {
        "type": "Point",
        "coordinates": [
          -65.4459282,
          -24.7767794
        ]
      },
      "id": "way/198226391"
    },
    {
      "type": "Feature",
      "properties": {
        "@id": "way/198226393",
        "leisure": "pitch",
        "@geometry": "center"
      },
      "geometry": {
        "type": "Point",
        "coordinates": [
          -65.4457785,
          -24.7774019
        ]
      },
      "id": "way/198226393"
    },
    {
      "type": "Feature",
      "properties": {
        "@id": "way/198226395",
        "leisure": "pitch",
        "@geometry": "center"
      },
      "geometry": {
        "type": "Point",
        "coordinates": [
          -65.423533,
          -24.7795473
        ]
      },
      "id": "way/198226395"
    },
    {
      "type": "Feature",
      "properties": {
        "@id": "way/198226398",
        "leisure": "pitch",
        "@geometry": "center"
      },
      "geometry": {
        "type": "Point",
        "coordinates": [
          -65.4448707,
          -24.7777246
        ]
      },
      "id": "way/198226398"
    },
    {
      "type": "Feature",
      "properties": {
        "@id": "way/198226401",
        "leisure": "pitch",
        "@geometry": "center"
      },
      "geometry": {
        "type": "Point",
        "coordinates": [
          -65.4217527,
          -24.780092
        ]
      },
      "id": "way/198226401"
    },
    {
      "type": "Feature",
      "properties": {
        "@id": "way/198226402",
        "leisure": "pitch",
        "sport": "soccer",
        "@geometry": "center"
      },
      "geometry": {
        "type": "Point",
        "coordinates": [
          -65.4229583,
          -24.7773807
        ]
      },
      "id": "way/198226402"
    },
    {
      "type": "Feature",
      "properties": {
        "@id": "way/198226404",
        "leisure": "pitch",
        "@geometry": "center"
      },
      "geometry": {
        "type": "Point",
        "coordinates": [
          -65.4214027,
          -24.7800616
        ]
      },
      "id": "way/198226404"
    },
    {
      "type": "Feature",
      "properties": {
        "@id": "way/198226405",
        "leisure": "swimming_pool",
        "@geometry": "center"
      },
      "geometry": {
        "type": "Point",
        "coordinates": [
          -65.4229859,
          -24.779913
        ]
      },
      "id": "way/198226405"
    },
    {
      "type": "Feature",
      "properties": {
        "@id": "way/198226406",
        "leisure": "pitch",
        "@geometry": "center"
      },
      "geometry": {
        "type": "Point",
        "coordinates": [
          -65.4453606,
          -24.7782005
        ]
      },
      "id": "way/198226406"
    },
    {
      "type": "Feature",
      "properties": {
        "@id": "way/198226409",
        "layer": "-1",
        "leisure": "sports_centre",
        "@geometry": "center"
      },
      "geometry": {
        "type": "Point",
        "coordinates": [
          -65.4218228,
          -24.7791284
        ]
      },
      "id": "way/198226409"
    },
    {
      "type": "Feature",
      "properties": {
        "@id": "way/198229339",
        "amenity": "place_of_worship",
        "building": "church",
        "denomination": "catholic",
        "name": "Iglesia Nuestra Señora de la Candelaria de la Viña",
        "religion": "christian",
        "wikidata": "Q5561211",
        "@geometry": "center"
      },
      "geometry": {
        "type": "Point",
        "coordinates": [
          -65.4110879,
          -24.7958257
        ]
      },
      "id": "way/198229339"
    },
    {
      "type": "Feature",
      "properties": {
        "@id": "way/198236309",
        "leisure": "pitch",
        "@geometry": "center"
      },
      "geometry": {
        "type": "Point",
        "coordinates": [
          -65.435647,
          -24.851998
        ]
      },
      "id": "way/198236309"
    },
    {
      "type": "Feature",
      "properties": {
        "@id": "way/198236310",
        "leisure": "pitch",
        "@geometry": "center"
      },
      "geometry": {
        "type": "Point",
        "coordinates": [
          -65.4211109,
          -24.8226722
        ]
      },
      "id": "way/198236310"
    },
    {
      "type": "Feature",
      "properties": {
        "@id": "way/198236311",
        "leisure": "pitch",
        "name": "C. de Futbol",
        "sport": "soccer",
        "surface": "ground",
        "@geometry": "center"
      },
      "geometry": {
        "type": "Point",
        "coordinates": [
          -65.4007126,
          -24.7466299
        ]
      },
      "id": "way/198236311"
    },
    {
      "type": "Feature",
      "properties": {
        "@id": "way/198236312",
        "leisure": "pitch",
        "@geometry": "center"
      },
      "geometry": {
        "type": "Point",
        "coordinates": [
          -65.4316787,
          -24.8345867
        ]
      },
      "id": "way/198236312"
    },
    {
      "type": "Feature",
      "properties": {
        "@id": "way/198236313",
        "leisure": "pitch",
        "name": "C. de Futbol",
        "sport": "soccer",
        "surface": "ground",
        "@geometry": "center"
      },
      "geometry": {
        "type": "Point",
        "coordinates": [
          -65.3940204,
          -24.7381729
        ]
      },
      "id": "way/198236313"
    },
    {
      "type": "Feature",
      "properties": {
        "@id": "way/198236314",
        "leisure": "pitch",
        "name": "Club Atlético Sanidad",
        "sport": "soccer",
        "@geometry": "center"
      },
      "geometry": {
        "type": "Point",
        "coordinates": [
          -65.4090856,
          -24.7330169
        ]
      },
      "id": "way/198236314"
    },
    {
      "type": "Feature",
      "properties": {
        "@id": "way/198236316",
        "leisure": "pitch",
        "@geometry": "center"
      },
      "geometry": {
        "type": "Point",
        "coordinates": [
          -65.4351527,
          -24.8526018
        ]
      },
      "id": "way/198236316"
    },
    {
      "type": "Feature",
      "properties": {
        "@id": "way/198236317",
        "leisure": "pitch",
        "sport": "rugby_league",
        "@geometry": "center"
      },
      "geometry": {
        "type": "Point",
        "coordinates": [
          -65.4324829,
          -24.8324552
        ]
      },
      "id": "way/198236317"
    },
    {
      "type": "Feature",
      "properties": {
        "@id": "way/198236318",
        "leisure": "pitch",
        "name": "Cancha de futbol",
        "sport": "soccer",
        "@geometry": "center"
      },
      "geometry": {
        "type": "Point",
        "coordinates": [
          -65.395956,
          -24.7376474
        ]
      },
      "id": "way/198236318"
    },
    {
      "type": "Feature",
      "properties": {
        "@id": "way/198236319",
        "leisure": "pitch",
        "name": "Cancha",
        "sport": "soccer",
        "@geometry": "center"
      },
      "geometry": {
        "type": "Point",
        "coordinates": [
          -65.4000139,
          -24.7465956
        ]
      },
      "id": "way/198236319"
    },
    {
      "type": "Feature",
      "properties": {
        "@id": "way/198236320",
        "leisure": "pitch",
        "@geometry": "center"
      },
      "geometry": {
        "type": "Point",
        "coordinates": [
          -65.4333609,
          -24.832336
        ]
      },
      "id": "way/198236320"
    },
    {
      "type": "Feature",
      "properties": {
        "@id": "way/198236321",
        "leisure": "pitch",
        "@geometry": "center"
      },
      "geometry": {
        "type": "Point",
        "coordinates": [
          -65.4346803,
          -24.8530895
        ]
      },
      "id": "way/198236321"
    },
    {
      "type": "Feature",
      "properties": {
        "@id": "way/198236322",
        "leisure": "swimming_pool",
        "@geometry": "center"
      },
      "geometry": {
        "type": "Point",
        "coordinates": [
          -65.4415608,
          -24.8460928
        ]
      },
      "id": "way/198236322"
    },
    {
      "type": "Feature",
      "properties": {
        "@id": "way/198236323",
        "leisure": "pitch",
        "@geometry": "center"
      },
      "geometry": {
        "type": "Point",
        "coordinates": [
          -65.4233454,
          -24.8224764
        ]
      },
      "id": "way/198236323"
    },
    {
      "type": "Feature",
      "properties": {
        "@id": "way/198236324",
        "leisure": "pitch",
        "name": "Cancha",
        "sport": "soccer",
        "@geometry": "center"
      },
      "geometry": {
        "type": "Point",
        "coordinates": [
          -65.3930173,
          -24.7391324
        ]
      },
      "id": "way/198236324"
    },
    {
      "type": "Feature",
      "properties": {
        "@id": "way/198236325",
        "leisure": "pitch",
        "name": "Cabcha de futbol",
        "sport": "soccer",
        "@geometry": "center"
      },
      "geometry": {
        "type": "Point",
        "coordinates": [
          -65.4019064,
          -24.746717
        ]
      },
      "id": "way/198236325"
    },
    {
      "type": "Feature",
      "properties": {
        "@id": "way/198236326",
        "leisure": "pitch",
        "@geometry": "center"
      },
      "geometry": {
        "type": "Point",
        "coordinates": [
          -65.4363312,
          -24.8541411
        ]
      },
      "id": "way/198236326"
    },
    {
      "type": "Feature",
      "properties": {
        "@id": "way/198236327",
        "leisure": "pitch",
        "@geometry": "center"
      },
      "geometry": {
        "type": "Point",
        "coordinates": [
          -65.420697,
          -24.8212994
        ]
      },
      "id": "way/198236327"
    },
    {
      "type": "Feature",
      "properties": {
        "@id": "way/198236328",
        "leisure": "pitch",
        "name": "C. de Futbol",
        "sport": "soccer",
        "surface": "ground",
        "@geometry": "center"
      },
      "geometry": {
        "type": "Point",
        "coordinates": [
          -65.4013086,
          -24.746562
        ]
      },
      "id": "way/198236328"
    },
    {
      "type": "Feature",
      "properties": {
        "@id": "way/198236329",
        "leisure": "swimming_pool",
        "@geometry": "center"
      },
      "geometry": {
        "type": "Point",
        "coordinates": [
          -65.4416174,
          -24.8464296
        ]
      },
      "id": "way/198236329"
    },
    {
      "type": "Feature",
      "properties": {
        "@id": "way/198236330",
        "leisure": "pitch",
        "@geometry": "center"
      },
      "geometry": {
        "type": "Point",
        "coordinates": [
          -65.4337959,
          -24.8326376
        ]
      },
      "id": "way/198236330"
    },
    {
      "type": "Feature",
      "properties": {
        "@id": "way/198236331",
        "leisure": "pitch",
        "name": "Cancha de futbol",
        "sport": "soccer",
        "@geometry": "center"
      },
      "geometry": {
        "type": "Point",
        "coordinates": [
          -65.3947518,
          -24.7395978
        ]
      },
      "id": "way/198236331"
    },
    {
      "type": "Feature",
      "properties": {
        "@id": "way/198236332",
        "leisure": "pitch",
        "@geometry": "center"
      },
      "geometry": {
        "type": "Point",
        "coordinates": [
          -65.4233642,
          -24.8234446
        ]
      },
      "id": "way/198236332"
    },
    {
      "type": "Feature",
      "properties": {
        "@id": "way/198236333",
        "leisure": "pitch",
        "name": "cancha de futbol",
        "sport": "soccer",
        "@geometry": "center"
      },
      "geometry": {
        "type": "Point",
        "coordinates": [
          -65.3991611,
          -24.7466182
        ]
      },
      "id": "way/198236333"
    },
    {
      "type": "Feature",
      "properties": {
        "@id": "way/198236334",
        "leisure": "pitch",
        "@geometry": "center"
      },
      "geometry": {
        "type": "Point",
        "coordinates": [
          -65.4318236,
          -24.8335186
        ]
      },
      "id": "way/198236334"
    },
    {
      "type": "Feature",
      "properties": {
        "@id": "way/198236335",
        "leisure": "pitch",
        "name": "cancha de futbol",
        "sport": "soccer",
        "@geometry": "center"
      },
      "geometry": {
        "type": "Point",
        "coordinates": [
          -65.4004324,
          -24.7456591
        ]
      },
      "id": "way/198236335"
    },
    {
      "type": "Feature",
      "properties": {
        "@id": "way/198236336",
        "leisure": "pitch",
        "@geometry": "center"
      },
      "geometry": {
        "type": "Point",
        "coordinates": [
          -65.4198494,
          -24.8230316
        ]
      },
      "id": "way/198236336"
    },
    {
      "type": "Feature",
      "properties": {
        "@id": "way/198236337",
        "leisure": "pitch",
        "@geometry": "center"
      },
      "geometry": {
        "type": "Point",
        "coordinates": [
          -65.4356845,
          -24.8533871
        ]
      },
      "id": "way/198236337"
    },
    {
      "type": "Feature",
      "properties": {
        "@id": "way/198236338",
        "leisure": "pitch",
        "@geometry": "center"
      },
      "geometry": {
        "type": "Point",
        "coordinates": [
          -65.4205843,
          -24.8202759
        ]
      },
      "id": "way/198236338"
    },
    {
      "type": "Feature",
      "properties": {
        "@id": "way/198236339",
        "leisure": "pitch",
        "@geometry": "center"
      },
      "geometry": {
        "type": "Point",
        "coordinates": [
          -65.4363832,
          -24.8514853
        ]
      },
      "id": "way/198236339"
    },
    {
      "type": "Feature",
      "properties": {
        "@id": "way/198236340",
        "leisure": "pitch",
        "name": "cancha de futbol",
        "sport": "soccer",
        "@geometry": "center"
      },
      "geometry": {
        "type": "Point",
        "coordinates": [
          -65.4010023,
          -24.7454743
        ]
      },
      "id": "way/198236340"
    },
    {
      "type": "Feature",
      "properties": {
        "@id": "way/198236341",
        "leisure": "pitch",
        "@geometry": "center"
      },
      "geometry": {
        "type": "Point",
        "coordinates": [
          -65.4420982,
          -24.8459008
        ]
      },
      "id": "way/198236341"
    },
    {
      "type": "Feature",
      "properties": {
        "@id": "way/198236343",
        "leisure": "pitch",
        "@geometry": "center"
      },
      "geometry": {
        "type": "Point",
        "coordinates": [
          -65.4206914,
          -24.8235099
        ]
      },
      "id": "way/198236343"
    },
    {
      "type": "Feature",
      "properties": {
        "@id": "way/198236344",
        "leisure": "pitch",
        "name": "cancha de futbol",
        "sport": "soccer",
        "@geometry": "center"
      },
      "geometry": {
        "type": "Point",
        "coordinates": [
          -65.3942124,
          -24.7387299
        ]
      },
      "id": "way/198236344"
    },
    {
      "type": "Feature",
      "properties": {
        "@id": "way/198236345",
        "leisure": "pitch",
        "@geometry": "center"
      },
      "geometry": {
        "type": "Point",
        "coordinates": [
          -65.4357208,
          -24.8546334
        ]
      },
      "id": "way/198236345"
    },
    {
      "type": "Feature",
      "properties": {
        "@id": "way/198236346",
        "leisure": "pitch",
        "@geometry": "center"
      },
      "geometry": {
        "type": "Point",
        "coordinates": [
          -65.4203257,
          -24.8237212
        ]
      },
      "id": "way/198236346"
    },
    {
      "type": "Feature",
      "properties": {
        "@id": "way/198236347",
        "leisure": "park",
        "@geometry": "center"
      },
      "geometry": {
        "type": "Point",
        "coordinates": [
          -65.4254605,
          -24.8064727
        ]
      },
      "id": "way/198236347"
    },
    {
      "type": "Feature",
      "properties": {
        "@id": "way/198602698",
        "alt_name": "Plaza de La Legislatura",
        "leisure": "park",
        "name": "Plaza General Güemes",
        "wikidata": "Q21847767",
        "@geometry": "center"
      },
      "geometry": {
        "type": "Point",
        "coordinates": [
          -65.4110575,
          -24.7830483
        ]
      },
      "id": "way/198602698"
    },
    {
      "type": "Feature",
      "properties": {
        "@id": "way/201846500",
        "leisure": "park",
        "@geometry": "center"
      },
      "geometry": {
        "type": "Point",
        "coordinates": [
          -65.4072992,
          -24.7348502
        ]
      },
      "id": "way/201846500"
    },
    {
      "type": "Feature",
      "properties": {
        "@id": "way/201987914",
        "amenity": "place_of_worship",
        "building": "church",
        "denomination": "catholic",
        "name": "Parroquia Nuestra Señora de Fátima",
        "religion": "christian",
        "@geometry": "center"
      },
      "geometry": {
        "type": "Point",
        "coordinates": [
          -65.4291224,
          -24.7883819
        ]
      },
      "id": "way/201987914"
    },
    {
      "type": "Feature",
      "properties": {
        "@id": "way/202318778",
        "leisure": "swimming_pool",
        "@geometry": "center"
      },
      "geometry": {
        "type": "Point",
        "coordinates": [
          -65.4092811,
          -24.7321606
        ]
      },
      "id": "way/202318778"
    },
    {
      "type": "Feature",
      "properties": {
        "@id": "way/202320938",
        "leisure": "swimming_pool",
        "location": "indoor",
        "@geometry": "center"
      },
      "geometry": {
        "type": "Point",
        "coordinates": [
          -65.3945844,
          -24.7404079
        ]
      },
      "id": "way/202320938"
    },
    {
      "type": "Feature",
      "properties": {
        "@id": "way/202321919",
        "layer": "-1",
        "leisure": "park",
        "name": "Casona de Castañares",
        "@geometry": "center"
      },
      "geometry": {
        "type": "Point",
        "coordinates": [
          -65.3962531,
          -24.7315775
        ]
      },
      "id": "way/202321919"
    },
    {
      "type": "Feature",
      "properties": {
        "@id": "way/202423784",
        "leisure": "park",
        "@geometry": "center"
      },
      "geometry": {
        "type": "Point",
        "coordinates": [
          -65.3968637,
          -24.8422378
        ]
      },
      "id": "way/202423784"
    },
    {
      "type": "Feature",
      "properties": {
        "@id": "way/202423788",
        "leisure": "park",
        "@geometry": "center"
      },
      "geometry": {
        "type": "Point",
        "coordinates": [
          -65.3970095,
          -24.8407993
        ]
      },
      "id": "way/202423788"
    },
    {
      "type": "Feature",
      "properties": {
        "@id": "way/208023013",
        "addr:housenumber": "747",
        "addr:street": "Avenida Entre Ríos",
        "leisure": "sports_centre",
        "name": "Club Sociedad Española",
        "@geometry": "center"
      },
      "geometry": {
        "type": "Point",
        "coordinates": [
          -65.4122904,
          -24.7815034
        ]
      },
      "id": "way/208023013"
    },
    {
      "type": "Feature",
      "properties": {
        "@id": "way/208032286",
        "leisure": "pitch",
        "sport": "tennis",
        "@geometry": "center"
      },
      "geometry": {
        "type": "Point",
        "coordinates": [
          -65.4039861,
          -24.7819119
        ]
      },
      "id": "way/208032286"
    },
    {
      "type": "Feature",
      "properties": {
        "@id": "way/208043758",
        "access": "private",
        "leisure": "swimming_pool",
        "@geometry": "center"
      },
      "geometry": {
        "type": "Point",
        "coordinates": [
          -65.435705,
          -24.8326389
        ]
      },
      "id": "way/208043758"
    },
    {
      "type": "Feature",
      "properties": {
        "@id": "way/232597246",
        "leisure": "pitch",
        "sport": "soccer",
        "surface": "grass",
        "@geometry": "center"
      },
      "geometry": {
        "type": "Point",
        "coordinates": [
          -65.406825,
          -24.7983331
        ]
      },
      "id": "way/232597246"
    },
    {
      "type": "Feature",
      "properties": {
        "@id": "way/234203835",
        "leisure": "sports_centre",
        "name": "Cachorros",
        "@geometry": "center"
      },
      "geometry": {
        "type": "Point",
        "coordinates": [
          -65.4568752,
          -24.8407945
        ]
      },
      "id": "way/234203835"
    },
    {
      "type": "Feature",
      "properties": {
        "@id": "way/236502173",
        "leisure": "park",
        "@geometry": "center"
      },
      "geometry": {
        "type": "Point",
        "coordinates": [
          -65.4421392,
          -24.7801274
        ]
      },
      "id": "way/236502173"
    },
    {
      "type": "Feature",
      "properties": {
        "@id": "way/236503061",
        "leisure": "park",
        "name": "Plazoleta 1° de Mayo",
        "@geometry": "center"
      },
      "geometry": {
        "type": "Point",
        "coordinates": [
          -65.4314303,
          -24.8028177
        ]
      },
      "id": "way/236503061"
    },
    {
      "type": "Feature",
      "properties": {
        "@id": "way/236507224",
        "leisure": "park",
        "@geometry": "center"
      },
      "geometry": {
        "type": "Point",
        "coordinates": [
          -65.4326425,
          -24.801866
        ]
      },
      "id": "way/236507224"
    },
    {
      "type": "Feature",
      "properties": {
        "@id": "way/239335528",
        "leisure": "park",
        "name": "Pza. Macacha Güemes",
        "@geometry": "center"
      },
      "geometry": {
        "type": "Point",
        "coordinates": [
          -65.4135443,
          -24.8053857
        ]
      },
      "id": "way/239335528"
    },
    {
      "type": "Feature",
      "properties": {
        "@id": "way/246744956",
        "leisure": "park",
        "name": "Plazoleta Santa Cecilia",
        "@geometry": "center"
      },
      "geometry": {
        "type": "Point",
        "coordinates": [
          -65.3965008,
          -24.8285595
        ]
      },
      "id": "way/246744956"
    },
    {
      "type": "Feature",
      "properties": {
        "@id": "way/246744988",
        "leisure": "park",
        "@geometry": "center"
      },
      "geometry": {
        "type": "Point",
        "coordinates": [
          -65.3946174,
          -24.8281895
        ]
      },
      "id": "way/246744988"
    },
    {
      "type": "Feature",
      "properties": {
        "@id": "way/246745090",
        "leisure": "park",
        "@geometry": "center"
      },
      "geometry": {
        "type": "Point",
        "coordinates": [
          -65.3874642,
          -24.8395548
        ]
      },
      "id": "way/246745090"
    },
    {
      "type": "Feature",
      "properties": {
        "@id": "way/256800684",
        "addr:city": "Salta",
        "addr:postcode": "4400",
        "addr:street": "Avenida Batalla de Salta",
        "amenity": "place_of_worship",
        "building": "yes",
        "denomination": "evangelical",
        "name": "Iglesia Universal",
        "religion": "christian",
        "@geometry": "center"
      },
      "geometry": {
        "type": "Point",
        "coordinates": [
          -65.4053504,
          -24.7204752
        ]
      },
      "id": "way/256800684"
    },
    {
      "type": "Feature",
      "properties": {
        "@id": "way/267218703",
        "leisure": "sports_centre",
        "name": "Playon IEM",
        "@geometry": "center"
      },
      "geometry": {
        "type": "Point",
        "coordinates": [
          -65.4054548,
          -24.7262364
        ]
      },
      "id": "way/267218703"
    },
    {
      "type": "Feature",
      "properties": {
        "@id": "way/267218709",
        "leisure": "sports_centre",
        "name": "Quincho PAU",
        "@geometry": "center"
      },
      "geometry": {
        "type": "Point",
        "coordinates": [
          -65.4053244,
          -24.7273041
        ]
      },
      "id": "way/267218709"
    },
    {
      "type": "Feature",
      "properties": {
        "@id": "way/291758855",
        "leisure": "swimming_pool",
        "sport": "swimming",
        "@geometry": "center"
      },
      "geometry": {
        "type": "Point",
        "coordinates": [
          -65.3949199,
          -24.7759353
        ]
      },
      "id": "way/291758855"
    },
    {
      "type": "Feature",
      "properties": {
        "@id": "way/291759677",
        "leisure": "swimming_pool",
        "location": "indoor",
        "sport": "swimming",
        "@geometry": "center"
      },
      "geometry": {
        "type": "Point",
        "coordinates": [
          -65.4037242,
          -24.7823414
        ]
      },
      "id": "way/291759677"
    },
    {
      "type": "Feature",
      "properties": {
        "@id": "way/308940237",
        "addr:city": "Salta",
        "addr:postcode": "4400",
        "addr:street": "Avenida Paraguay",
        "amenity": "place_of_worship",
        "building": "yes",
        "denomination": "evangelical",
        "name": "Catedral de Los Milagros",
        "religion": "christian",
        "@geometry": "center"
      },
      "geometry": {
        "type": "Point",
        "coordinates": [
          -65.4202621,
          -24.8087512
        ]
      },
      "id": "way/308940237"
    },
    {
      "type": "Feature",
      "properties": {
        "@id": "way/311144431",
        "leisure": "swimming_pool",
        "@geometry": "center"
      },
      "geometry": {
        "type": "Point",
        "coordinates": [
          -65.4357322,
          -24.8508118
        ]
      },
      "id": "way/311144431"
    },
    {
      "type": "Feature",
      "properties": {
        "@id": "way/332225642",
        "leisure": "park",
        "name": "Plaza Las Industrias",
        "@geometry": "center"
      },
      "geometry": {
        "type": "Point",
        "coordinates": [
          -65.3774521,
          -24.8166067
        ]
      },
      "id": "way/332225642"
    },
    {
      "type": "Feature",
      "properties": {
        "@id": "way/332624875",
        "leisure": "park",
        "@geometry": "center"
      },
      "geometry": {
        "type": "Point",
        "coordinates": [
          -65.3800152,
          -24.810745
        ]
      },
      "id": "way/332624875"
    },
    {
      "type": "Feature",
      "properties": {
        "@id": "way/332624876",
        "leisure": "park",
        "@geometry": "center"
      },
      "geometry": {
        "type": "Point",
        "coordinates": [
          -65.3791985,
          -24.8114127
        ]
      },
      "id": "way/332624876"
    },
    {
      "type": "Feature",
      "properties": {
        "@id": "way/372776380",
        "building": "yes",
        "leisure": "sports_centre",
        "@geometry": "center"
      },
      "geometry": {
        "type": "Point",
        "coordinates": [
          -65.3896345,
          -24.7358803
        ]
      },
      "id": "way/372776380"
    },
    {
      "type": "Feature",
      "properties": {
        "@id": "way/372776381",
        "leisure": "playground",
        "@geometry": "center"
      },
      "geometry": {
        "type": "Point",
        "coordinates": [
          -65.3893839,
          -24.7360802
        ]
      },
      "id": "way/372776381"
    },
    {
      "type": "Feature",
      "properties": {
        "@id": "way/374850111",
        "leisure": "park",
        "name": "Parque",
        "@geometry": "center"
      },
      "geometry": {
        "type": "Point",
        "coordinates": [
          -65.3867078,
          -24.8407209
        ]
      },
      "id": "way/374850111"
    },
    {
      "type": "Feature",
      "properties": {
        "@id": "way/374850299",
        "leisure": "park",
        "@geometry": "center"
      },
      "geometry": {
        "type": "Point",
        "coordinates": [
          -65.3865712,
          -24.8405216
        ]
      },
      "id": "way/374850299"
    },
    {
      "type": "Feature",
      "properties": {
        "@id": "way/374972780",
        "leisure": "park",
        "name": "SAN BENITO - 318",
        "@geometry": "center"
      },
      "geometry": {
        "type": "Point",
        "coordinates": [
          -65.3908266,
          -24.8341733
        ]
      },
      "id": "way/374972780"
    },
    {
      "type": "Feature",
      "properties": {
        "@id": "way/374972935",
        "leisure": "park",
        "name": "SAN BENITO - 317",
        "@geometry": "center"
      },
      "geometry": {
        "type": "Point",
        "coordinates": [
          -65.391328,
          -24.8342189
        ]
      },
      "id": "way/374972935"
    },
    {
      "type": "Feature",
      "properties": {
        "@id": "way/377983727",
        "leisure": "park",
        "@geometry": "center"
      },
      "geometry": {
        "type": "Point",
        "coordinates": [
          -65.4245581,
          -24.8347511
        ]
      },
      "id": "way/377983727"
    },
    {
      "type": "Feature",
      "properties": {
        "@id": "way/377985180",
        "leisure": "park",
        "@geometry": "center"
      },
      "geometry": {
        "type": "Point",
        "coordinates": [
          -65.4118823,
          -24.818418
        ]
      },
      "id": "way/377985180"
    },
    {
      "type": "Feature",
      "properties": {
        "@id": "way/384429649",
        "description": "B. EL HUAICO - 517 . C",
        "leisure": "park",
        "name": "Plaza Hilda Yolanda Cardozo",
        "@geometry": "center"
      },
      "geometry": {
        "type": "Point",
        "coordinates": [
          -65.4233359,
          -24.7266721
        ]
      },
      "id": "way/384429649"
    },
    {
      "type": "Feature",
      "properties": {
        "@id": "way/384438008",
        "addr:city": "Salta",
        "addr:postcode": "4400",
        "leisure": "park",
        "name": "Plaza Wayra-Parakuna",
        "@geometry": "center"
      },
      "geometry": {
        "type": "Point",
        "coordinates": [
          -65.4125523,
          -24.7227435
        ]
      },
      "id": "way/384438008"
    },
    {
      "type": "Feature",
      "properties": {
        "@id": "node/392350311",
        "highway": "traffic_signals"
      },
      "geometry": {
        "type": "Point",
        "coordinates": [
          -65.4115135,
          -24.7810578
        ]
      },
      "id": "node/392350311"
    },
    {
      "type": "Feature",
      "properties": {
        "@id": "node/392350332",
        "highway": "traffic_signals"
      },
      "geometry": {
        "type": "Point",
        "coordinates": [
          -65.4060301,
          -24.7814293
        ]
      },
      "id": "node/392350332"
    },
    {
      "type": "Feature",
      "properties": {
        "@id": "node/392350333",
        "highway": "traffic_signals"
      },
      "geometry": {
        "type": "Point",
        "coordinates": [
          -65.4074005,
          -24.7813349
        ]
      },
      "id": "node/392350333"
    },
    {
      "type": "Feature",
      "properties": {
        "@id": "node/392350334",
        "highway": "traffic_signals"
      },
      "geometry": {
        "type": "Point",
        "coordinates": [
          -65.4087831,
          -24.7812498
        ]
      },
      "id": "node/392350334"
    },
    {
      "type": "Feature",
      "properties": {
        "@id": "node/392350335",
        "highway": "traffic_signals"
      },
      "geometry": {
        "type": "Point",
        "coordinates": [
          -65.4101656,
          -24.7811438
        ]
      },
      "id": "node/392350335"
    },
    {
      "type": "Feature",
      "properties": {
        "@id": "node/392350343",
        "highway": "traffic_signals",
        "traffic_signals": "signal"
      },
      "geometry": {
        "type": "Point",
        "coordinates": [
          -65.4104201,
          -24.7837131
        ]
      },
      "id": "node/392350343"
    },
    {
      "type": "Feature",
      "properties": {
        "@id": "node/392350344",
        "highway": "traffic_signals",
        "traffic_signals": "signal"
      },
      "geometry": {
        "type": "Point",
        "coordinates": [
          -65.40652,
          -24.7853361
        ]
      },
      "id": "node/392350344"
    },
    {
      "type": "Feature",
      "properties": {
        "@id": "node/392350350",
        "highway": "traffic_signals"
      },
      "geometry": {
        "type": "Point",
        "coordinates": [
          -65.4093416,
          -24.7864696
        ]
      },
      "id": "node/392350350"
    },
    {
      "type": "Feature",
      "properties": {
        "@id": "node/392350352",
        "highway": "traffic_signals"
      },
      "geometry": {
        "type": "Point",
        "coordinates": [
          -65.40673,
          -24.7876419
        ]
      },
      "id": "node/392350352"
    },
    {
      "type": "Feature",
      "properties": {
        "@id": "node/392350353",
        "highway": "traffic_signals"
      },
      "geometry": {
        "type": "Point",
        "coordinates": [
          -65.4080772,
          -24.7875891
        ]
      },
      "id": "node/392350353"
    },
    {
      "type": "Feature",
      "properties": {
        "@id": "node/392350354",
        "highway": "traffic_signals"
      },
      "geometry": {
        "type": "Point",
        "coordinates": [
          -65.4094554,
          -24.7875635
        ]
      },
      "id": "node/392350354"
    },
    {
      "type": "Feature",
      "properties": {
        "@id": "node/392350355",
        "highway": "traffic_signals"
      },
      "geometry": {
        "type": "Point",
        "coordinates": [
          -65.4108343,
          -24.7877121
        ]
      },
      "id": "node/392350355"
    },
    {
      "type": "Feature",
      "properties": {
        "@id": "way/398219879",
        "leisure": "pitch",
        "sport": "soccer",
        "@geometry": "center"
      },
      "geometry": {
        "type": "Point",
        "coordinates": [
          -65.4573173,
          -24.780405
        ]
      },
      "id": "way/398219879"
    },
    {
      "type": "Feature",
      "properties": {
        "@id": "way/398219880",
        "leisure": "pitch",
        "sport": "soccer",
        "@geometry": "center"
      },
      "geometry": {
        "type": "Point",
        "coordinates": [
          -65.4576579,
          -24.7799246
        ]
      },
      "id": "way/398219880"
    },
    {
      "type": "Feature",
      "properties": {
        "@id": "way/398219882",
        "leisure": "pitch",
        "sport": "soccer",
        "@geometry": "center"
      },
      "geometry": {
        "type": "Point",
        "coordinates": [
          -65.4582173,
          -24.7813867
        ]
      },
      "id": "way/398219882"
    },
    {
      "type": "Feature",
      "properties": {
        "@id": "way/398219883",
        "leisure": "pitch",
        "sport": "soccer",
        "@geometry": "center"
      },
      "geometry": {
        "type": "Point",
        "coordinates": [
          -65.4609027,
          -24.7820013
        ]
      },
      "id": "way/398219883"
    },
    {
      "type": "Feature",
      "properties": {
        "@id": "way/398219884",
        "leisure": "pitch",
        "sport": "soccer",
        "@geometry": "center"
      },
      "geometry": {
        "type": "Point",
        "coordinates": [
          -65.4600935,
          -24.7815197
        ]
      },
      "id": "way/398219884"
    },
    {
      "type": "Feature",
      "properties": {
        "@id": "way/398219885",
        "leisure": "pitch",
        "sport": "soccer",
        "@geometry": "center"
      },
      "geometry": {
        "type": "Point",
        "coordinates": [
          -65.4603225,
          -24.7827269
        ]
      },
      "id": "way/398219885"
    },
    {
      "type": "Feature",
      "properties": {
        "@id": "way/408073364",
        "access": "yes",
        "leisure": "playground",
        "name": "Juegos infantiles",
        "source": "local knowledge",
        "surface": "grass",
        "@geometry": "center"
      },
      "geometry": {
        "type": "Point",
        "coordinates": [
          -65.3848432,
          -24.8206214
        ]
      },
      "id": "way/408073364"
    },
    {
      "type": "Feature",
      "properties": {
        "@id": "way/411499240",
        "leisure": "pitch",
        "sport": "soccer",
        "@geometry": "center"
      },
      "geometry": {
        "type": "Point",
        "coordinates": [
          -65.4534028,
          -24.779127
        ]
      },
      "id": "way/411499240"
    },
    {
      "type": "Feature",
      "properties": {
        "@id": "way/411499241",
        "leisure": "park",
        "@geometry": "center"
      },
      "geometry": {
        "type": "Point",
        "coordinates": [
          -65.4561078,
          -24.7799629
        ]
      },
      "id": "way/411499241"
    },
    {
      "type": "Feature",
      "properties": {
        "@id": "way/411499245",
        "leisure": "park",
        "@geometry": "center"
      },
      "geometry": {
        "type": "Point",
        "coordinates": [
          -65.4426213,
          -24.7724387
        ]
      },
      "id": "way/411499245"
    },
    {
      "type": "Feature",
      "properties": {
        "@id": "way/424124947",
        "leisure": "park",
        "@geometry": "center"
      },
      "geometry": {
        "type": "Point",
        "coordinates": [
          -65.4056941,
          -24.8429948
        ]
      },
      "id": "way/424124947"
    },
    {
      "type": "Feature",
      "properties": {
        "@id": "way/424124948",
        "leisure": "park",
        "@geometry": "center"
      },
      "geometry": {
        "type": "Point",
        "coordinates": [
          -65.4067902,
          -24.8424647
        ]
      },
      "id": "way/424124948"
    },
    {
      "type": "Feature",
      "properties": {
        "@id": "way/424124949",
        "leisure": "park",
        "@geometry": "center"
      },
      "geometry": {
        "type": "Point",
        "coordinates": [
          -65.4070669,
          -24.8409539
        ]
      },
      "id": "way/424124949"
    },
    {
      "type": "Feature",
      "properties": {
        "@id": "way/424124950",
        "leisure": "park",
        "@geometry": "center"
      },
      "geometry": {
        "type": "Point",
        "coordinates": [
          -65.4071399,
          -24.8395516
        ]
      },
      "id": "way/424124950"
    },
    {
      "type": "Feature",
      "properties": {
        "@id": "way/424212545",
        "leisure": "park",
        "@geometry": "center"
      },
      "geometry": {
        "type": "Point",
        "coordinates": [
          -65.4026746,
          -24.8389317
        ]
      },
      "id": "way/424212545"
    },
    {
      "type": "Feature",
      "properties": {
        "@id": "way/424212555",
        "leisure": "park",
        "@geometry": "center"
      },
      "geometry": {
        "type": "Point",
        "coordinates": [
          -65.3997379,
          -24.8307711
        ]
      },
      "id": "way/424212555"
    },
    {
      "type": "Feature",
      "properties": {
        "@id": "way/424212556",
        "leisure": "park",
        "@geometry": "center"
      },
      "geometry": {
        "type": "Point",
        "coordinates": [
          -65.4039539,
          -24.8310002
        ]
      },
      "id": "way/424212556"
    },
    {
      "type": "Feature",
      "properties": {
        "@id": "way/424212557",
        "leisure": "park",
        "@geometry": "center"
      },
      "geometry": {
        "type": "Point",
        "coordinates": [
          -65.4033746,
          -24.8296394
        ]
      },
      "id": "way/424212557"
    },
    {
      "type": "Feature",
      "properties": {
        "@id": "way/424216032",
        "leisure": "park",
        "@geometry": "center"
      },
      "geometry": {
        "type": "Point",
        "coordinates": [
          -65.4019034,
          -24.7831421
        ]
      },
      "id": "way/424216032"
    },
    {
      "type": "Feature",
      "properties": {
        "@id": "way/424216033",
        "leisure": "park",
        "name": "Plaza del Deporte",
        "@geometry": "center"
      },
      "geometry": {
        "type": "Point",
        "coordinates": [
          -65.3973702,
          -24.7632361
        ]
      },
      "id": "way/424216033"
    },
    {
      "type": "Feature",
      "properties": {
        "@id": "way/424223393",
        "leisure": "park",
        "@geometry": "center"
      },
      "geometry": {
        "type": "Point",
        "coordinates": [
          -65.403281,
          -24.7687204
        ]
      },
      "id": "way/424223393"
    },
    {
      "type": "Feature",
      "properties": {
        "@id": "way/424223397",
        "leisure": "park",
        "@geometry": "center"
      },
      "geometry": {
        "type": "Point",
        "coordinates": [
          -65.404371,
          -24.7541755
        ]
      },
      "id": "way/424223397"
    },
    {
      "type": "Feature",
      "properties": {
        "@id": "way/424223413",
        "leisure": "park",
        "name": "Plaza Submarino Ara San Juan",
        "@geometry": "center"
      },
      "geometry": {
        "type": "Point",
        "coordinates": [
          -65.4322039,
          -24.8520546
        ]
      },
      "id": "way/424223413"
    },
    {
      "type": "Feature",
      "properties": {
        "@id": "way/424223416",
        "leisure": "park",
        "name": "Ariel Petrocelli",
        "@geometry": "center"
      },
      "geometry": {
        "type": "Point",
        "coordinates": [
          -65.4360126,
          -24.8556906
        ]
      },
      "id": "way/424223416"
    },
    {
      "type": "Feature",
      "properties": {
        "@id": "way/424223420",
        "leisure": "park",
        "name": "Cabo Principal Bernardino Campos",
        "@geometry": "center"
      },
      "geometry": {
        "type": "Point",
        "coordinates": [
          -65.4349318,
          -24.858149
        ]
      },
      "id": "way/424223420"
    },
    {
      "type": "Feature",
      "properties": {
        "@id": "way/424225918",
        "leisure": "park",
        "@geometry": "center"
      },
      "geometry": {
        "type": "Point",
        "coordinates": [
          -65.4445267,
          -24.8478144
        ]
      },
      "id": "way/424225918"
    },
    {
      "type": "Feature",
      "properties": {
        "@id": "way/424225945",
        "leisure": "park",
        "@geometry": "center"
      },
      "geometry": {
        "type": "Point",
        "coordinates": [
          -65.4539942,
          -24.8465982
        ]
      },
      "id": "way/424225945"
    },
    {
      "type": "Feature",
      "properties": {
        "@id": "way/424620722",
        "leisure": "park",
        "@geometry": "center"
      },
      "geometry": {
        "type": "Point",
        "coordinates": [
          -65.4464952,
          -24.8112229
        ]
      },
      "id": "way/424620722"
    },
    {
      "type": "Feature",
      "properties": {
        "@id": "way/424627607",
        "leisure": "park",
        "name": "Plazoleta Independencia",
        "@geometry": "center"
      },
      "geometry": {
        "type": "Point",
        "coordinates": [
          -65.4015147,
          -24.8087752
        ]
      },
      "id": "way/424627607"
    },
    {
      "type": "Feature",
      "properties": {
        "@id": "way/424669267",
        "leisure": "park",
        "@geometry": "center"
      },
      "geometry": {
        "type": "Point",
        "coordinates": [
          -65.4310316,
          -24.7757193
        ]
      },
      "id": "way/424669267"
    },
    {
      "type": "Feature",
      "properties": {
        "@id": "way/424669268",
        "leisure": "park",
        "@geometry": "center"
      },
      "geometry": {
        "type": "Point",
        "coordinates": [
          -65.4307783,
          -24.7782436
        ]
      },
      "id": "way/424669268"
    },
    {
      "type": "Feature",
      "properties": {
        "@id": "way/424669269",
        "leisure": "park",
        "@geometry": "center"
      },
      "geometry": {
        "type": "Point",
        "coordinates": [
          -65.4304194,
          -24.7787361
        ]
      },
      "id": "way/424669269"
    },
    {
      "type": "Feature",
      "properties": {
        "@id": "way/424669270",
        "leisure": "park",
        "@geometry": "center"
      },
      "geometry": {
        "type": "Point",
        "coordinates": [
          -65.4311704,
          -24.7783244
        ]
      },
      "id": "way/424669270"
    },
    {
      "type": "Feature",
      "properties": {
        "@id": "way/424669288",
        "leisure": "park",
        "@geometry": "center"
      },
      "geometry": {
        "type": "Point",
        "coordinates": [
          -65.4335229,
          -24.7864249
        ]
      },
      "id": "way/424669288"
    },
    {
      "type": "Feature",
      "properties": {
        "@id": "way/424669289",
        "leisure": "park",
        "@geometry": "center"
      },
      "geometry": {
        "type": "Point",
        "coordinates": [
          -65.4350529,
          -24.7874851
        ]
      },
      "id": "way/424669289"
    },
    {
      "type": "Feature",
      "properties": {
        "@id": "way/424669290",
        "leisure": "park",
        "@geometry": "center"
      },
      "geometry": {
        "type": "Point",
        "coordinates": [
          -65.4353145,
          -24.7862614
        ]
      },
      "id": "way/424669290"
    },
    {
      "type": "Feature",
      "properties": {
        "@id": "way/424669291",
        "leisure": "park",
        "@geometry": "center"
      },
      "geometry": {
        "type": "Point",
        "coordinates": [
          -65.4350357,
          -24.7854944
        ]
      },
      "id": "way/424669291"
    },
    {
      "type": "Feature",
      "properties": {
        "@id": "way/424673971",
        "leisure": "park",
        "name": "Plaza Latinoamericana",
        "@geometry": "center"
      },
      "geometry": {
        "type": "Point",
        "coordinates": [
          -65.433263,
          -24.7716948
        ]
      },
      "id": "way/424673971"
    },
    {
      "type": "Feature",
      "properties": {
        "@id": "way/424673974",
        "leisure": "park",
        "@geometry": "center"
      },
      "geometry": {
        "type": "Point",
        "coordinates": [
          -65.4426074,
          -24.7687625
        ]
      },
      "id": "way/424673974"
    },
    {
      "type": "Feature",
      "properties": {
        "@id": "way/424673982",
        "leisure": "park",
        "name": "Plazoleta de la Economía Social",
        "source": "ORDENANZA Nº 14993",
        "@geometry": "center"
      },
      "geometry": {
        "type": "Point",
        "coordinates": [
          -65.4244489,
          -24.8034983
        ]
      },
      "id": "way/424673982"
    },
    {
      "type": "Feature",
      "properties": {
        "@id": "way/424673985",
        "leisure": "park",
        "@geometry": "center"
      },
      "geometry": {
        "type": "Point",
        "coordinates": [
          -65.4278801,
          -24.8022649
        ]
      },
      "id": "way/424673985"
    },
    {
      "type": "Feature",
      "properties": {
        "@id": "way/424673987",
        "leisure": "park",
        "@geometry": "center"
      },
      "geometry": {
        "type": "Point",
        "coordinates": [
          -65.4283869,
          -24.8033631
        ]
      },
      "id": "way/424673987"
    },
    {
      "type": "Feature",
      "properties": {
        "@id": "way/424677528",
        "leisure": "park",
        "@geometry": "center"
      },
      "geometry": {
        "type": "Point",
        "coordinates": [
          -65.4451366,
          -24.7990292
        ]
      },
      "id": "way/424677528"
    },
    {
      "type": "Feature",
      "properties": {
        "@id": "way/424682940",
        "leisure": "park",
        "@geometry": "center"
      },
      "geometry": {
        "type": "Point",
        "coordinates": [
          -65.4592918,
          -24.793676
        ]
      },
      "id": "way/424682940"
    },
    {
      "type": "Feature",
      "properties": {
        "@id": "node/430557360",
        "highway": "traffic_signals"
      },
      "geometry": {
        "type": "Point",
        "coordinates": [
          -65.4033285,
          -24.7803471
        ]
      },
      "id": "node/430557360"
    },
    {
      "type": "Feature",
      "properties": {
        "@id": "node/430557361",
        "highway": "traffic_signals",
        "traffic_signals": "signal"
      },
      "geometry": {
        "type": "Point",
        "coordinates": [
          -65.4031396,
          -24.777832
        ]
      },
      "id": "node/430557361"
    },
    {
      "type": "Feature",
      "properties": {
        "@id": "node/430557362",
        "highway": "traffic_signals",
        "traffic_signals": "signal"
      },
      "geometry": {
        "type": "Point",
        "coordinates": [
          -65.4028626,
          -24.7765876
        ]
      },
      "id": "node/430557362"
    },
    {
      "type": "Feature",
      "properties": {
        "@id": "way/438683715",
        "leisure": "park",
        "name": "Parque",
        "@geometry": "center"
      },
      "geometry": {
        "type": "Point",
        "coordinates": [
          -65.3951496,
          -24.8485552
        ]
      },
      "id": "way/438683715"
    },
    {
      "type": "Feature",
      "properties": {
        "@id": "node/446376365",
        "highway": "traffic_signals"
      },
      "geometry": {
        "type": "Point",
        "coordinates": [
          -65.4032826,
          -24.7816007
        ]
      },
      "id": "node/446376365"
    },
    {
      "type": "Feature",
      "properties": {
        "@id": "node/446376367",
        "highway": "traffic_signals",
        "traffic_signals": "signal"
      },
      "geometry": {
        "type": "Point",
        "coordinates": [
          -65.4017638,
          -24.7902842
        ]
      },
      "id": "node/446376367"
    },
    {
      "type": "Feature",
      "properties": {
        "@id": "node/446376392",
        "highway": "traffic_signals"
      },
      "geometry": {
        "type": "Point",
        "coordinates": [
          -65.4156658,
          -24.7807917
        ]
      },
      "id": "node/446376392"
    },
    {
      "type": "Feature",
      "properties": {
        "@id": "node/446376402",
        "highway": "traffic_signals",
        "traffic_signals": "signal"
      },
      "geometry": {
        "type": "Point",
        "coordinates": [
          -65.4142481,
          -24.7808761
        ]
      },
      "id": "node/446376402"
    },
    {
      "type": "Feature",
      "properties": {
        "@id": "node/446376410",
        "highway": "traffic_signals"
      },
      "geometry": {
        "type": "Point",
        "coordinates": [
          -65.404885,
          -24.7814993
        ]
      },
      "id": "node/446376410"
    },
    {
      "type": "Feature",
      "properties": {
        "@id": "node/446390853",
        "highway": "traffic_signals"
      },
      "geometry": {
        "type": "Point",
        "coordinates": [
          -65.4148975,
          -24.7869253
        ]
      },
      "id": "node/446390853"
    },
    {
      "type": "Feature",
      "properties": {
        "@id": "node/446390856",
        "highway": "traffic_signals",
        "traffic_signals": "signal"
      },
      "geometry": {
        "type": "Point",
        "coordinates": [
          -65.4021184,
          -24.7882708
        ]
      },
      "id": "node/446390856"
    },
    {
      "type": "Feature",
      "properties": {
        "@id": "node/446390858",
        "highway": "traffic_signals",
        "traffic_signals": "signal"
      },
      "geometry": {
        "type": "Point",
        "coordinates": [
          -65.4000353,
          -24.7940997
        ]
      },
      "id": "node/446390858"
    },
    {
      "type": "Feature",
      "properties": {
        "@id": "node/446390860",
        "highway": "traffic_signals",
        "traffic_signals": "traffic_lights",
        "traffic_signals:direction": "forward"
      },
      "geometry": {
        "type": "Point",
        "coordinates": [
          -65.4127616,
          -24.7933401
        ]
      },
      "id": "node/446390860"
    },
    {
      "type": "Feature",
      "properties": {
        "@id": "node/446390862",
        "highway": "traffic_signals",
        "traffic_signals": "traffic_lights",
        "traffic_signals:direction": "forward"
      },
      "geometry": {
        "type": "Point",
        "coordinates": [
          -65.416866,
          -24.7931165
        ]
      },
      "id": "node/446390862"
    },
    {
      "type": "Feature",
      "properties": {
        "@id": "node/446424114",
        "highway": "traffic_signals",
        "traffic_signals": "traffic_lights",
        "traffic_signals:direction": "forward"
      },
      "geometry": {
        "type": "Point",
        "coordinates": [
          -65.3968093,
          -24.8081274
        ]
      },
      "id": "node/446424114"
    },
    {
      "type": "Feature",
      "properties": {
        "@id": "way/448421858",
        "leisure": "park",
        "@geometry": "center"
      },
      "geometry": {
        "type": "Point",
        "coordinates": [
          -65.4170703,
          -24.7185106
        ]
      },
      "id": "way/448421858"
    },
    {
      "type": "Feature",
      "properties": {
        "@id": "way/468477511",
        "leisure": "playground",
        "@geometry": "center"
      },
      "geometry": {
        "type": "Point",
        "coordinates": [
          -65.4521745,
          -24.7762893
        ]
      },
      "id": "way/468477511"
    },
    {
      "type": "Feature",
      "properties": {
        "@id": "way/468481394",
        "leisure": "park",
        "@geometry": "center"
      },
      "geometry": {
        "type": "Point",
        "coordinates": [
          -65.4520835,
          -24.7770358
        ]
      },
      "id": "way/468481394"
    },
    {
      "type": "Feature",
      "properties": {
        "@id": "way/468488663",
        "leisure": "park",
        "@geometry": "center"
      },
      "geometry": {
        "type": "Point",
        "coordinates": [
          -65.4523,
          -24.7762854
        ]
      },
      "id": "way/468488663"
    },
    {
      "type": "Feature",
      "properties": {
        "@id": "way/468489372",
        "leisure": "park",
        "@geometry": "center"
      },
      "geometry": {
        "type": "Point",
        "coordinates": [
          -65.4514511,
          -24.7757516
        ]
      },
      "id": "way/468489372"
    },
    {
      "type": "Feature",
      "properties": {
        "@id": "way/468489373",
        "leisure": "playground",
        "@geometry": "center"
      },
      "geometry": {
        "type": "Point",
        "coordinates": [
          -65.4513803,
          -24.7757078
        ]
      },
      "id": "way/468489373"
    },
    {
      "type": "Feature",
      "properties": {
        "@id": "way/472239925",
        "addr:city": "Salta",
        "addr:postcode": "4400",
        "leisure": "park",
        "name": "Parque de la Familia",
        "operator": "Gobierno de la Provincia de Salta",
        "@geometry": "center"
      },
      "geometry": {
        "type": "Point",
        "coordinates": [
          -65.3862519,
          -24.8374164
        ]
      },
      "id": "way/472239925"
    },
    {
      "type": "Feature",
      "properties": {
        "@id": "node/484686355",
        "highway": "traffic_signals",
        "traffic_signals": "signal"
      },
      "geometry": {
        "type": "Point",
        "coordinates": [
          -65.4178373,
          -24.8026761
        ]
      },
      "id": "node/484686355"
    },
    {
      "type": "Feature",
      "properties": {
        "@id": "way/504944712",
        "leisure": "pitch",
        "name": "CANCHA",
        "sport": "football",
        "surface": "grass",
        "@geometry": "center"
      },
      "geometry": {
        "type": "Point",
        "coordinates": [
          -65.3949482,
          -24.7179457
        ]
      },
      "id": "way/504944712"
    },
    {
      "type": "Feature",
      "properties": {
        "@id": "way/509862162",
        "leisure": "park",
        "@geometry": "center"
      },
      "geometry": {
        "type": "Point",
        "coordinates": [
          -65.4085938,
          -24.7195322
        ]
      },
      "id": "way/509862162"
    },
    {
      "type": "Feature",
      "properties": {
        "@id": "way/513406759",
        "leisure": "park",
        "name": "canchas de futbol",
        "@geometry": "center"
      },
      "geometry": {
        "type": "Point",
        "coordinates": [
          -65.379062,
          -24.7997892
        ]
      },
      "id": "way/513406759"
    },
    {
      "type": "Feature",
      "properties": {
        "@id": "way/513406760",
        "leisure": "pitch",
        "@geometry": "center"
      },
      "geometry": {
        "type": "Point",
        "coordinates": [
          -65.3836484,
          -24.8001817
        ]
      },
      "id": "way/513406760"
    },
    {
      "type": "Feature",
      "properties": {
        "@id": "way/515301863",
        "addr:street": "Marcilla 399-499",
        "amenity": "place_of_worship",
        "building": "yes",
        "denomination": "jehovahs_witness",
        "name": "iglesia",
        "religion": "christian",
        "@geometry": "center"
      },
      "geometry": {
        "type": "Point",
        "coordinates": [
          -65.3734612,
          -24.794294
        ]
      },
      "id": "way/515301863"
    },
    {
      "type": "Feature",
      "properties": {
        "@id": "way/515975938",
        "addr:street": "Pampillo Guzmán",
        "amenity": "place_of_worship",
        "building": "yes",
        "description": "galpom",
        "name": "Parroquia Nuestra Señora del Huerto",
        "religion": "christian",
        "@geometry": "center"
      },
      "geometry": {
        "type": "Point",
        "coordinates": [
          -65.3767478,
          -24.8139078
        ]
      },
      "id": "way/515975938"
    },
    {
      "type": "Feature",
      "properties": {
        "@id": "way/516265388",
        "leisure": "park",
        "name": "Plaza Glorias del Automovilismo Argentino",
        "@geometry": "center"
      },
      "geometry": {
        "type": "Point",
        "coordinates": [
          -65.3749984,
          -24.7940327
        ]
      },
      "id": "way/516265388"
    },
    {
      "type": "Feature",
      "properties": {
        "@id": "way/525154106",
        "addr:city": "Salta",
        "addr:street": "Bartolomé Mitre",
        "amenity": "place_of_worship",
        "building": "yes",
        "religion": "christian",
        "@geometry": "center"
      },
      "geometry": {
        "type": "Point",
        "coordinates": [
          -65.4107492,
          -24.7569297
        ]
      },
      "id": "way/525154106"
    },
    {
      "type": "Feature",
      "properties": {
        "@id": "way/526911928",
        "leisure": "sports_centre",
        "sport": "swimming",
        "@geometry": "center"
      },
      "geometry": {
        "type": "Point",
        "coordinates": [
          -65.4139185,
          -24.7802292
        ]
      },
      "id": "way/526911928"
    },
    {
      "type": "Feature",
      "properties": {
        "@id": "way/527836100",
        "addr:city": "Salta",
        "addr:street": "Vicente López",
        "amenity": "place_of_worship",
        "building": "yes",
        "religion": "christian",
        "@geometry": "center"
      },
      "geometry": {
        "type": "Point",
        "coordinates": [
          -65.4039202,
          -24.7710119
        ]
      },
      "id": "way/527836100"
    },
    {
      "type": "Feature",
      "properties": {
        "@id": "way/527992897",
        "addr:city": "Salta",
        "addr:street": "Bartolomé Mitre",
        "amenity": "place_of_worship",
        "building": "yes",
        "religion": "christian",
        "@geometry": "center"
      },
      "geometry": {
        "type": "Point",
        "coordinates": [
          -65.4099851,
          -24.7759546
        ]
      },
      "id": "way/527992897"
    },
    {
      "type": "Feature",
      "properties": {
        "@id": "way/528143163",
        "addr:city": "Salta",
        "addr:street": "Avenida del Bicentenario de la Batalla de Salta",
        "leisure": "pitch",
        "sport": "soccer",
        "@geometry": "center"
      },
      "geometry": {
        "type": "Point",
        "coordinates": [
          -65.4037216,
          -24.7782761
        ]
      },
      "id": "way/528143163"
    },
    {
      "type": "Feature",
      "properties": {
        "@id": "way/528143165",
        "addr:city": "Salta",
        "addr:street": "Avenida del Bicentenario de la Batalla de Salta",
        "amenity": "place_of_worship",
        "building": "yes",
        "name": "Nuestra Señora del Transito",
        "religion": "christian",
        "@geometry": "center"
      },
      "geometry": {
        "type": "Point",
        "coordinates": [
          -65.4036555,
          -24.778008
        ]
      },
      "id": "way/528143165"
    },
    {
      "type": "Feature",
      "properties": {
        "@id": "way/534713795",
        "leisure": "sports_centre",
        "name": "CANCHA FUTBOL",
        "sport": "soccer",
        "@geometry": "center"
      },
      "geometry": {
        "type": "Point",
        "coordinates": [
          -65.4011608,
          -24.7211488
        ]
      },
      "id": "way/534713795"
    },
    {
      "type": "Feature",
      "properties": {
        "@id": "way/534713796",
        "leisure": "sports_centre",
        "name": "CANCHA FUTBOL",
        "sport": "soccer;basketball",
        "@geometry": "center"
      },
      "geometry": {
        "type": "Point",
        "coordinates": [
          -65.4023942,
          -24.721181
        ]
      },
      "id": "way/534713796"
    },
    {
      "type": "Feature",
      "properties": {
        "@id": "way/544020418",
        "leisure": "park",
        "name": "Plaza de La Familia",
        "@geometry": "center"
      },
      "geometry": {
        "type": "Point",
        "coordinates": [
          -65.4062065,
          -24.7507165
        ]
      },
      "id": "way/544020418"
    },
    {
      "type": "Feature",
      "properties": {
        "@id": "way/544022950",
        "leisure": "park",
        "name": "Plazoleta Virgen del Rosario de San Nicolás",
        "@geometry": "center"
      },
      "geometry": {
        "type": "Point",
        "coordinates": [
          -65.4087988,
          -24.7544766
        ]
      },
      "id": "way/544022950"
    },
    {
      "type": "Feature",
      "properties": {
        "@id": "way/544267205",
        "leisure": "park",
        "name": "Plaza Dr. José Vicente Solá",
        "@geometry": "center"
      },
      "geometry": {
        "type": "Point",
        "coordinates": [
          -65.4110198,
          -24.7593575
        ]
      },
      "id": "way/544267205"
    },
    {
      "type": "Feature",
      "properties": {
        "@id": "way/544624196",
        "addr:city": "Salta",
        "addr:postcode": "4400",
        "leisure": "park",
        "name": "Plaza Pacha-Kuyuykuna",
        "@geometry": "center"
      },
      "geometry": {
        "type": "Point",
        "coordinates": [
          -65.4145142,
          -24.7216156
        ]
      },
      "id": "way/544624196"
    },
    {
      "type": "Feature",
      "properties": {
        "@id": "way/544624202",
        "leisure": "park",
        "name": "Plaza Inkari",
        "@geometry": "center"
      },
      "geometry": {
        "type": "Point",
        "coordinates": [
          -65.4054009,
          -24.7353237
        ]
      },
      "id": "way/544624202"
    },
    {
      "type": "Feature",
      "properties": {
        "@id": "way/544634879",
        "leisure": "pitch",
        "lit": "no",
        "sport": "soccer",
        "surface": "45m_x_90m",
        "@geometry": "center"
      },
      "geometry": {
        "type": "Point",
        "coordinates": [
          -65.4091279,
          -24.7564176
        ]
      },
      "id": "way/544634879"
    },
    {
      "type": "Feature",
      "properties": {
        "@id": "way/551337286",
        "leisure": "park",
        "name": "Plazoleta",
        "@geometry": "center"
      },
      "geometry": {
        "type": "Point",
        "coordinates": [
          -65.4434119,
          -24.7686967
        ]
      },
      "id": "way/551337286"
    },
    {
      "type": "Feature",
      "properties": {
        "@id": "way/551344905",
        "leisure": "park",
        "@geometry": "center"
      },
      "geometry": {
        "type": "Point",
        "coordinates": [
          -65.4361178,
          -24.7710598
        ]
      },
      "id": "way/551344905"
    },
    {
      "type": "Feature",
      "properties": {
        "@id": "way/551347790",
        "leisure": "pitch",
        "sport": "soccer",
        "@geometry": "center"
      },
      "geometry": {
        "type": "Point",
        "coordinates": [
          -65.4359728,
          -24.7711435
        ]
      },
      "id": "way/551347790"
    },
    {
      "type": "Feature",
      "properties": {
        "@id": "way/551348341",
        "leisure": "pitch",
        "sport": "soccer",
        "@geometry": "center"
      },
      "geometry": {
        "type": "Point",
        "coordinates": [
          -65.4767278,
          -24.8141819
        ]
      },
      "id": "way/551348341"
    },
    {
      "type": "Feature",
      "properties": {
        "@id": "way/551348416",
        "leisure": "park",
        "@geometry": "center"
      },
      "geometry": {
        "type": "Point",
        "coordinates": [
          -65.4799691,
          -24.8158952
        ]
      },
      "id": "way/551348416"
    },
    {
      "type": "Feature",
      "properties": {
        "@id": "way/551348449",
        "leisure": "park",
        "@geometry": "center"
      },
      "geometry": {
        "type": "Point",
        "coordinates": [
          -65.4805962,
          -24.8162651
        ]
      },
      "id": "way/551348449"
    },
    {
      "type": "Feature",
      "properties": {
        "@id": "way/551348593",
        "leisure": "park",
        "@geometry": "center"
      },
      "geometry": {
        "type": "Point",
        "coordinates": [
          -65.4808766,
          -24.8171936
        ]
      },
      "id": "way/551348593"
    },
    {
      "type": "Feature",
      "properties": {
        "@id": "way/551348818",
        "addr:city": "Salta",
        "addr:postcode": "4400",
        "amenity": "place_of_worship",
        "building": "yes",
        "name": "Capilla Nuestra Señora de Atocha",
        "religion": "christian",
        "@geometry": "center"
      },
      "geometry": {
        "type": "Point",
        "coordinates": [
          -65.4809439,
          -24.817011
        ]
      },
      "id": "way/551348818"
    },
    {
      "type": "Feature",
      "properties": {
        "@id": "way/555502917",
        "leisure": "park",
        "@geometry": "center"
      },
      "geometry": {
        "type": "Point",
        "coordinates": [
          -65.4344861,
          -24.8419689
        ]
      },
      "id": "way/555502917"
    },
    {
      "type": "Feature",
      "properties": {
        "@id": "way/555890965",
        "leisure": "park",
        "name": "Juan Carlos Lagomarsino",
        "@geometry": "center"
      },
      "geometry": {
        "type": "Point",
        "coordinates": [
          -65.4025978,
          -24.7635158
        ]
      },
      "id": "way/555890965"
    },
    {
      "type": "Feature",
      "properties": {
        "@id": "way/556162633",
        "description": "Plazoleta",
        "leisure": "park",
        "name": "Plazoleta Cacique Juan Calchaqui",
        "@geometry": "center"
      },
      "geometry": {
        "type": "Point",
        "coordinates": [
          -65.4197044,
          -24.8065241
        ]
      },
      "id": "way/556162633"
    },
    {
      "type": "Feature",
      "properties": {
        "@id": "way/556162964",
        "leisure": "park",
        "name": "Plaza del Agricultor Juan Jose López Amat",
        "@geometry": "center"
      },
      "geometry": {
        "type": "Point",
        "coordinates": [
          -65.4201171,
          -24.8068165
        ]
      },
      "id": "way/556162964"
    },
    {
      "type": "Feature",
      "properties": {
        "@id": "way/556164322",
        "leisure": "park",
        "name": "Plaza Cordoba",
        "@geometry": "center"
      },
      "geometry": {
        "type": "Point",
        "coordinates": [
          -65.4444191,
          -24.8465172
        ]
      },
      "id": "way/556164322"
    },
    {
      "type": "Feature",
      "properties": {
        "@id": "way/556547650",
        "leisure": "park",
        "name": "Plaza Doctor Miguel Ragone",
        "@geometry": "center"
      },
      "geometry": {
        "type": "Point",
        "coordinates": [
          -65.4027011,
          -24.7816992
        ]
      },
      "id": "way/556547650"
    },
    {
      "type": "Feature",
      "properties": {
        "@id": "way/556547791",
        "leisure": "park",
        "name": "Plazoleta General José Gervasio Artigas",
        "@geometry": "center"
      },
      "geometry": {
        "type": "Point",
        "coordinates": [
          -65.4016032,
          -24.7817743
        ]
      },
      "id": "way/556547791"
    },
    {
      "type": "Feature",
      "properties": {
        "@id": "way/559160669",
        "leisure": "park",
        "name": "Plaza El Quirquincho",
        "@geometry": "center"
      },
      "geometry": {
        "type": "Point",
        "coordinates": [
          -65.4094267,
          -24.715784
        ]
      },
      "id": "way/559160669"
    },
    {
      "type": "Feature",
      "properties": {
        "@id": "node/567058866",
        "highway": "traffic_signals",
        "traffic_signals": "traffic_lights",
        "traffic_signals:direction": "forward"
      },
      "geometry": {
        "type": "Point",
        "coordinates": [
          -65.4141065,
          -24.7932565
        ]
      },
      "id": "node/567058866"
    },
    {
      "type": "Feature",
      "properties": {
        "@id": "node/567058871",
        "highway": "traffic_signals"
      },
      "geometry": {
        "type": "Point",
        "coordinates": [
          -65.4134854,
          -24.7870476
        ]
      },
      "id": "node/567058871"
    },
    {
      "type": "Feature",
      "properties": {
        "@id": "node/567058872",
        "highway": "traffic_signals"
      },
      "geometry": {
        "type": "Point",
        "coordinates": [
          -65.4136067,
          -24.7883474
        ]
      },
      "id": "node/567058872"
    },
    {
      "type": "Feature",
      "properties": {
        "@id": "node/567058873",
        "highway": "traffic_signals"
      },
      "geometry": {
        "type": "Point",
        "coordinates": [
          -65.4137381,
          -24.7896137
        ]
      },
      "id": "node/567058873"
    },
    {
      "type": "Feature",
      "properties": {
        "@id": "node/567058879",
        "highway": "traffic_signals",
        "man_made": "surveillance",
        "traffic_signals": "signal"
      },
      "geometry": {
        "type": "Point",
        "coordinates": [
          -65.4131584,
          -24.7835422
        ]
      },
      "id": "node/567058879"
    },
    {
      "type": "Feature",
      "properties": {
        "@id": "way/570732117",
        "leisure": "park",
        "name": "Plaza de la Juventud",
        "@geometry": "center"
      },
      "geometry": {
        "type": "Point",
        "coordinates": [
          -65.3942124,
          -24.795051
        ]
      },
      "id": "way/570732117"
    },
    {
      "type": "Feature",
      "properties": {
        "@id": "way/570732130",
        "leisure": "park",
        "name": "Plazoleta Doctor Arturo Oñativia",
        "@geometry": "center"
      },
      "geometry": {
        "type": "Point",
        "coordinates": [
          -65.4024765,
          -24.7878904
        ]
      },
      "id": "way/570732130"
    },
    {
      "type": "Feature",
      "properties": {
        "@id": "node/571784152",
        "highway": "traffic_signals",
        "traffic_signals": "traffic_lights",
        "traffic_signals:direction": "forward"
      },
      "geometry": {
        "type": "Point",
        "coordinates": [
          -65.4154181,
          -24.7931997
        ]
      },
      "id": "node/571784152"
    },
    {
      "type": "Feature",
      "properties": {
        "@id": "node/571784153",
        "highway": "traffic_signals"
      },
      "geometry": {
        "type": "Point",
        "coordinates": [
          -65.4150781,
          -24.7895261
        ]
      },
      "id": "node/571784153"
    },
    {
      "type": "Feature",
      "properties": {
        "@id": "node/571784154",
        "highway": "traffic_signals"
      },
      "geometry": {
        "type": "Point",
        "coordinates": [
          -65.4164623,
          -24.7894297
        ]
      },
      "id": "node/571784154"
    },
    {
      "type": "Feature",
      "properties": {
        "@id": "node/571784157",
        "highway": "traffic_signals"
      },
      "geometry": {
        "type": "Point",
        "coordinates": [
          -65.4163355,
          -24.7881426
        ]
      },
      "id": "node/571784157"
    },
    {
      "type": "Feature",
      "properties": {
        "@id": "node/571784162",
        "highway": "traffic_signals"
      },
      "geometry": {
        "type": "Point",
        "coordinates": [
          -65.4150271,
          -24.7882499
        ]
      },
      "id": "node/571784162"
    },
    {
      "type": "Feature",
      "properties": {
        "@id": "node/571784167",
        "highway": "traffic_signals"
      },
      "geometry": {
        "type": "Point",
        "coordinates": [
          -65.4162011,
          -24.7867758
        ]
      },
      "id": "node/571784167"
    },
    {
      "type": "Feature",
      "properties": {
        "@id": "node/571784169",
        "highway": "traffic_signals",
        "traffic_signals": "traffic_lights",
        "traffic_signals:direction": "forward"
      },
      "geometry": {
        "type": "Point",
        "coordinates": [
          -65.4058662,
          -24.7939671
        ]
      },
      "id": "node/571784169"
    },
    {
      "type": "Feature",
      "properties": {
        "@id": "way/575926705",
        "leisure": "park",
        "@geometry": "center"
      },
      "geometry": {
        "type": "Point",
        "coordinates": [
          -65.4047496,
          -24.8352955
        ]
      },
      "id": "way/575926705"
    },
    {
      "type": "Feature",
      "properties": {
        "@id": "way/575926708",
        "leisure": "park",
        "@geometry": "center"
      },
      "geometry": {
        "type": "Point",
        "coordinates": [
          -65.4232508,
          -24.7824187
        ]
      },
      "id": "way/575926708"
    },
    {
      "type": "Feature",
      "properties": {
        "@id": "way/606534085",
        "leisure": "park",
        "@geometry": "center"
      },
      "geometry": {
        "type": "Point",
        "coordinates": [
          -65.4350209,
          -24.8011748
        ]
      },
      "id": "way/606534085"
    },
    {
      "type": "Feature",
      "properties": {
        "@id": "way/611245846",
        "leisure": "park",
        "name": "Plaza B°Don Emilio",
        "@geometry": "center"
      },
      "geometry": {
        "type": "Point",
        "coordinates": [
          -65.4326815,
          -24.8186126
        ]
      },
      "id": "way/611245846"
    },
    {
      "type": "Feature",
      "properties": {
        "@id": "way/611247069",
        "leisure": "park",
        "name": "Plaza 6 de Noviembre Día de los Parques Nacionales",
        "@geometry": "center"
      },
      "geometry": {
        "type": "Point",
        "coordinates": [
          -65.4324188,
          -24.820276
        ]
      },
      "id": "way/611247069"
    },
    {
      "type": "Feature",
      "properties": {
        "@id": "way/611249720",
        "leisure": "park",
        "name": "Plaza 9 de Julio",
        "@geometry": "center"
      },
      "geometry": {
        "type": "Point",
        "coordinates": [
          -65.4102911,
          -24.7892119
        ]
      },
      "id": "way/611249720"
    },
    {
      "type": "Feature",
      "properties": {
        "@id": "way/625878575",
        "leisure": "park",
        "name": "Plazoleta Joaquín Castellanos",
        "@geometry": "center"
      },
      "geometry": {
        "type": "Point",
        "coordinates": [
          -65.4028495,
          -24.7868905
        ]
      },
      "id": "way/625878575"
    },
    {
      "type": "Feature",
      "properties": {
        "@id": "way/625878576",
        "leisure": "park",
        "name": "Plazoleta José Fernández Molina",
        "@geometry": "center"
      },
      "geometry": {
        "type": "Point",
        "coordinates": [
          -65.4037183,
          -24.7869248
        ]
      },
      "id": "way/625878576"
    },
    {
      "type": "Feature",
      "properties": {
        "@id": "way/625878579",
        "leisure": "park",
        "name": "Plazoleta Juan Carlos Dávalos",
        "@geometry": "center"
      },
      "geometry": {
        "type": "Point",
        "coordinates": [
          -65.4055912,
          -24.7870303
        ]
      },
      "id": "way/625878579"
    },
    {
      "type": "Feature",
      "properties": {
        "@id": "way/626017918",
        "leisure": "pitch",
        "@geometry": "center"
      },
      "geometry": {
        "type": "Point",
        "coordinates": [
          -65.4035499,
          -24.7828261
        ]
      },
      "id": "way/626017918"
    },
    {
      "type": "Feature",
      "properties": {
        "@id": "way/626017919",
        "leisure": "pitch",
        "@geometry": "center"
      },
      "geometry": {
        "type": "Point",
        "coordinates": [
          -65.4034262,
          -24.7828082
        ]
      },
      "id": "way/626017919"
    },
    {
      "type": "Feature",
      "properties": {
        "@id": "way/626017920",
        "leisure": "pitch",
        "@geometry": "center"
      },
      "geometry": {
        "type": "Point",
        "coordinates": [
          -65.4034415,
          -24.7832553
        ]
      },
      "id": "way/626017920"
    },
    {
      "type": "Feature",
      "properties": {
        "@id": "way/626017922",
        "leisure": "pitch",
        "sport": "tennis",
        "@geometry": "center"
      },
      "geometry": {
        "type": "Point",
        "coordinates": [
          -65.4047576,
          -24.782334
        ]
      },
      "id": "way/626017922"
    },
    {
      "type": "Feature",
      "properties": {
        "@id": "way/626298577",
        "leisure": "pitch",
        "@geometry": "center"
      },
      "geometry": {
        "type": "Point",
        "coordinates": [
          -65.4306845,
          -24.7795261
        ]
      },
      "id": "way/626298577"
    },
    {
      "type": "Feature",
      "properties": {
        "@id": "way/626298582",
        "leisure": "park",
        "@geometry": "center"
      },
      "geometry": {
        "type": "Point",
        "coordinates": [
          -65.431586,
          -24.7791054
        ]
      },
      "id": "way/626298582"
    },
    {
      "type": "Feature",
      "properties": {
        "@id": "way/626308039",
        "leisure": "pitch",
        "sport": "tennis",
        "surface": "concrete",
        "@geometry": "center"
      },
      "geometry": {
        "type": "Point",
        "coordinates": [
          -65.4126451,
          -24.7813074
        ]
      },
      "id": "way/626308039"
    },
    {
      "type": "Feature",
      "properties": {
        "@id": "way/626308040",
        "leisure": "pitch",
        "sport": "tennis",
        "surface": "concrete",
        "@geometry": "center"
      },
      "geometry": {
        "type": "Point",
        "coordinates": [
          -65.4124637,
          -24.781314
        ]
      },
      "id": "way/626308040"
    },
    {
      "type": "Feature",
      "properties": {
        "@id": "way/626308041",
        "leisure": "pitch",
        "sport": "paddle_tennis",
        "surface": "concrete",
        "@geometry": "center"
      },
      "geometry": {
        "type": "Point",
        "coordinates": [
          -65.4122589,
          -24.78126
        ]
      },
      "id": "way/626308041"
    },
    {
      "type": "Feature",
      "properties": {
        "@id": "way/626789512",
        "leisure": "pitch",
        "@geometry": "center"
      },
      "geometry": {
        "type": "Point",
        "coordinates": [
          -65.4197209,
          -24.78742
        ]
      },
      "id": "way/626789512"
    },
    {
      "type": "Feature",
      "properties": {
        "@id": "way/626789513",
        "leisure": "pitch",
        "@geometry": "center"
      },
      "geometry": {
        "type": "Point",
        "coordinates": [
          -65.4194974,
          -24.7877568
        ]
      },
      "id": "way/626789513"
    },
    {
      "type": "Feature",
      "properties": {
        "@id": "way/626789514",
        "amenity": "place_of_worship",
        "building": "church",
        "name": "María Auxiliadora",
        "religion": "christian",
        "@geometry": "center"
      },
      "geometry": {
        "type": "Point",
        "coordinates": [
          -65.4203963,
          -24.7889064
        ]
      },
      "id": "way/626789514"
    },
    {
      "type": "Feature",
      "properties": {
        "@id": "way/626789515",
        "addr:housenumber": "812",
        "addr:street": "Juan Martín Leguizamón",
        "amenity": "place_of_worship",
        "building": "church",
        "denomination": "catholic",
        "name": "Iglesia de San Alfonso",
        "religion": "christian",
        "wikidata": "Q9006846",
        "@geometry": "center"
      },
      "geometry": {
        "type": "Point",
        "coordinates": [
          -65.4137262,
          -24.7831387
        ]
      },
      "id": "way/626789515"
    },
    {
      "type": "Feature",
      "properties": {
        "@id": "way/626789517",
        "amenity": "place_of_worship",
        "building": "church",
        "denomination": "catholic",
        "name": "Iglesia de La Merced",
        "religion": "christian",
        "wikidata": "Q5912475",
        "@geometry": "center"
      },
      "geometry": {
        "type": "Point",
        "coordinates": [
          -65.4143923,
          -24.7898685
        ]
      },
      "id": "way/626789517"
    },
    {
      "type": "Feature",
      "properties": {
        "@id": "way/626789522",
        "amenity": "place_of_worship",
        "basilica": "minor",
        "building": "church",
        "denomination": "catholic",
        "name": "Iglesia San Francisco",
        "religion": "christian",
        "wikidata": "Q5722128",
        "@geometry": "center"
      },
      "geometry": {
        "type": "Point",
        "coordinates": [
          -65.4078243,
          -24.7901598
        ]
      },
      "id": "way/626789522"
    },
    {
      "type": "Feature",
      "properties": {
        "@id": "way/626796933",
        "addr:city": "Salta",
        "addr:postcode": "4400",
        "addr:street": "San Luis",
        "alt_name": "Parroquía Nuestra Señora de los Angeles",
        "amenity": "place_of_worship",
        "building": "church",
        "denomination": "catholic",
        "name": "Nuestra Señora de las Nieves",
        "religion": "christian",
        "@geometry": "center"
      },
      "geometry": {
        "type": "Point",
        "coordinates": [
          -65.4238057,
          -24.7966497
        ]
      },
      "id": "way/626796933"
    },
    {
      "type": "Feature",
      "properties": {
        "@id": "way/627037549",
        "leisure": "park",
        "@geometry": "center"
      },
      "geometry": {
        "type": "Point",
        "coordinates": [
          -65.3977098,
          -24.7957449
        ]
      },
      "id": "way/627037549"
    },
    {
      "type": "Feature",
      "properties": {
        "@id": "way/627037552",
        "leisure": "park",
        "@geometry": "center"
      },
      "geometry": {
        "type": "Point",
        "coordinates": [
          -65.3979519,
          -24.7969026
        ]
      },
      "id": "way/627037552"
    },
    {
      "type": "Feature",
      "properties": {
        "@id": "way/627037554",
        "leisure": "park",
        "name": "Plazoleta Artidorio Cresseri",
        "@geometry": "center"
      },
      "geometry": {
        "type": "Point",
        "coordinates": [
          -65.3989907,
          -24.7976701
        ]
      },
      "id": "way/627037554"
    },
    {
      "type": "Feature",
      "properties": {
        "@id": "way/627043799",
        "addr:housenumber": "960",
        "addr:street": "General Juan Antonio Álvarez de Arenales",
        "contact:facebook": "https://facebook.com/popeye.beisbol.club/",
        "leisure": "sports_centre",
        "loc_name:es": "Club Espinaca",
        "name": "Popeye Beisbol Club",
        "sport": "baseball;field_hockey;newcom",
        "@geometry": "center"
      },
      "geometry": {
        "type": "Point",
        "coordinates": [
          -65.4133775,
          -24.7693211
        ]
      },
      "id": "way/627043799"
    },
    {
      "type": "Feature",
      "properties": {
        "@id": "way/627043808",
        "leisure": "pitch",
        "sport": "baseball",
        "@geometry": "center"
      },
      "geometry": {
        "type": "Point",
        "coordinates": [
          -65.4127927,
          -24.7692145
        ]
      },
      "id": "way/627043808"
    },
    {
      "type": "Feature",
      "properties": {
        "@id": "way/627043822",
        "leisure": "pitch",
        "@geometry": "center"
      },
      "geometry": {
        "type": "Point",
        "coordinates": [
          -65.4170315,
          -24.7721435
        ]
      },
      "id": "way/627043822"
    },
    {
      "type": "Feature",
      "properties": {
        "@id": "way/627043823",
        "leisure": "pitch",
        "@geometry": "center"
      },
      "geometry": {
        "type": "Point",
        "coordinates": [
          -65.4168375,
          -24.7721593
        ]
      },
      "id": "way/627043823"
    },
    {
      "type": "Feature",
      "properties": {
        "@id": "way/627474563",
        "leisure": "pitch",
        "@geometry": "center"
      },
      "geometry": {
        "type": "Point",
        "coordinates": [
          -65.4122868,
          -24.7983193
        ]
      },
      "id": "way/627474563"
    },
    {
      "type": "Feature",
      "properties": {
        "@id": "way/627474564",
        "leisure": "swimming_pool",
        "@geometry": "center"
      },
      "geometry": {
        "type": "Point",
        "coordinates": [
          -65.4124743,
          -24.7982871
        ]
      },
      "id": "way/627474564"
    },
    {
      "type": "Feature",
      "properties": {
        "@id": "way/627474567",
        "leisure": "pitch",
        "@geometry": "center"
      },
      "geometry": {
        "type": "Point",
        "coordinates": [
          -65.411333,
          -24.8009368
        ]
      },
      "id": "way/627474567"
    },
    {
      "type": "Feature",
      "properties": {
        "@id": "way/627474615",
        "leisure": "sports_centre",
        "name": "Club San Martín",
        "@geometry": "center"
      },
      "geometry": {
        "type": "Point",
        "coordinates": [
          -65.4335182,
          -24.7913804
        ]
      },
      "id": "way/627474615"
    },
    {
      "type": "Feature",
      "properties": {
        "@id": "way/627474616",
        "leisure": "swimming_pool",
        "@geometry": "center"
      },
      "geometry": {
        "type": "Point",
        "coordinates": [
          -65.4328857,
          -24.7916004
        ]
      },
      "id": "way/627474616"
    },
    {
      "type": "Feature",
      "properties": {
        "@id": "way/627474687",
        "leisure": "park",
        "@geometry": "center"
      },
      "geometry": {
        "type": "Point",
        "coordinates": [
          -65.4327635,
          -24.7939715
        ]
      },
      "id": "way/627474687"
    },
    {
      "type": "Feature",
      "properties": {
        "@id": "way/627474704",
        "leisure": "park",
        "@geometry": "center"
      },
      "geometry": {
        "type": "Point",
        "coordinates": [
          -65.4317416,
          -24.7938172
        ]
      },
      "id": "way/627474704"
    },
    {
      "type": "Feature",
      "properties": {
        "@id": "way/627482491",
        "leisure": "park",
        "@geometry": "center"
      },
      "geometry": {
        "type": "Point",
        "coordinates": [
          -65.4175369,
          -24.7984182
        ]
      },
      "id": "way/627482491"
    },
    {
      "type": "Feature",
      "properties": {
        "@id": "way/628941740",
        "leisure": "pitch",
        "@geometry": "center"
      },
      "geometry": {
        "type": "Point",
        "coordinates": [
          -65.4259358,
          -24.8032056
        ]
      },
      "id": "way/628941740"
    },
    {
      "type": "Feature",
      "properties": {
        "@id": "way/628941746",
        "leisure": "pitch",
        "@geometry": "center"
      },
      "geometry": {
        "type": "Point",
        "coordinates": [
          -65.4525928,
          -24.7840388
        ]
      },
      "id": "way/628941746"
    },
    {
      "type": "Feature",
      "properties": {
        "@id": "way/628941747",
        "leisure": "pitch",
        "@geometry": "center"
      },
      "geometry": {
        "type": "Point",
        "coordinates": [
          -65.451764,
          -24.7838428
        ]
      },
      "id": "way/628941747"
    },
    {
      "type": "Feature",
      "properties": {
        "@id": "way/628941748",
        "leisure": "pitch",
        "@geometry": "center"
      },
      "geometry": {
        "type": "Point",
        "coordinates": [
          -65.4511933,
          -24.784448
        ]
      },
      "id": "way/628941748"
    },
    {
      "type": "Feature",
      "properties": {
        "@id": "way/628941749",
        "leisure": "pitch",
        "@geometry": "center"
      },
      "geometry": {
        "type": "Point",
        "coordinates": [
          -65.4520892,
          -24.7848211
        ]
      },
      "id": "way/628941749"
    },
    {
      "type": "Feature",
      "properties": {
        "@id": "way/628941756",
        "leisure": "pitch",
        "@geometry": "center"
      },
      "geometry": {
        "type": "Point",
        "coordinates": [
          -65.4526216,
          -24.798814
        ]
      },
      "id": "way/628941756"
    },
    {
      "type": "Feature",
      "properties": {
        "@id": "way/628941757",
        "leisure": "pitch",
        "@geometry": "center"
      },
      "geometry": {
        "type": "Point",
        "coordinates": [
          -65.452914,
          -24.7998384
        ]
      },
      "id": "way/628941757"
    },
    {
      "type": "Feature",
      "properties": {
        "@id": "way/628941758",
        "leisure": "park",
        "name": "Parque Barrio Unidad",
        "@geometry": "center"
      },
      "geometry": {
        "type": "Point",
        "coordinates": [
          -65.4304926,
          -24.8069018
        ]
      },
      "id": "way/628941758"
    },
    {
      "type": "Feature",
      "properties": {
        "@id": "way/628941759",
        "leisure": "pitch",
        "name": "Playón Barrio Unidad",
        "@geometry": "center"
      },
      "geometry": {
        "type": "Point",
        "coordinates": [
          -65.4300244,
          -24.8069202
        ]
      },
      "id": "way/628941759"
    },
    {
      "type": "Feature",
      "properties": {
        "@id": "way/628941760",
        "leisure": "pitch",
        "name": "Cancha Villa Unidad",
        "@geometry": "center"
      },
      "geometry": {
        "type": "Point",
        "coordinates": [
          -65.4305485,
          -24.8073003
        ]
      },
      "id": "way/628941760"
    },
    {
      "type": "Feature",
      "properties": {
        "@id": "way/628941761",
        "leisure": "pitch",
        "@geometry": "center"
      },
      "geometry": {
        "type": "Point",
        "coordinates": [
          -65.4273069,
          -24.8074499
        ]
      },
      "id": "way/628941761"
    },
    {
      "type": "Feature",
      "properties": {
        "@id": "way/628941762",
        "leisure": "pitch",
        "@geometry": "center"
      },
      "geometry": {
        "type": "Point",
        "coordinates": [
          -65.4248046,
          -24.8080202
        ]
      },
      "id": "way/628941762"
    },
    {
      "type": "Feature",
      "properties": {
        "@id": "way/628941773",
        "leisure": "pitch",
        "@geometry": "center"
      },
      "geometry": {
        "type": "Point",
        "coordinates": [
          -65.4284843,
          -24.8059033
        ]
      },
      "id": "way/628941773"
    },
    {
      "type": "Feature",
      "properties": {
        "@id": "way/628941805",
        "leisure": "park",
        "@geometry": "center"
      },
      "geometry": {
        "type": "Point",
        "coordinates": [
          -65.4259373,
          -24.8046828
        ]
      },
      "id": "way/628941805"
    },
    {
      "type": "Feature",
      "properties": {
        "@id": "way/628941806",
        "leisure": "park",
        "@geometry": "center"
      },
      "geometry": {
        "type": "Point",
        "coordinates": [
          -65.4260154,
          -24.8052102
        ]
      },
      "id": "way/628941806"
    },
    {
      "type": "Feature",
      "properties": {
        "@id": "way/628941823",
        "leisure": "park",
        "@geometry": "center"
      },
      "geometry": {
        "type": "Point",
        "coordinates": [
          -65.4220531,
          -24.8038521
        ]
      },
      "id": "way/628941823"
    },
    {
      "type": "Feature",
      "properties": {
        "@id": "way/628941824",
        "leisure": "pitch",
        "@geometry": "center"
      },
      "geometry": {
        "type": "Point",
        "coordinates": [
          -65.4244945,
          -24.8070185
        ]
      },
      "id": "way/628941824"
    },
    {
      "type": "Feature",
      "properties": {
        "@id": "way/628941825",
        "leisure": "pitch",
        "@geometry": "center"
      },
      "geometry": {
        "type": "Point",
        "coordinates": [
          -65.4254173,
          -24.8065584
        ]
      },
      "id": "way/628941825"
    },
    {
      "type": "Feature",
      "properties": {
        "@id": "way/628941826",
        "leisure": "pitch",
        "sport": "soccer",
        "@geometry": "center"
      },
      "geometry": {
        "type": "Point",
        "coordinates": [
          -65.426628,
          -24.8063044
        ]
      },
      "id": "way/628941826"
    },
    {
      "type": "Feature",
      "properties": {
        "@id": "way/628941827",
        "leisure": "pitch",
        "sport": "soccer",
        "@geometry": "center"
      },
      "geometry": {
        "type": "Point",
        "coordinates": [
          -65.4260254,
          -24.8064209
        ]
      },
      "id": "way/628941827"
    },
    {
      "type": "Feature",
      "properties": {
        "@id": "way/628941828",
        "leisure": "park",
        "@geometry": "center"
      },
      "geometry": {
        "type": "Point",
        "coordinates": [
          -65.4288713,
          -24.8061113
        ]
      },
      "id": "way/628941828"
    },
    {
      "type": "Feature",
      "properties": {
        "@id": "way/628942005",
        "leisure": "park",
        "@geometry": "center"
      },
      "geometry": {
        "type": "Point",
        "coordinates": [
          -65.4376991,
          -24.8034255
        ]
      },
      "id": "way/628942005"
    },
    {
      "type": "Feature",
      "properties": {
        "@id": "way/628945087",
        "leisure": "park",
        "@geometry": "center"
      },
      "geometry": {
        "type": "Point",
        "coordinates": [
          -65.4291013,
          -24.7869992
        ]
      },
      "id": "way/628945087"
    },
    {
      "type": "Feature",
      "properties": {
        "@id": "way/628945099",
        "leisure": "pitch",
        "@geometry": "center"
      },
      "geometry": {
        "type": "Point",
        "coordinates": [
          -65.4240859,
          -24.7784384
        ]
      },
      "id": "way/628945099"
    },
    {
      "type": "Feature",
      "properties": {
        "@id": "way/628945100",
        "leisure": "pitch",
        "@geometry": "center"
      },
      "geometry": {
        "type": "Point",
        "coordinates": [
          -65.4242281,
          -24.7779523
        ]
      },
      "id": "way/628945100"
    },
    {
      "type": "Feature",
      "properties": {
        "@id": "way/628945101",
        "leisure": "pitch",
        "sport": "skateboard",
        "@geometry": "center"
      },
      "geometry": {
        "type": "Point",
        "coordinates": [
          -65.4218962,
          -24.7762772
        ]
      },
      "id": "way/628945101"
    },
    {
      "type": "Feature",
      "properties": {
        "@id": "way/628945102",
        "leisure": "pitch",
        "sport": "skateboard",
        "@geometry": "center"
      },
      "geometry": {
        "type": "Point",
        "coordinates": [
          -65.4213266,
          -24.775556
        ]
      },
      "id": "way/628945102"
    },
    {
      "type": "Feature",
      "properties": {
        "@id": "way/628948141",
        "leisure": "pitch",
        "@geometry": "center"
      },
      "geometry": {
        "type": "Point",
        "coordinates": [
          -65.3874409,
          -24.835026
        ]
      },
      "id": "way/628948141"
    },
    {
      "type": "Feature",
      "properties": {
        "@id": "way/628948142",
        "leisure": "pitch",
        "@geometry": "center"
      },
      "geometry": {
        "type": "Point",
        "coordinates": [
          -65.3893798,
          -24.8122978
        ]
      },
      "id": "way/628948142"
    },
    {
      "type": "Feature",
      "properties": {
        "@id": "way/628948143",
        "leisure": "pitch",
        "@geometry": "center"
      },
      "geometry": {
        "type": "Point",
        "coordinates": [
          -65.3894428,
          -24.8131514
        ]
      },
      "id": "way/628948143"
    },
    {
      "type": "Feature",
      "properties": {
        "@id": "way/628948145",
        "leisure": "pitch",
        "@geometry": "center"
      },
      "geometry": {
        "type": "Point",
        "coordinates": [
          -65.4004925,
          -24.8174454
        ]
      },
      "id": "way/628948145"
    },
    {
      "type": "Feature",
      "properties": {
        "@id": "way/628948146",
        "leisure": "pitch",
        "@geometry": "center"
      },
      "geometry": {
        "type": "Point",
        "coordinates": [
          -65.3992447,
          -24.8191282
        ]
      },
      "id": "way/628948146"
    },
    {
      "type": "Feature",
      "properties": {
        "@id": "way/628948147",
        "leisure": "pitch",
        "@geometry": "center"
      },
      "geometry": {
        "type": "Point",
        "coordinates": [
          -65.3975737,
          -24.8194076
        ]
      },
      "id": "way/628948147"
    },
    {
      "type": "Feature",
      "properties": {
        "@id": "way/628948149",
        "leisure": "pitch",
        "@geometry": "center"
      },
      "geometry": {
        "type": "Point",
        "coordinates": [
          -65.3933759,
          -24.8121137
        ]
      },
      "id": "way/628948149"
    },
    {
      "type": "Feature",
      "properties": {
        "@id": "way/628948150",
        "leisure": "pitch",
        "@geometry": "center"
      },
      "geometry": {
        "type": "Point",
        "coordinates": [
          -65.3931348,
          -24.8137278
        ]
      },
      "id": "way/628948150"
    },
    {
      "type": "Feature",
      "properties": {
        "@id": "way/628948151",
        "leisure": "pitch",
        "sport": "soccer",
        "@geometry": "center"
      },
      "geometry": {
        "type": "Point",
        "coordinates": [
          -65.393849,
          -24.8138538
        ]
      },
      "id": "way/628948151"
    },
    {
      "type": "Feature",
      "properties": {
        "@id": "way/628948153",
        "leisure": "pitch",
        "sport": "soccer",
        "surface": "grass",
        "@geometry": "center"
      },
      "geometry": {
        "type": "Point",
        "coordinates": [
          -65.4022138,
          -24.8113946
        ]
      },
      "id": "way/628948153"
    },
    {
      "type": "Feature",
      "properties": {
        "@id": "way/628948154",
        "access": "yes",
        "leisure": "pitch",
        "lit": "no",
        "name": "Cancha Ceferino",
        "sport": "gymnastics",
        "surface": "ground",
        "@geometry": "center"
      },
      "geometry": {
        "type": "Point",
        "coordinates": [
          -65.4053368,
          -24.8137912
        ]
      },
      "id": "way/628948154"
    },
    {
      "type": "Feature",
      "properties": {
        "@id": "way/628948158",
        "leisure": "park",
        "name": "Plazoleta VII Congreso Eucarístico Nacional",
        "@geometry": "center"
      },
      "geometry": {
        "type": "Point",
        "coordinates": [
          -65.4024638,
          -24.786874
        ]
      },
      "id": "way/628948158"
    },
    {
      "type": "Feature",
      "properties": {
        "@id": "way/628950129",
        "leisure": "pitch",
        "@geometry": "center"
      },
      "geometry": {
        "type": "Point",
        "coordinates": [
          -65.3818266,
          -24.8325847
        ]
      },
      "id": "way/628950129"
    },
    {
      "type": "Feature",
      "properties": {
        "@id": "way/628950130",
        "leisure": "pitch",
        "@geometry": "center"
      },
      "geometry": {
        "type": "Point",
        "coordinates": [
          -65.3813667,
          -24.8317126
        ]
      },
      "id": "way/628950130"
    },
    {
      "type": "Feature",
      "properties": {
        "@id": "way/628950132",
        "leisure": "pitch",
        "@geometry": "center"
      },
      "geometry": {
        "type": "Point",
        "coordinates": [
          -65.381148,
          -24.8270978
        ]
      },
      "id": "way/628950132"
    },
    {
      "type": "Feature",
      "properties": {
        "@id": "way/628950133",
        "leisure": "pitch",
        "@geometry": "center"
      },
      "geometry": {
        "type": "Point",
        "coordinates": [
          -65.3942675,
          -24.8261052
        ]
      },
      "id": "way/628950133"
    },
    {
      "type": "Feature",
      "properties": {
        "@id": "way/628950135",
        "leisure": "pitch",
        "@geometry": "center"
      },
      "geometry": {
        "type": "Point",
        "coordinates": [
          -65.3943426,
          -24.8270229
        ]
      },
      "id": "way/628950135"
    },
    {
      "type": "Feature",
      "properties": {
        "@id": "way/628950136",
        "leisure": "pitch",
        "@geometry": "center"
      },
      "geometry": {
        "type": "Point",
        "coordinates": [
          -65.3911762,
          -24.8261519
        ]
      },
      "id": "way/628950136"
    },
    {
      "type": "Feature",
      "properties": {
        "@id": "way/628950138",
        "leisure": "pitch",
        "@geometry": "center"
      },
      "geometry": {
        "type": "Point",
        "coordinates": [
          -65.3901364,
          -24.8268012
        ]
      },
      "id": "way/628950138"
    },
    {
      "type": "Feature",
      "properties": {
        "@id": "way/628950140",
        "leisure": "pitch",
        "@geometry": "center"
      },
      "geometry": {
        "type": "Point",
        "coordinates": [
          -65.3867182,
          -24.8250072
        ]
      },
      "id": "way/628950140"
    },
    {
      "type": "Feature",
      "properties": {
        "@id": "way/628950141",
        "leisure": "pitch",
        "@geometry": "center"
      },
      "geometry": {
        "type": "Point",
        "coordinates": [
          -65.3874619,
          -24.8249657
        ]
      },
      "id": "way/628950141"
    },
    {
      "type": "Feature",
      "properties": {
        "@id": "way/628950143",
        "leisure": "pitch",
        "@geometry": "center"
      },
      "geometry": {
        "type": "Point",
        "coordinates": [
          -65.388173,
          -24.8249087
        ]
      },
      "id": "way/628950143"
    },
    {
      "type": "Feature",
      "properties": {
        "@id": "way/630388113",
        "leisure": "pitch",
        "@geometry": "center"
      },
      "geometry": {
        "type": "Point",
        "coordinates": [
          -65.3886757,
          -24.8000158
        ]
      },
      "id": "way/630388113"
    },
    {
      "type": "Feature",
      "properties": {
        "@id": "way/630388114",
        "leisure": "pitch",
        "sport": "soccer",
        "@geometry": "center"
      },
      "geometry": {
        "type": "Point",
        "coordinates": [
          -65.3876289,
          -24.7998414
        ]
      },
      "id": "way/630388114"
    },
    {
      "type": "Feature",
      "properties": {
        "@id": "way/630388115",
        "leisure": "sports_centre",
        "name": "Tiro Federal Salta",
        "@geometry": "center"
      },
      "geometry": {
        "type": "Point",
        "coordinates": [
          -65.3939589,
          -24.7997301
        ]
      },
      "id": "way/630388115"
    },
    {
      "type": "Feature",
      "properties": {
        "@id": "way/630388124",
        "leisure": "pitch",
        "@geometry": "center"
      },
      "geometry": {
        "type": "Point",
        "coordinates": [
          -65.3950102,
          -24.7995916
        ]
      },
      "id": "way/630388124"
    },
    {
      "type": "Feature",
      "properties": {
        "@id": "way/630406499",
        "leisure": "pitch",
        "@geometry": "center"
      },
      "geometry": {
        "type": "Point",
        "coordinates": [
          -65.3976229,
          -24.7190319
        ]
      },
      "id": "way/630406499"
    },
    {
      "type": "Feature",
      "properties": {
        "@id": "way/630406503",
        "leisure": "pitch",
        "@geometry": "center"
      },
      "geometry": {
        "type": "Point",
        "coordinates": [
          -65.3938359,
          -24.723187
        ]
      },
      "id": "way/630406503"
    },
    {
      "type": "Feature",
      "properties": {
        "@id": "way/630406513",
        "leisure": "park",
        "@geometry": "center"
      },
      "geometry": {
        "type": "Point",
        "coordinates": [
          -65.3959761,
          -24.7251813
        ]
      },
      "id": "way/630406513"
    },
    {
      "type": "Feature",
      "properties": {
        "@id": "way/630406514",
        "leisure": "pitch",
        "@geometry": "center"
      },
      "geometry": {
        "type": "Point",
        "coordinates": [
          -65.3963457,
          -24.725137
        ]
      },
      "id": "way/630406514"
    },
    {
      "type": "Feature",
      "properties": {
        "@id": "way/630406515",
        "leisure": "pitch",
        "sport": "soccer",
        "@geometry": "center"
      },
      "geometry": {
        "type": "Point",
        "coordinates": [
          -65.4011922,
          -24.7321873
        ]
      },
      "id": "way/630406515"
    },
    {
      "type": "Feature",
      "properties": {
        "@id": "way/630406520",
        "leisure": "pitch",
        "@geometry": "center"
      },
      "geometry": {
        "type": "Point",
        "coordinates": [
          -65.400369,
          -24.7323404
        ]
      },
      "id": "way/630406520"
    },
    {
      "type": "Feature",
      "properties": {
        "@id": "way/630406521",
        "leisure": "pitch",
        "@geometry": "center"
      },
      "geometry": {
        "type": "Point",
        "coordinates": [
          -65.4004078,
          -24.732653
        ]
      },
      "id": "way/630406521"
    },
    {
      "type": "Feature",
      "properties": {
        "@id": "way/630826063",
        "leisure": "pitch",
        "@geometry": "center"
      },
      "geometry": {
        "type": "Point",
        "coordinates": [
          -65.3908625,
          -24.7763757
        ]
      },
      "id": "way/630826063"
    },
    {
      "type": "Feature",
      "properties": {
        "@id": "way/630826065",
        "leisure": "pitch",
        "@geometry": "center"
      },
      "geometry": {
        "type": "Point",
        "coordinates": [
          -65.3952102,
          -24.775552
        ]
      },
      "id": "way/630826065"
    },
    {
      "type": "Feature",
      "properties": {
        "@id": "way/630826066",
        "leisure": "pitch",
        "@geometry": "center"
      },
      "geometry": {
        "type": "Point",
        "coordinates": [
          -65.3944226,
          -24.7755959
        ]
      },
      "id": "way/630826066"
    },
    {
      "type": "Feature",
      "properties": {
        "@id": "way/630826067",
        "leisure": "pitch",
        "@geometry": "center"
      },
      "geometry": {
        "type": "Point",
        "coordinates": [
          -65.3939332,
          -24.7760406
        ]
      },
      "id": "way/630826067"
    },
    {
      "type": "Feature",
      "properties": {
        "@id": "way/630826068",
        "leisure": "pitch",
        "@geometry": "center"
      },
      "geometry": {
        "type": "Point",
        "coordinates": [
          -65.3939399,
          -24.7763639
        ]
      },
      "id": "way/630826068"
    },
    {
      "type": "Feature",
      "properties": {
        "@id": "way/630826069",
        "leisure": "pitch",
        "sport": "soccer",
        "@geometry": "center"
      },
      "geometry": {
        "type": "Point",
        "coordinates": [
          -65.394435,
          -24.7760282
        ]
      },
      "id": "way/630826069"
    },
    {
      "type": "Feature",
      "properties": {
        "@id": "way/630826070",
        "leisure": "pitch",
        "sport": "soccer",
        "@geometry": "center"
      },
      "geometry": {
        "type": "Point",
        "coordinates": [
          -65.3954231,
          -24.7759897
        ]
      },
      "id": "way/630826070"
    },
    {
      "type": "Feature",
      "properties": {
        "@id": "way/630827193",
        "leisure": "park",
        "name": "Plaza Juana Manuel Gorriti",
        "@geometry": "center"
      },
      "geometry": {
        "type": "Point",
        "coordinates": [
          -65.3995668,
          -24.769444
        ]
      },
      "id": "way/630827193"
    },
    {
      "type": "Feature",
      "properties": {
        "@id": "way/630827194",
        "leisure": "pitch",
        "@geometry": "center"
      },
      "geometry": {
        "type": "Point",
        "coordinates": [
          -65.3891102,
          -24.7653704
        ]
      },
      "id": "way/630827194"
    },
    {
      "type": "Feature",
      "properties": {
        "@id": "way/630827195",
        "leisure": "pitch",
        "@geometry": "center"
      },
      "geometry": {
        "type": "Point",
        "coordinates": [
          -65.3892554,
          -24.7653686
        ]
      },
      "id": "way/630827195"
    },
    {
      "type": "Feature",
      "properties": {
        "@id": "way/633679454",
        "leisure": "park",
        "name": "Plaza Nora Saravia de García",
        "@geometry": "center"
      },
      "geometry": {
        "type": "Point",
        "coordinates": [
          -65.4217073,
          -24.7278369
        ]
      },
      "id": "way/633679454"
    },
    {
      "type": "Feature",
      "properties": {
        "@id": "way/633679455",
        "addr:city": "Salta",
        "addr:postcode": "4400",
        "leisure": "park",
        "name": "Plaza Urqu-Ninakuna",
        "@geometry": "center"
      },
      "geometry": {
        "type": "Point",
        "coordinates": [
          -65.4117198,
          -24.7205483
        ]
      },
      "id": "way/633679455"
    },
    {
      "type": "Feature",
      "properties": {
        "@id": "way/633679456",
        "leisure": "park",
        "@geometry": "center"
      },
      "geometry": {
        "type": "Point",
        "coordinates": [
          -65.4212092,
          -24.7258827
        ]
      },
      "id": "way/633679456"
    },
    {
      "type": "Feature",
      "properties": {
        "@id": "way/633679457",
        "leisure": "park",
        "@geometry": "center"
      },
      "geometry": {
        "type": "Point",
        "coordinates": [
          -65.4212424,
          -24.727007
        ]
      },
      "id": "way/633679457"
    },
    {
      "type": "Feature",
      "properties": {
        "@id": "way/633679458",
        "leisure": "park",
        "@geometry": "center"
      },
      "geometry": {
        "type": "Point",
        "coordinates": [
          -65.4212756,
          -24.7285218
        ]
      },
      "id": "way/633679458"
    },
    {
      "type": "Feature",
      "properties": {
        "@id": "way/633679459",
        "leisure": "park",
        "@geometry": "center"
      },
      "geometry": {
        "type": "Point",
        "coordinates": [
          -65.4197808,
          -24.7256467
        ]
      },
      "id": "way/633679459"
    },
    {
      "type": "Feature",
      "properties": {
        "@id": "way/633679460",
        "leisure": "park",
        "@geometry": "center"
      },
      "geometry": {
        "type": "Point",
        "coordinates": [
          -65.4177897,
          -24.7268103
        ]
      },
      "id": "way/633679460"
    },
    {
      "type": "Feature",
      "properties": {
        "@id": "way/633679461",
        "leisure": "park",
        "name": "Plaza de la Memoria",
        "@geometry": "center"
      },
      "geometry": {
        "type": "Point",
        "coordinates": [
          -65.4146288,
          -24.7252051
        ]
      },
      "id": "way/633679461"
    },
    {
      "type": "Feature",
      "properties": {
        "@id": "way/633679462",
        "leisure": "park",
        "name": "Plaza de la Verdad",
        "@geometry": "center"
      },
      "geometry": {
        "type": "Point",
        "coordinates": [
          -65.41265,
          -24.7263687
        ]
      },
      "id": "way/633679462"
    },
    {
      "type": "Feature",
      "properties": {
        "@id": "way/633679463",
        "leisure": "park",
        "name": "Plaza de la Justicia",
        "@geometry": "center"
      },
      "geometry": {
        "type": "Point",
        "coordinates": [
          -65.414675,
          -24.7268816
        ]
      },
      "id": "way/633679463"
    },
    {
      "type": "Feature",
      "properties": {
        "@id": "way/633746883",
        "leisure": "park",
        "@geometry": "center"
      },
      "geometry": {
        "type": "Point",
        "coordinates": [
          -65.4177864,
          -24.8032678
        ]
      },
      "id": "way/633746883"
    },
    {
      "type": "Feature",
      "properties": {
        "@id": "way/633746892",
        "leisure": "park",
        "name": "Plazoleta Los Árboles",
        "@geometry": "center"
      },
      "geometry": {
        "type": "Point",
        "coordinates": [
          -65.3946617,
          -24.7705676
        ]
      },
      "id": "way/633746892"
    },
    {
      "type": "Feature",
      "properties": {
        "@id": "way/633762477",
        "leisure": "pitch",
        "@geometry": "center"
      },
      "geometry": {
        "type": "Point",
        "coordinates": [
          -65.4511816,
          -24.8042332
        ]
      },
      "id": "way/633762477"
    },
    {
      "type": "Feature",
      "properties": {
        "@id": "way/633762482",
        "leisure": "pitch",
        "@geometry": "center"
      },
      "geometry": {
        "type": "Point",
        "coordinates": [
          -65.4278257,
          -24.8540454
        ]
      },
      "id": "way/633762482"
    },
    {
      "type": "Feature",
      "properties": {
        "@id": "way/659287139",
        "leisure": "park",
        "name": "Los Lapachos",
        "@geometry": "center"
      },
      "geometry": {
        "type": "Point",
        "coordinates": [
          -65.4375528,
          -24.8572429
        ]
      },
      "id": "way/659287139"
    },
    {
      "type": "Feature",
      "properties": {
        "@id": "way/659287140",
        "leisure": "park",
        "@geometry": "center"
      },
      "geometry": {
        "type": "Point",
        "coordinates": [
          -65.4343652,
          -24.8575928
        ]
      },
      "id": "way/659287140"
    },
    {
      "type": "Feature",
      "properties": {
        "@id": "way/665220438",
        "leisure": "park",
        "@geometry": "center"
      },
      "geometry": {
        "type": "Point",
        "coordinates": [
          -65.419022,
          -24.8293936
        ]
      },
      "id": "way/665220438"
    },
    {
      "type": "Feature",
      "properties": {
        "@id": "way/665220444",
        "leisure": "park",
        "@geometry": "center"
      },
      "geometry": {
        "type": "Point",
        "coordinates": [
          -65.4191148,
          -24.8290558
        ]
      },
      "id": "way/665220444"
    },
    {
      "type": "Feature",
      "properties": {
        "@id": "way/668185711",
        "leisure": "park",
        "@geometry": "center"
      },
      "geometry": {
        "type": "Point",
        "coordinates": [
          -65.3980204,
          -24.7545021
        ]
      },
      "id": "way/668185711"
    },
    {
      "type": "Feature",
      "properties": {
        "@id": "way/668186272",
        "leisure": "park",
        "name": "plaza Matias A.",
        "@geometry": "center"
      },
      "geometry": {
        "type": "Point",
        "coordinates": [
          -65.3944438,
          -24.754814
        ]
      },
      "id": "way/668186272"
    },
    {
      "type": "Feature",
      "properties": {
        "@id": "way/669953542",
        "leisure": "park",
        "@geometry": "center"
      },
      "geometry": {
        "type": "Point",
        "coordinates": [
          -65.3969316,
          -24.7551015
        ]
      },
      "id": "way/669953542"
    },
    {
      "type": "Feature",
      "properties": {
        "@id": "way/700675557",
        "leisure": "park",
        "name": "Plazoleta Cristóbal Colón",
        "@geometry": "center"
      },
      "geometry": {
        "type": "Point",
        "coordinates": [
          -65.4324078,
          -24.78174
        ]
      },
      "id": "way/700675557"
    },
    {
      "type": "Feature",
      "properties": {
        "@id": "way/702565371",
        "leisure": "park",
        "name": "Plaza Villa Mitre I",
        "@geometry": "center"
      },
      "geometry": {
        "type": "Point",
        "coordinates": [
          -65.3785933,
          -24.8110167
        ]
      },
      "id": "way/702565371"
    },
    {
      "type": "Feature",
      "properties": {
        "@id": "way/702567919",
        "addr:city": "Salta",
        "addr:postcode": "4400",
        "addr:street": "Juan Muñoz Cabrera",
        "leisure": "park",
        "name": "Plaza 25 de Mayo",
        "source": "local knowledge",
        "@geometry": "center"
      },
      "geometry": {
        "type": "Point",
        "coordinates": [
          -65.3849635,
          -24.8208203
        ]
      },
      "id": "way/702567919"
    },
    {
      "type": "Feature",
      "properties": {
        "@id": "way/702568228",
        "access": "yes",
        "leisure": "pitch",
        "name": "Canchas de B° 20 de Junio",
        "sport": "soccer",
        "surface": "grass",
        "@geometry": "center"
      },
      "geometry": {
        "type": "Point",
        "coordinates": [
          -65.384895,
          -24.8215316
        ]
      },
      "id": "way/702568228"
    },
    {
      "type": "Feature",
      "properties": {
        "@id": "way/702568472",
        "leisure": "park",
        "name": "Parque Infantil B° Firpo",
        "source": "local knowledge",
        "@geometry": "center"
      },
      "geometry": {
        "type": "Point",
        "coordinates": [
          -65.386453,
          -24.8110347
        ]
      },
      "id": "way/702568472"
    },
    {
      "type": "Feature",
      "properties": {
        "@id": "way/702570277",
        "access": "yes",
        "leisure": "pitch",
        "name": "Canchas de B° El Milagro",
        "sport": "soccer;basketball",
        "surface": "asphalt",
        "@geometry": "center"
      },
      "geometry": {
        "type": "Point",
        "coordinates": [
          -65.3849366,
          -24.8121143
        ]
      },
      "id": "way/702570277"
    },
    {
      "type": "Feature",
      "properties": {
        "@id": "way/702570278",
        "leisure": "park",
        "name": "Plaza B° El Milagro",
        "@geometry": "center"
      },
      "geometry": {
        "type": "Point",
        "coordinates": [
          -65.385173,
          -24.8122355
        ]
      },
      "id": "way/702570278"
    },
    {
      "type": "Feature",
      "properties": {
        "@id": "way/702570279",
        "access": "yes",
        "leisure": "playground",
        "surface": "grass",
        "@geometry": "center"
      },
      "geometry": {
        "type": "Point",
        "coordinates": [
          -65.3774751,
          -24.8163777
        ]
      },
      "id": "way/702570279"
    },
    {
      "type": "Feature",
      "properties": {
        "@id": "way/702576023",
        "leisure": "park",
        "@geometry": "center"
      },
      "geometry": {
        "type": "Point",
        "coordinates": [
          -65.3773437,
          -24.8090192
        ]
      },
      "id": "way/702576023"
    },
    {
      "type": "Feature",
      "properties": {
        "@id": "way/702576025",
        "leisure": "pitch",
        "sport": "multi",
        "@geometry": "center"
      },
      "geometry": {
        "type": "Point",
        "coordinates": [
          -65.3794309,
          -24.8106753
        ]
      },
      "id": "way/702576025"
    },
    {
      "type": "Feature",
      "properties": {
        "@id": "way/702576026",
        "leisure": "playground",
        "@geometry": "center"
      },
      "geometry": {
        "type": "Point",
        "coordinates": [
          -65.3792845,
          -24.8104365
        ]
      },
      "id": "way/702576026"
    },
    {
      "type": "Feature",
      "properties": {
        "@id": "way/716011877",
        "leisure": "playground",
        "@geometry": "center"
      },
      "geometry": {
        "type": "Point",
        "coordinates": [
          -65.3932429,
          -24.7721442
        ]
      },
      "id": "way/716011877"
    },
    {
      "type": "Feature",
      "properties": {
        "@id": "way/716011885",
        "leisure": "pitch",
        "sport": "soccer",
        "@geometry": "center"
      },
      "geometry": {
        "type": "Point",
        "coordinates": [
          -65.3927374,
          -24.7648523
        ]
      },
      "id": "way/716011885"
    },
    {
      "type": "Feature",
      "properties": {
        "@id": "way/716015439",
        "leisure": "park",
        "@geometry": "center"
      },
      "geometry": {
        "type": "Point",
        "coordinates": [
          -65.3867383,
          -24.769354
        ]
      },
      "id": "way/716015439"
    },
    {
      "type": "Feature",
      "properties": {
        "@id": "way/716015441",
        "leisure": "playground",
        "@geometry": "center"
      },
      "geometry": {
        "type": "Point",
        "coordinates": [
          -65.3866218,
          -24.7691792
        ]
      },
      "id": "way/716015441"
    },
    {
      "type": "Feature",
      "properties": {
        "@id": "way/716889413",
        "leisure": "park",
        "@geometry": "center"
      },
      "geometry": {
        "type": "Point",
        "coordinates": [
          -65.3930316,
          -24.7725443
        ]
      },
      "id": "way/716889413"
    },
    {
      "type": "Feature",
      "properties": {
        "@id": "way/720025901",
        "leisure": "park",
        "name": "Gruta de Tres Cerritos",
        "@geometry": "center"
      },
      "geometry": {
        "type": "Point",
        "coordinates": [
          -65.3884902,
          -24.7712147
        ]
      },
      "id": "way/720025901"
    },
    {
      "type": "Feature",
      "properties": {
        "@id": "way/720025905",
        "leisure": "park",
        "name": "Base del sendero a la virgen",
        "@geometry": "center"
      },
      "geometry": {
        "type": "Point",
        "coordinates": [
          -65.3853724,
          -24.7682132
        ]
      },
      "id": "way/720025905"
    },
    {
      "type": "Feature",
      "properties": {
        "@id": "way/720025919",
        "leisure": "pitch",
        "sport": "basketball",
        "@geometry": "center"
      },
      "geometry": {
        "type": "Point",
        "coordinates": [
          -65.3972296,
          -24.7622534
        ]
      },
      "id": "way/720025919"
    },
    {
      "type": "Feature",
      "properties": {
        "@id": "way/720025920",
        "access": "yes",
        "leisure": "playground",
        "@geometry": "center"
      },
      "geometry": {
        "type": "Point",
        "coordinates": [
          -65.3984246,
          -24.7622472
        ]
      },
      "id": "way/720025920"
    },
    {
      "type": "Feature",
      "properties": {
        "@id": "way/720025921",
        "leisure": "park",
        "name": "Plaza San Francisco de Asís",
        "@geometry": "center"
      },
      "geometry": {
        "type": "Point",
        "coordinates": [
          -65.3979781,
          -24.761094
        ]
      },
      "id": "way/720025921"
    },
    {
      "type": "Feature",
      "properties": {
        "@id": "way/720025924",
        "leisure": "park",
        "name": "Plazoleta de los Asistentes Sociales",
        "@geometry": "center"
      },
      "geometry": {
        "type": "Point",
        "coordinates": [
          -65.3978137,
          -24.7637023
        ]
      },
      "id": "way/720025924"
    },
    {
      "type": "Feature",
      "properties": {
        "@id": "way/722091257",
        "leisure": "swimming_pool",
        "@geometry": "center"
      },
      "geometry": {
        "type": "Point",
        "coordinates": [
          -65.3889128,
          -24.7655481
        ]
      },
      "id": "way/722091257"
    },
    {
      "type": "Feature",
      "properties": {
        "@id": "way/737738859",
        "leisure": "park",
        "name": "Plaza Quechua",
        "@geometry": "center"
      },
      "geometry": {
        "type": "Point",
        "coordinates": [
          -65.4025242,
          -24.7352609
        ]
      },
      "id": "way/737738859"
    },
    {
      "type": "Feature",
      "properties": {
        "@id": "way/737738860",
        "leisure": "park",
        "name": "Plaza Nahuatl",
        "@geometry": "center"
      },
      "geometry": {
        "type": "Point",
        "coordinates": [
          -65.4100064,
          -24.737545
        ]
      },
      "id": "way/737738860"
    },
    {
      "type": "Feature",
      "properties": {
        "@id": "way/737749980",
        "leisure": "park",
        "name": "Plaza Luisa Bernal de Villar",
        "@geometry": "center"
      },
      "geometry": {
        "type": "Point",
        "coordinates": [
          -65.464328,
          -24.8450346
        ]
      },
      "id": "way/737749980"
    },
    {
      "type": "Feature",
      "properties": {
        "@id": "way/737749981",
        "leisure": "park",
        "name": "Mujeres Güemesianas",
        "@geometry": "center"
      },
      "geometry": {
        "type": "Point",
        "coordinates": [
          -65.4648881,
          -24.8487234
        ]
      },
      "id": "way/737749981"
    },
    {
      "type": "Feature",
      "properties": {
        "@id": "way/737749982",
        "leisure": "park",
        "name": "Mercedes Arancibia",
        "@geometry": "center"
      },
      "geometry": {
        "type": "Point",
        "coordinates": [
          -65.4667921,
          -24.8492771
        ]
      },
      "id": "way/737749982"
    },
    {
      "type": "Feature",
      "properties": {
        "@id": "way/737749983",
        "leisure": "park",
        "name": "Mujeres Belgranianas",
        "@geometry": "center"
      },
      "geometry": {
        "type": "Point",
        "coordinates": [
          -65.4675476,
          -24.8504431
        ]
      },
      "id": "way/737749983"
    },
    {
      "type": "Feature",
      "properties": {
        "@id": "way/737749984",
        "leisure": "park",
        "name": "Niñas de Ayohuma",
        "@geometry": "center"
      },
      "geometry": {
        "type": "Point",
        "coordinates": [
          -65.4664837,
          -24.8527023
        ]
      },
      "id": "way/737749984"
    },
    {
      "type": "Feature",
      "properties": {
        "@id": "way/737749985",
        "leisure": "park",
        "name": "Amy Pátterson",
        "@geometry": "center"
      },
      "geometry": {
        "type": "Point",
        "coordinates": [
          -65.4664949,
          -24.8539672
        ]
      },
      "id": "way/737749985"
    },
    {
      "type": "Feature",
      "properties": {
        "@id": "way/738079728",
        "leisure": "park",
        "name": "Plaza Gema Fernández Arcieri de Gamboa",
        "@geometry": "center"
      },
      "geometry": {
        "type": "Point",
        "coordinates": [
          -65.4221833,
          -24.72902
        ]
      },
      "id": "way/738079728"
    },
    {
      "type": "Feature",
      "properties": {
        "@id": "way/738079729",
        "leisure": "park",
        "name": "Plaza Silvia Ruth Saez de Vuitaz",
        "@geometry": "center"
      },
      "geometry": {
        "type": "Point",
        "coordinates": [
          -65.4226002,
          -24.7204138
        ]
      },
      "id": "way/738079729"
    },
    {
      "type": "Feature",
      "properties": {
        "@id": "way/738096523",
        "leisure": "park",
        "name": "Plaza Ema Solá de Solá",
        "@geometry": "center"
      },
      "geometry": {
        "type": "Point",
        "coordinates": [
          -65.4024355,
          -24.721201
        ]
      },
      "id": "way/738096523"
    },
    {
      "type": "Feature",
      "properties": {
        "@id": "way/738693075",
        "leisure": "park",
        "name": "Plaza Tinkunacu",
        "@geometry": "center"
      },
      "geometry": {
        "type": "Point",
        "coordinates": [
          -65.4076339,
          -24.8252871
        ]
      },
      "id": "way/738693075"
    },
    {
      "type": "Feature",
      "properties": {
        "@id": "way/738704992",
        "leisure": "park",
        "name": "Plaza Los Infernales de Güemes",
        "@geometry": "center"
      },
      "geometry": {
        "type": "Point",
        "coordinates": [
          -65.4028393,
          -24.8168961
        ]
      },
      "id": "way/738704992"
    },
    {
      "type": "Feature",
      "properties": {
        "@id": "way/738931902",
        "layer": "-1",
        "leisure": "park",
        "name": "Plaza Combatientes de la Patria",
        "@geometry": "center"
      },
      "geometry": {
        "type": "Point",
        "coordinates": [
          -65.3979878,
          -24.7315288
        ]
      },
      "id": "way/738931902"
    },
    {
      "type": "Feature",
      "properties": {
        "@id": "way/738933631",
        "leisure": "park",
        "@geometry": "center"
      },
      "geometry": {
        "type": "Point",
        "coordinates": [
          -65.4107471,
          -24.7176937
        ]
      },
      "id": "way/738933631"
    },
    {
      "type": "Feature",
      "properties": {
        "@id": "way/738953870",
        "leisure": "park",
        "name": "Plaza Eduardo Madeo",
        "@geometry": "center"
      },
      "geometry": {
        "type": "Point",
        "coordinates": [
          -65.4387153,
          -24.8500955
        ]
      },
      "id": "way/738953870"
    },
    {
      "type": "Feature",
      "properties": {
        "@id": "way/738961036",
        "leisure": "park",
        "name": "Plaza Elizabeth Frers",
        "@geometry": "center"
      },
      "geometry": {
        "type": "Point",
        "coordinates": [
          -65.4132108,
          -24.823095
        ]
      },
      "id": "way/738961036"
    },
    {
      "type": "Feature",
      "properties": {
        "@id": "way/738969795",
        "leisure": "park",
        "name": "Plaza Roberto Dib Ashur",
        "@geometry": "center"
      },
      "geometry": {
        "type": "Point",
        "coordinates": [
          -65.4168375,
          -24.8348707
        ]
      },
      "id": "way/738969795"
    },
    {
      "type": "Feature",
      "properties": {
        "@id": "way/738969796",
        "leisure": "park",
        "name": "Plaza Alejandro Balut",
        "@geometry": "center"
      },
      "geometry": {
        "type": "Point",
        "coordinates": [
          -65.4185845,
          -24.8394615
        ]
      },
      "id": "way/738969796"
    },
    {
      "type": "Feature",
      "properties": {
        "@id": "way/738969797",
        "leisure": "park",
        "name": "Efran Casuf",
        "@geometry": "center"
      },
      "geometry": {
        "type": "Point",
        "coordinates": [
          -65.4169935,
          -24.8410534
        ]
      },
      "id": "way/738969797"
    },
    {
      "type": "Feature",
      "properties": {
        "@id": "way/739627632",
        "leisure": "park",
        "name": "Plazoleta Wenceslao Pedernera",
        "@geometry": "center"
      },
      "geometry": {
        "type": "Point",
        "coordinates": [
          -65.4312418,
          -24.8137406
        ]
      },
      "id": "way/739627632"
    },
    {
      "type": "Feature",
      "properties": {
        "@id": "way/739631821",
        "leisure": "park",
        "@geometry": "center"
      },
      "geometry": {
        "type": "Point",
        "coordinates": [
          -65.450766,
          -24.8289327
        ]
      },
      "id": "way/739631821"
    },
    {
      "type": "Feature",
      "properties": {
        "@id": "way/739631822",
        "leisure": "park",
        "name": "Plaza Cabo Javier Quieroga",
        "@geometry": "center"
      },
      "geometry": {
        "type": "Point",
        "coordinates": [
          -65.4511892,
          -24.8333169
        ]
      },
      "id": "way/739631822"
    },
    {
      "type": "Feature",
      "properties": {
        "@id": "way/740047143",
        "leisure": "park",
        "name": "Plaza Ingeniero Roberto Issa",
        "@geometry": "center"
      },
      "geometry": {
        "type": "Point",
        "coordinates": [
          -65.3879504,
          -24.7741698
        ]
      },
      "id": "way/740047143"
    },
    {
      "type": "Feature",
      "properties": {
        "@id": "way/744469344",
        "leisure": "park",
        "@geometry": "center"
      },
      "geometry": {
        "type": "Point",
        "coordinates": [
          -65.4473912,
          -24.7800594
        ]
      },
      "id": "way/744469344"
    },
    {
      "type": "Feature",
      "properties": {
        "@id": "way/744469345",
        "leisure": "park",
        "@geometry": "center"
      },
      "geometry": {
        "type": "Point",
        "coordinates": [
          -65.4479156,
          -24.7809376
        ]
      },
      "id": "way/744469345"
    },
    {
      "type": "Feature",
      "properties": {
        "@id": "way/744469346",
        "leisure": "park",
        "@geometry": "center"
      },
      "geometry": {
        "type": "Point",
        "coordinates": [
          -65.448284,
          -24.7813939
        ]
      },
      "id": "way/744469346"
    },
    {
      "type": "Feature",
      "properties": {
        "@id": "way/745822725",
        "leisure": "park",
        "@geometry": "center"
      },
      "geometry": {
        "type": "Point",
        "coordinates": [
          -65.4170638,
          -24.7218753
        ]
      },
      "id": "way/745822725"
    },
    {
      "type": "Feature",
      "properties": {
        "@id": "way/745822726",
        "leisure": "park",
        "@geometry": "center"
      },
      "geometry": {
        "type": "Point",
        "coordinates": [
          -65.4184052,
          -24.720006
        ]
      },
      "id": "way/745822726"
    },
    {
      "type": "Feature",
      "properties": {
        "@id": "way/745822727",
        "leisure": "park",
        "@geometry": "center"
      },
      "geometry": {
        "type": "Point",
        "coordinates": [
          -65.4188903,
          -24.7207917
        ]
      },
      "id": "way/745822727"
    },
    {
      "type": "Feature",
      "properties": {
        "@id": "way/746483409",
        "leisure": "park",
        "name": "Plaza El Huaico 2",
        "@geometry": "center"
      },
      "geometry": {
        "type": "Point",
        "coordinates": [
          -65.4231918,
          -24.7215195
        ]
      },
      "id": "way/746483409"
    },
    {
      "type": "Feature",
      "properties": {
        "@id": "way/746485916",
        "leisure": "sports_centre",
        "name": "Delmi",
        "@geometry": "center"
      },
      "geometry": {
        "type": "Point",
        "coordinates": [
          -65.4222022,
          -24.7765638
        ]
      },
      "id": "way/746485916"
    },
    {
      "type": "Feature",
      "properties": {
        "@id": "way/749965311",
        "leisure": "park",
        "@geometry": "center"
      },
      "geometry": {
        "type": "Point",
        "coordinates": [
          -65.399855,
          -24.8257595
        ]
      },
      "id": "way/749965311"
    },
    {
      "type": "Feature",
      "properties": {
        "@id": "way/750301885",
        "leisure": "park",
        "name": "Plazoleta de los Historiadores Salteños",
        "@geometry": "center"
      },
      "geometry": {
        "type": "Point",
        "coordinates": [
          -65.3845413,
          -24.8348285
        ]
      },
      "id": "way/750301885"
    },
    {
      "type": "Feature",
      "properties": {
        "@id": "way/750944133",
        "leisure": "park",
        "name": "Plazoleta de las Banderas",
        "@geometry": "center"
      },
      "geometry": {
        "type": "Point",
        "coordinates": [
          -65.4222471,
          -24.7765768
        ]
      },
      "id": "way/750944133"
    },
    {
      "type": "Feature",
      "properties": {
        "@id": "way/751147157",
        "leisure": "park",
        "name": "Plaza Nicolás Avellaneda",
        "@geometry": "center"
      },
      "geometry": {
        "type": "Point",
        "coordinates": [
          -65.4420118,
          -24.8053339
        ]
      },
      "id": "way/751147157"
    },
    {
      "type": "Feature",
      "properties": {
        "@id": "way/751147158",
        "leisure": "pitch",
        "sport": "soccer",
        "@geometry": "center"
      },
      "geometry": {
        "type": "Point",
        "coordinates": [
          -65.4170406,
          -24.8171199
        ]
      },
      "id": "way/751147158"
    },
    {
      "type": "Feature",
      "properties": {
        "@id": "way/751147159",
        "leisure": "pitch",
        "sport": "soccer",
        "@geometry": "center"
      },
      "geometry": {
        "type": "Point",
        "coordinates": [
          -65.4164575,
          -24.816546
        ]
      },
      "id": "way/751147159"
    },
    {
      "type": "Feature",
      "properties": {
        "@id": "way/751736243",
        "leisure": "park",
        "name": "Plazoleta Antonio Moya",
        "@geometry": "center"
      },
      "geometry": {
        "type": "Point",
        "coordinates": [
          -65.4267255,
          -24.8127978
        ]
      },
      "id": "way/751736243"
    },
    {
      "type": "Feature",
      "properties": {
        "@id": "way/751969726",
        "leisure": "park",
        "name": "Plazoleta Victorino de la Plaza",
        "@geometry": "center"
      },
      "geometry": {
        "type": "Point",
        "coordinates": [
          -65.3914247,
          -24.7957298
        ]
      },
      "id": "way/751969726"
    },
    {
      "type": "Feature",
      "properties": {
        "@id": "way/752093415",
        "leisure": "park",
        "@geometry": "center"
      },
      "geometry": {
        "type": "Point",
        "coordinates": [
          -65.4397463,
          -24.7710144
        ]
      },
      "id": "way/752093415"
    },
    {
      "type": "Feature",
      "properties": {
        "@id": "way/752094366",
        "leisure": "park",
        "@geometry": "center"
      },
      "geometry": {
        "type": "Point",
        "coordinates": [
          -65.4200012,
          -24.8062339
        ]
      },
      "id": "way/752094366"
    },
    {
      "type": "Feature",
      "properties": {
        "@id": "way/752094367",
        "leisure": "park",
        "@geometry": "center"
      },
      "geometry": {
        "type": "Point",
        "coordinates": [
          -65.4208249,
          -24.805884
        ]
      },
      "id": "way/752094367"
    },
    {
      "type": "Feature",
      "properties": {
        "@id": "way/752094368",
        "leisure": "park",
        "@geometry": "center"
      },
      "geometry": {
        "type": "Point",
        "coordinates": [
          -65.4217436,
          -24.8055185
        ]
      },
      "id": "way/752094368"
    },
    {
      "type": "Feature",
      "properties": {
        "@id": "way/752094369",
        "leisure": "park",
        "@geometry": "center"
      },
      "geometry": {
        "type": "Point",
        "coordinates": [
          -65.4225453,
          -24.805195
        ]
      },
      "id": "way/752094369"
    },
    {
      "type": "Feature",
      "properties": {
        "@id": "way/752094370",
        "leisure": "park",
        "@geometry": "center"
      },
      "geometry": {
        "type": "Point",
        "coordinates": [
          -65.4237848,
          -24.8048468
        ]
      },
      "id": "way/752094370"
    },
    {
      "type": "Feature",
      "properties": {
        "@id": "way/752094371",
        "leisure": "park",
        "@geometry": "center"
      },
      "geometry": {
        "type": "Point",
        "coordinates": [
          -65.4251005,
          -24.8045814
        ]
      },
      "id": "way/752094371"
    },
    {
      "type": "Feature",
      "properties": {
        "@id": "way/752094372",
        "leisure": "park",
        "@geometry": "center"
      },
      "geometry": {
        "type": "Point",
        "coordinates": [
          -65.4266618,
          -24.8042667
        ]
      },
      "id": "way/752094372"
    },
    {
      "type": "Feature",
      "properties": {
        "@id": "way/752094373",
        "leisure": "park",
        "@geometry": "center"
      },
      "geometry": {
        "type": "Point",
        "coordinates": [
          -65.4277615,
          -24.8035978
        ]
      },
      "id": "way/752094373"
    },
    {
      "type": "Feature",
      "properties": {
        "@id": "way/753613740",
        "leisure": "park",
        "@geometry": "center"
      },
      "geometry": {
        "type": "Point",
        "coordinates": [
          -65.3791793,
          -24.8104003
        ]
      },
      "id": "way/753613740"
    },
    {
      "type": "Feature",
      "properties": {
        "@id": "way/753613741",
        "leisure": "park",
        "@geometry": "center"
      },
      "geometry": {
        "type": "Point",
        "coordinates": [
          -65.3785919,
          -24.8098008
        ]
      },
      "id": "way/753613741"
    },
    {
      "type": "Feature",
      "properties": {
        "@id": "way/753613742",
        "leisure": "park",
        "@geometry": "center"
      },
      "geometry": {
        "type": "Point",
        "coordinates": [
          -65.3780816,
          -24.8094392
        ]
      },
      "id": "way/753613742"
    },
    {
      "type": "Feature",
      "properties": {
        "@id": "way/753613744",
        "leisure": "park",
        "@geometry": "center"
      },
      "geometry": {
        "type": "Point",
        "coordinates": [
          -65.3782415,
          -24.8101632
        ]
      },
      "id": "way/753613744"
    },
    {
      "type": "Feature",
      "properties": {
        "@id": "way/753613745",
        "leisure": "park",
        "@geometry": "center"
      },
      "geometry": {
        "type": "Point",
        "coordinates": [
          -65.3797801,
          -24.8112412
        ]
      },
      "id": "way/753613745"
    },
    {
      "type": "Feature",
      "properties": {
        "@id": "way/753613746",
        "leisure": "park",
        "@geometry": "center"
      },
      "geometry": {
        "type": "Point",
        "coordinates": [
          -65.3800711,
          -24.8119135
        ]
      },
      "id": "way/753613746"
    },
    {
      "type": "Feature",
      "properties": {
        "@id": "way/775020183",
        "leisure": "park",
        "@geometry": "center"
      },
      "geometry": {
        "type": "Point",
        "coordinates": [
          -65.4476074,
          -24.769685
        ]
      },
      "id": "way/775020183"
    },
    {
      "type": "Feature",
      "properties": {
        "@id": "way/784094693",
        "leisure": "pitch",
        "sport": "basketball",
        "@geometry": "center"
      },
      "geometry": {
        "type": "Point",
        "coordinates": [
          -65.4028564,
          -24.8166896
        ]
      },
      "id": "way/784094693"
    },
    {
      "type": "Feature",
      "properties": {
        "@id": "way/793351788",
        "leisure": "park",
        "operator": "PLAZA",
        "@geometry": "center"
      },
      "geometry": {
        "type": "Point",
        "coordinates": [
          -65.4026348,
          -24.737602
        ]
      },
      "id": "way/793351788"
    },
    {
      "type": "Feature",
      "properties": {
        "@id": "way/793351793",
        "leisure": "park",
        "@geometry": "center"
      },
      "geometry": {
        "type": "Point",
        "coordinates": [
          -65.4001753,
          -24.7370173
        ]
      },
      "id": "way/793351793"
    },
    {
      "type": "Feature",
      "properties": {
        "@id": "way/793351797",
        "leisure": "park",
        "@geometry": "center"
      },
      "geometry": {
        "type": "Point",
        "coordinates": [
          -65.4006266,
          -24.7386432
        ]
      },
      "id": "way/793351797"
    },
    {
      "type": "Feature",
      "properties": {
        "@id": "way/793352489",
        "leisure": "park",
        "@geometry": "center"
      },
      "geometry": {
        "type": "Point",
        "coordinates": [
          -65.3896449,
          -24.7358762
        ]
      },
      "id": "way/793352489"
    },
    {
      "type": "Feature",
      "properties": {
        "@id": "way/793353544",
        "leisure": "park",
        "@geometry": "center"
      },
      "geometry": {
        "type": "Point",
        "coordinates": [
          -65.3946135,
          -24.734611
        ]
      },
      "id": "way/793353544"
    },
    {
      "type": "Feature",
      "properties": {
        "@id": "way/793355608",
        "amenity": "place_of_worship",
        "building": "yes",
        "layer": "-1",
        "name": "Iglesia Mormona",
        "religion": "christian",
        "@geometry": "center"
      },
      "geometry": {
        "type": "Point",
        "coordinates": [
          -65.3974913,
          -24.7320354
        ]
      },
      "id": "way/793355608"
    },
    {
      "type": "Feature",
      "properties": {
        "@id": "way/793358878",
        "leisure": "park",
        "@geometry": "center"
      },
      "geometry": {
        "type": "Point",
        "coordinates": [
          -65.3987032,
          -24.7298477
        ]
      },
      "id": "way/793358878"
    },
    {
      "type": "Feature",
      "properties": {
        "@id": "way/793358879",
        "leisure": "park",
        "@geometry": "center"
      },
      "geometry": {
        "type": "Point",
        "coordinates": [
          -65.3982523,
          -24.7294431
        ]
      },
      "id": "way/793358879"
    },
    {
      "type": "Feature",
      "properties": {
        "@id": "way/794251661",
        "leisure": "park",
        "@geometry": "center"
      },
      "geometry": {
        "type": "Point",
        "coordinates": [
          -65.4110381,
          -24.7451513
        ]
      },
      "id": "way/794251661"
    },
    {
      "type": "Feature",
      "properties": {
        "@id": "way/794251670",
        "leisure": "park",
        "@geometry": "center"
      },
      "geometry": {
        "type": "Point",
        "coordinates": [
          -65.4073741,
          -24.7451903
        ]
      },
      "id": "way/794251670"
    },
    {
      "type": "Feature",
      "properties": {
        "@id": "way/794251676",
        "leisure": "park",
        "@geometry": "center"
      },
      "geometry": {
        "type": "Point",
        "coordinates": [
          -65.407409,
          -24.7466153
        ]
      },
      "id": "way/794251676"
    },
    {
      "type": "Feature",
      "properties": {
        "@id": "way/794251677",
        "leisure": "park",
        "@geometry": "center"
      },
      "geometry": {
        "type": "Point",
        "coordinates": [
          -65.4073393,
          -24.7467955
        ]
      },
      "id": "way/794251677"
    },
    {
      "type": "Feature",
      "properties": {
        "@id": "way/794251678",
        "leisure": "park",
        "@geometry": "center"
      },
      "geometry": {
        "type": "Point",
        "coordinates": [
          -65.4067806,
          -24.7469075
        ]
      },
      "id": "way/794251678"
    },
    {
      "type": "Feature",
      "properties": {
        "@id": "way/794251683",
        "leisure": "park",
        "@geometry": "center"
      },
      "geometry": {
        "type": "Point",
        "coordinates": [
          -65.408845,
          -24.7469393
        ]
      },
      "id": "way/794251683"
    },
    {
      "type": "Feature",
      "properties": {
        "@id": "way/794251684",
        "leisure": "park",
        "@geometry": "center"
      },
      "geometry": {
        "type": "Point",
        "coordinates": [
          -65.4103675,
          -24.7469294
        ]
      },
      "id": "way/794251684"
    },
    {
      "type": "Feature",
      "properties": {
        "@id": "way/794262186",
        "leisure": "pitch",
        "sport": "american_football",
        "@geometry": "center"
      },
      "geometry": {
        "type": "Point",
        "coordinates": [
          -65.3928407,
          -24.728119
        ]
      },
      "id": "way/794262186"
    },
    {
      "type": "Feature",
      "properties": {
        "@id": "way/807308230",
        "leisure": "park",
        "@geometry": "center"
      },
      "geometry": {
        "type": "Point",
        "coordinates": [
          -65.4177862,
          -24.7203997
        ]
      },
      "id": "way/807308230"
    },
    {
      "type": "Feature",
      "properties": {
        "@id": "way/807308231",
        "leisure": "park",
        "@geometry": "center"
      },
      "geometry": {
        "type": "Point",
        "coordinates": [
          -65.4161167,
          -24.7226024
        ]
      },
      "id": "way/807308231"
    },
    {
      "type": "Feature",
      "properties": {
        "@id": "way/807385621",
        "leisure": "park",
        "@geometry": "center"
      },
      "geometry": {
        "type": "Point",
        "coordinates": [
          -65.4016209,
          -24.7335434
        ]
      },
      "id": "way/807385621"
    },
    {
      "type": "Feature",
      "properties": {
        "@id": "way/807400346",
        "amenity": "place_of_worship",
        "building": "yes",
        "name": "Parroquía Sagrado Corazón de Jesús",
        "religion": "christian",
        "@geometry": "center"
      },
      "geometry": {
        "type": "Point",
        "coordinates": [
          -65.3993997,
          -24.7300392
        ]
      },
      "id": "way/807400346"
    },
    {
      "type": "Feature",
      "properties": {
        "@id": "way/807413368",
        "amenity": "place_of_worship",
        "building": "yes",
        "name": "Gruta",
        "religion": "christian",
        "@geometry": "center"
      },
      "geometry": {
        "type": "Point",
        "coordinates": [
          -65.3988054,
          -24.7265892
        ]
      },
      "id": "way/807413368"
    },
    {
      "type": "Feature",
      "properties": {
        "@id": "way/807415482",
        "leisure": "pitch",
        "sport": "soccer",
        "@geometry": "center"
      },
      "geometry": {
        "type": "Point",
        "coordinates": [
          -65.3935003,
          -24.7293195
        ]
      },
      "id": "way/807415482"
    },
    {
      "type": "Feature",
      "properties": {
        "@id": "way/807417110",
        "leisure": "pitch",
        "sport": "soccer",
        "@geometry": "center"
      },
      "geometry": {
        "type": "Point",
        "coordinates": [
          -65.3992583,
          -24.7319119
        ]
      },
      "id": "way/807417110"
    },
    {
      "type": "Feature",
      "properties": {
        "@id": "way/807826628",
        "leisure": "pitch",
        "sport": "soccer",
        "@geometry": "center"
      },
      "geometry": {
        "type": "Point",
        "coordinates": [
          -65.3954344,
          -24.7273317
        ]
      },
      "id": "way/807826628"
    },
    {
      "type": "Feature",
      "properties": {
        "@id": "way/807843104",
        "leisure": "park",
        "@geometry": "center"
      },
      "geometry": {
        "type": "Point",
        "coordinates": [
          -65.4188851,
          -24.7173081
        ]
      },
      "id": "way/807843104"
    },
    {
      "type": "Feature",
      "properties": {
        "@id": "way/807843106",
        "leisure": "park",
        "@geometry": "center"
      },
      "geometry": {
        "type": "Point",
        "coordinates": [
          -65.4210513,
          -24.7175427
        ]
      },
      "id": "way/807843106"
    },
    {
      "type": "Feature",
      "properties": {
        "@id": "way/807843107",
        "leisure": "park",
        "@geometry": "center"
      },
      "geometry": {
        "type": "Point",
        "coordinates": [
          -65.4210375,
          -24.7164372
        ]
      },
      "id": "way/807843107"
    },
    {
      "type": "Feature",
      "properties": {
        "@id": "way/807843108",
        "leisure": "park",
        "@geometry": "center"
      },
      "geometry": {
        "type": "Point",
        "coordinates": [
          -65.4203833,
          -24.7183376
        ]
      },
      "id": "way/807843108"
    },
    {
      "type": "Feature",
      "properties": {
        "@id": "way/807843112",
        "leisure": "park",
        "@geometry": "center"
      },
      "geometry": {
        "type": "Point",
        "coordinates": [
          -65.4195266,
          -24.7189099
        ]
      },
      "id": "way/807843112"
    },
    {
      "type": "Feature",
      "properties": {
        "@id": "way/807854710",
        "leisure": "park",
        "@geometry": "center"
      },
      "geometry": {
        "type": "Point",
        "coordinates": [
          -65.4185217,
          -24.7226067
        ]
      },
      "id": "way/807854710"
    },
    {
      "type": "Feature",
      "properties": {
        "@id": "way/807854711",
        "leisure": "park",
        "@geometry": "center"
      },
      "geometry": {
        "type": "Point",
        "coordinates": [
          -65.4184678,
          -24.7197576
        ]
      },
      "id": "way/807854711"
    },
    {
      "type": "Feature",
      "properties": {
        "@id": "way/807854715",
        "leisure": "park",
        "@geometry": "center"
      },
      "geometry": {
        "type": "Point",
        "coordinates": [
          -65.4159541,
          -24.7233644
        ]
      },
      "id": "way/807854715"
    },
    {
      "type": "Feature",
      "properties": {
        "@id": "way/807854718",
        "leisure": "pitch",
        "sport": "soccer",
        "@geometry": "center"
      },
      "geometry": {
        "type": "Point",
        "coordinates": [
          -65.4158884,
          -24.7221259
        ]
      },
      "id": "way/807854718"
    },
    {
      "type": "Feature",
      "properties": {
        "@id": "way/807854719",
        "leisure": "park",
        "@geometry": "center"
      },
      "geometry": {
        "type": "Point",
        "coordinates": [
          -65.4132281,
          -24.7239725
        ]
      },
      "id": "way/807854719"
    },
    {
      "type": "Feature",
      "properties": {
        "@id": "way/807854720",
        "leisure": "park",
        "name": "Parque Líneal Avellaneda",
        "@geometry": "center"
      },
      "geometry": {
        "type": "Point",
        "coordinates": [
          -65.4181787,
          -24.7194282
        ]
      },
      "id": "way/807854720"
    },
    {
      "type": "Feature",
      "properties": {
        "@id": "way/807854721",
        "leisure": "park",
        "@geometry": "center"
      },
      "geometry": {
        "type": "Point",
        "coordinates": [
          -65.4151682,
          -24.7168071
        ]
      },
      "id": "way/807854721"
    },
    {
      "type": "Feature",
      "properties": {
        "@id": "way/807854723",
        "leisure": "park",
        "name": "Parque Líneal Avellaneda",
        "@geometry": "center"
      },
      "geometry": {
        "type": "Point",
        "coordinates": [
          -65.4106673,
          -24.7195698
        ]
      },
      "id": "way/807854723"
    },
    {
      "type": "Feature",
      "properties": {
        "@id": "way/807854724",
        "leisure": "park",
        "@geometry": "center"
      },
      "geometry": {
        "type": "Point",
        "coordinates": [
          -65.4135306,
          -24.7177001
        ]
      },
      "id": "way/807854724"
    },
    {
      "type": "Feature",
      "properties": {
        "@id": "way/808074184",
        "leisure": "park",
        "@geometry": "center"
      },
      "geometry": {
        "type": "Point",
        "coordinates": [
          -65.4211806,
          -24.7243889
        ]
      },
      "id": "way/808074184"
    },
    {
      "type": "Feature",
      "properties": {
        "@id": "way/808074185",
        "leisure": "park",
        "@geometry": "center"
      },
      "geometry": {
        "type": "Point",
        "coordinates": [
          -65.4209083,
          -24.7256224
        ]
      },
      "id": "way/808074185"
    },
    {
      "type": "Feature",
      "properties": {
        "@id": "way/808074186",
        "leisure": "park",
        "@geometry": "center"
      },
      "geometry": {
        "type": "Point",
        "coordinates": [
          -65.4184616,
          -24.7241044
        ]
      },
      "id": "way/808074186"
    },
    {
      "type": "Feature",
      "properties": {
        "@id": "way/808074187",
        "leisure": "park",
        "@geometry": "center"
      },
      "geometry": {
        "type": "Point",
        "coordinates": [
          -65.4190588,
          -24.7238223
        ]
      },
      "id": "way/808074187"
    },
    {
      "type": "Feature",
      "properties": {
        "@id": "way/808076475",
        "leisure": "park",
        "@geometry": "center"
      },
      "geometry": {
        "type": "Point",
        "coordinates": [
          -65.4160157,
          -24.7258886
        ]
      },
      "id": "way/808076475"
    },
    {
      "type": "Feature",
      "properties": {
        "@id": "way/808215058",
        "leisure": "pitch",
        "sport": "soccer",
        "@geometry": "center"
      },
      "geometry": {
        "type": "Point",
        "coordinates": [
          -65.4232701,
          -24.724382
        ]
      },
      "id": "way/808215058"
    },
    {
      "type": "Feature",
      "properties": {
        "@id": "way/808215219",
        "layer": "-1",
        "leisure": "pitch",
        "sport": "soccer",
        "@geometry": "center"
      },
      "geometry": {
        "type": "Point",
        "coordinates": [
          -65.4194862,
          -24.728204
        ]
      },
      "id": "way/808215219"
    },
    {
      "type": "Feature",
      "properties": {
        "@id": "way/808215220",
        "leisure": "pitch",
        "sport": "soccer",
        "@geometry": "center"
      },
      "geometry": {
        "type": "Point",
        "coordinates": [
          -65.4170194,
          -24.7284483
        ]
      },
      "id": "way/808215220"
    },
    {
      "type": "Feature",
      "properties": {
        "@id": "way/808389122",
        "leisure": "park",
        "@geometry": "center"
      },
      "geometry": {
        "type": "Point",
        "coordinates": [
          -65.4113177,
          -24.7258898
        ]
      },
      "id": "way/808389122"
    },
    {
      "type": "Feature",
      "properties": {
        "@id": "way/808389973",
        "leisure": "park",
        "@geometry": "center"
      },
      "geometry": {
        "type": "Point",
        "coordinates": [
          -65.4159932,
          -24.7239372
        ]
      },
      "id": "way/808389973"
    },
    {
      "type": "Feature",
      "properties": {
        "@id": "way/808389974",
        "leisure": "park",
        "@geometry": "center"
      },
      "geometry": {
        "type": "Point",
        "coordinates": [
          -65.4171784,
          -24.7239112
        ]
      },
      "id": "way/808389974"
    },
    {
      "type": "Feature",
      "properties": {
        "@id": "way/809584929",
        "amenity": "place_of_worship",
        "building": "yes",
        "layer": "-1",
        "location": "surface",
        "name": "Parroquía María Madre de la Iglesia",
        "religion": "christian",
        "@geometry": "center"
      },
      "geometry": {
        "type": "Point",
        "coordinates": [
          -65.4066911,
          -24.7362784
        ]
      },
      "id": "way/809584929"
    },
    {
      "type": "Feature",
      "properties": {
        "@id": "way/809584936",
        "leisure": "pitch",
        "sport": "baseball",
        "@geometry": "center"
      },
      "geometry": {
        "type": "Point",
        "coordinates": [
          -65.4050452,
          -24.7367774
        ]
      },
      "id": "way/809584936"
    },
    {
      "type": "Feature",
      "properties": {
        "@id": "way/809584938",
        "leisure": "pitch",
        "sport": "soccer",
        "@geometry": "center"
      },
      "geometry": {
        "type": "Point",
        "coordinates": [
          -65.4041599,
          -24.7367128
        ]
      },
      "id": "way/809584938"
    },
    {
      "type": "Feature",
      "properties": {
        "@id": "way/809597233",
        "leisure": "park",
        "@geometry": "center"
      },
      "geometry": {
        "type": "Point",
        "coordinates": [
          -65.398252,
          -24.7396709
        ]
      },
      "id": "way/809597233"
    },
    {
      "type": "Feature",
      "properties": {
        "@id": "way/809625154",
        "leisure": "pitch",
        "sport": "soccer",
        "@geometry": "center"
      },
      "geometry": {
        "type": "Point",
        "coordinates": [
          -65.4084356,
          -24.7311692
        ]
      },
      "id": "way/809625154"
    },
    {
      "type": "Feature",
      "properties": {
        "@id": "way/809625155",
        "leisure": "pitch",
        "sport": "soccer",
        "@geometry": "center"
      },
      "geometry": {
        "type": "Point",
        "coordinates": [
          -65.4081435,
          -24.7312325
        ]
      },
      "id": "way/809625155"
    },
    {
      "type": "Feature",
      "properties": {
        "@id": "way/810536475",
        "leisure": "park",
        "@geometry": "center"
      },
      "geometry": {
        "type": "Point",
        "coordinates": [
          -65.4165306,
          -24.7262767
        ]
      },
      "id": "way/810536475"
    },
    {
      "type": "Feature",
      "properties": {
        "@id": "way/810536476",
        "leisure": "park",
        "@geometry": "center"
      },
      "geometry": {
        "type": "Point",
        "coordinates": [
          -65.4141515,
          -24.7252052
        ]
      },
      "id": "way/810536476"
    },
    {
      "type": "Feature",
      "properties": {
        "@id": "way/822330435",
        "leisure": "park",
        "@geometry": "center"
      },
      "geometry": {
        "type": "Point",
        "coordinates": [
          -65.3901447,
          -24.7373938
        ]
      },
      "id": "way/822330435"
    },
    {
      "type": "Feature",
      "properties": {
        "@id": "way/822640110",
        "leisure": "park",
        "@geometry": "center"
      },
      "geometry": {
        "type": "Point",
        "coordinates": [
          -65.4029061,
          -24.7650888
        ]
      },
      "id": "way/822640110"
    },
    {
      "type": "Feature",
      "properties": {
        "@id": "way/823312043",
        "leisure": "park",
        "name": "Plazoleta Cesar Perdigero",
        "@geometry": "center"
      },
      "geometry": {
        "type": "Point",
        "coordinates": [
          -65.4040094,
          -24.8048838
        ]
      },
      "id": "way/823312043"
    },
    {
      "type": "Feature",
      "properties": {
        "@id": "way/823312049",
        "leisure": "park",
        "@geometry": "center"
      },
      "geometry": {
        "type": "Point",
        "coordinates": [
          -65.3962185,
          -24.8129923
        ]
      },
      "id": "way/823312049"
    },
    {
      "type": "Feature",
      "properties": {
        "@id": "way/823312054",
        "leisure": "park",
        "@geometry": "center"
      },
      "geometry": {
        "type": "Point",
        "coordinates": [
          -65.3943745,
          -24.8043949
        ]
      },
      "id": "way/823312054"
    },
    {
      "type": "Feature",
      "properties": {
        "@id": "way/823333757",
        "leisure": "park",
        "@geometry": "center"
      },
      "geometry": {
        "type": "Point",
        "coordinates": [
          -65.4359248,
          -24.7785248
        ]
      },
      "id": "way/823333757"
    },
    {
      "type": "Feature",
      "properties": {
        "@id": "way/823333760",
        "leisure": "park",
        "@geometry": "center"
      },
      "geometry": {
        "type": "Point",
        "coordinates": [
          -65.4419245,
          -24.7905537
        ]
      },
      "id": "way/823333760"
    },
    {
      "type": "Feature",
      "properties": {
        "@id": "way/823333774",
        "landuse": "recreation_ground",
        "leisure": "park",
        "name": "Plaza \"Alto la Viña\"",
        "place": "square",
        "@geometry": "center"
      },
      "geometry": {
        "type": "Point",
        "coordinates": [
          -65.4569187,
          -24.7850417
        ]
      },
      "id": "way/823333774"
    },
    {
      "type": "Feature",
      "properties": {
        "@id": "way/823333778",
        "leisure": "park",
        "@geometry": "center"
      },
      "geometry": {
        "type": "Point",
        "coordinates": [
          -65.4430626,
          -24.8091862
        ]
      },
      "id": "way/823333778"
    },
    {
      "type": "Feature",
      "properties": {
        "@id": "way/823333783",
        "leisure": "park",
        "@geometry": "center"
      },
      "geometry": {
        "type": "Point",
        "coordinates": [
          -65.4437966,
          -24.8126276
        ]
      },
      "id": "way/823333783"
    },
    {
      "type": "Feature",
      "properties": {
        "@id": "way/823359905",
        "leisure": "park",
        "@geometry": "center"
      },
      "geometry": {
        "type": "Point",
        "coordinates": [
          -65.4539252,
          -24.8101988
        ]
      },
      "id": "way/823359905"
    },
    {
      "type": "Feature",
      "properties": {
        "@id": "way/823359906",
        "leisure": "park",
        "@geometry": "center"
      },
      "geometry": {
        "type": "Point",
        "coordinates": [
          -65.4559382,
          -24.8101003
        ]
      },
      "id": "way/823359906"
    },
    {
      "type": "Feature",
      "properties": {
        "@id": "way/823359907",
        "leisure": "park",
        "@geometry": "center"
      },
      "geometry": {
        "type": "Point",
        "coordinates": [
          -65.4642286,
          -24.8176312
        ]
      },
      "id": "way/823359907"
    },
    {
      "type": "Feature",
      "properties": {
        "@id": "way/823359908",
        "leisure": "park",
        "@geometry": "center"
      },
      "geometry": {
        "type": "Point",
        "coordinates": [
          -65.464814,
          -24.8130407
        ]
      },
      "id": "way/823359908"
    },
    {
      "type": "Feature",
      "properties": {
        "@id": "way/823648679",
        "leisure": "park",
        "@geometry": "center"
      },
      "geometry": {
        "type": "Point",
        "coordinates": [
          -65.3858119,
          -24.8416562
        ]
      },
      "id": "way/823648679"
    },
    {
      "type": "Feature",
      "properties": {
        "@id": "way/823648686",
        "leisure": "park",
        "@geometry": "center"
      },
      "geometry": {
        "type": "Point",
        "coordinates": [
          -65.3998357,
          -24.8369855
        ]
      },
      "id": "way/823648686"
    },
    {
      "type": "Feature",
      "properties": {
        "@id": "way/823648687",
        "leisure": "park",
        "@geometry": "center"
      },
      "geometry": {
        "type": "Point",
        "coordinates": [
          -65.4026428,
          -24.8365564
        ]
      },
      "id": "way/823648687"
    },
    {
      "type": "Feature",
      "properties": {
        "@id": "way/823648688",
        "leisure": "park",
        "@geometry": "center"
      },
      "geometry": {
        "type": "Point",
        "coordinates": [
          -65.3976346,
          -24.8462374
        ]
      },
      "id": "way/823648688"
    },
    {
      "type": "Feature",
      "properties": {
        "@id": "way/823684262",
        "leisure": "park",
        "@geometry": "center"
      },
      "geometry": {
        "type": "Point",
        "coordinates": [
          -65.4338579,
          -24.8498084
        ]
      },
      "id": "way/823684262"
    },
    {
      "type": "Feature",
      "properties": {
        "@id": "way/823925375",
        "leisure": "park",
        "@geometry": "center"
      },
      "geometry": {
        "type": "Point",
        "coordinates": [
          -65.4471792,
          -24.8525368
        ]
      },
      "id": "way/823925375"
    },
    {
      "type": "Feature",
      "properties": {
        "@id": "way/823925377",
        "leisure": "park",
        "@geometry": "center"
      },
      "geometry": {
        "type": "Point",
        "coordinates": [
          -65.450704,
          -24.8518392
        ]
      },
      "id": "way/823925377"
    },
    {
      "type": "Feature",
      "properties": {
        "@id": "way/823925387",
        "leisure": "park",
        "@geometry": "center"
      },
      "geometry": {
        "type": "Point",
        "coordinates": [
          -65.4552898,
          -24.8491579
        ]
      },
      "id": "way/823925387"
    },
    {
      "type": "Feature",
      "properties": {
        "@id": "way/823925421",
        "leisure": "park",
        "@geometry": "center"
      },
      "geometry": {
        "type": "Point",
        "coordinates": [
          -65.4604125,
          -24.8500809
        ]
      },
      "id": "way/823925421"
    },
    {
      "type": "Feature",
      "properties": {
        "@id": "way/823925422",
        "leisure": "park",
        "@geometry": "center"
      },
      "geometry": {
        "type": "Point",
        "coordinates": [
          -65.4610679,
          -24.85358
        ]
      },
      "id": "way/823925422"
    },
    {
      "type": "Feature",
      "properties": {
        "@id": "way/823925423",
        "leisure": "park",
        "@geometry": "center"
      },
      "geometry": {
        "type": "Point",
        "coordinates": [
          -65.4623084,
          -24.8484537
        ]
      },
      "id": "way/823925423"
    },
    {
      "type": "Feature",
      "properties": {
        "@id": "way/823925424",
        "leisure": "park",
        "@geometry": "center"
      },
      "geometry": {
        "type": "Point",
        "coordinates": [
          -65.461298,
          -24.8439993
        ]
      },
      "id": "way/823925424"
    },
    {
      "type": "Feature",
      "properties": {
        "@id": "way/823925426",
        "leisure": "park",
        "@geometry": "center"
      },
      "geometry": {
        "type": "Point",
        "coordinates": [
          -65.4725378,
          -24.8662398
        ]
      },
      "id": "way/823925426"
    },
    {
      "type": "Feature",
      "properties": {
        "@id": "way/823925428",
        "leisure": "park",
        "@geometry": "center"
      },
      "geometry": {
        "type": "Point",
        "coordinates": [
          -65.4754568,
          -24.8706517
        ]
      },
      "id": "way/823925428"
    },
    {
      "type": "Feature",
      "properties": {
        "@id": "way/823931687",
        "leisure": "park",
        "@geometry": "center"
      },
      "geometry": {
        "type": "Point",
        "coordinates": [
          -65.4617322,
          -24.8628614
        ]
      },
      "id": "way/823931687"
    },
    {
      "type": "Feature",
      "properties": {
        "@id": "way/832647764",
        "access": "yes",
        "leisure": "pitch",
        "lit": "no",
        "name": "Cancha Ceferino",
        "sport": "soccer",
        "surface": "ground",
        "@geometry": "center"
      },
      "geometry": {
        "type": "Point",
        "coordinates": [
          -65.4061961,
          -24.8138652
        ]
      },
      "id": "way/832647764"
    },
    {
      "type": "Feature",
      "properties": {
        "@id": "way/832647784",
        "amenity": "place_of_worship",
        "building": "church",
        "denomination": "evangelical",
        "religion": "christian",
        "@geometry": "center"
      },
      "geometry": {
        "type": "Point",
        "coordinates": [
          -65.408345,
          -24.8121848
        ]
      },
      "id": "way/832647784"
    },
    {
      "type": "Feature",
      "properties": {
        "@id": "way/832724340",
        "amenity": "place_of_worship",
        "building": "roof",
        "denomination": "roman_catholic",
        "religion": "christian",
        "@geometry": "center"
      },
      "geometry": {
        "type": "Point",
        "coordinates": [
          -65.4054668,
          -24.8118235
        ]
      },
      "id": "way/832724340"
    },
    {
      "type": "Feature",
      "properties": {
        "@id": "way/833049354",
        "amenity": "place_of_worship",
        "building": "chapel",
        "denomination": "evangelical",
        "name": "Iglesia de Dios",
        "religion": "christian",
        "wheelchair": "no",
        "@geometry": "center"
      },
      "geometry": {
        "type": "Point",
        "coordinates": [
          -65.4097951,
          -24.8108251
        ]
      },
      "id": "way/833049354"
    },
    {
      "type": "Feature",
      "properties": {
        "@id": "way/833079007",
        "access": "yes",
        "leisure": "pitch",
        "lit": "no",
        "sport": "soccer;basketball",
        "surface": "concrete",
        "@geometry": "center"
      },
      "geometry": {
        "type": "Point",
        "coordinates": [
          -65.4058947,
          -24.8113073
        ]
      },
      "id": "way/833079007"
    },
    {
      "type": "Feature",
      "properties": {
        "@id": "way/833312778",
        "access": "yes",
        "hoops": "2",
        "leisure": "pitch",
        "lit": "yes",
        "sport": "basketball",
        "surface": "asphalt",
        "@geometry": "center"
      },
      "geometry": {
        "type": "Point",
        "coordinates": [
          -65.4173292,
          -24.8145934
        ]
      },
      "id": "way/833312778"
    },
    {
      "type": "Feature",
      "properties": {
        "@id": "way/835206360",
        "leisure": "pitch",
        "@geometry": "center"
      },
      "geometry": {
        "type": "Point",
        "coordinates": [
          -65.3839275,
          -24.8217373
        ]
      },
      "id": "way/835206360"
    },
    {
      "type": "Feature",
      "properties": {
        "@id": "way/835600685",
        "access": "customers",
        "leisure": "pitch",
        "sport": "tennis",
        "@geometry": "center"
      },
      "geometry": {
        "type": "Point",
        "coordinates": [
          -65.4140003,
          -24.8045779
        ]
      },
      "id": "way/835600685"
    },
    {
      "type": "Feature",
      "properties": {
        "@id": "way/835674836",
        "leisure": "park",
        "@geometry": "center"
      },
      "geometry": {
        "type": "Point",
        "coordinates": [
          -65.3979583,
          -24.8007074
        ]
      },
      "id": "way/835674836"
    },
    {
      "type": "Feature",
      "properties": {
        "@id": "way/836274689",
        "addr:city": "Salta",
        "addr:street": "Córdoba",
        "leisure": "park",
        "name": "Plaza Ceferino",
        "@geometry": "center"
      },
      "geometry": {
        "type": "Point",
        "coordinates": [
          -65.4100744,
          -24.8122423
        ]
      },
      "id": "way/836274689"
    },
    {
      "type": "Feature",
      "properties": {
        "@id": "way/836936686",
        "addr:city": "Salta",
        "addr:postcode": "4400",
        "addr:street": "Santa Fe",
        "amenity": "place_of_worship",
        "building": "church",
        "building:levels": "2",
        "denomination": "roman_catholic",
        "height": "21",
        "name": "Iglesia Santa Cruz",
        "religion": "christian",
        "wheelchair": "no",
        "@geometry": "center"
      },
      "geometry": {
        "type": "Point",
        "coordinates": [
          -65.4036496,
          -24.8062457
        ]
      },
      "id": "way/836936686"
    },
    {
      "type": "Feature",
      "properties": {
        "@id": "way/846236043",
        "leisure": "pitch",
        "sport": "soccer",
        "@geometry": "center"
      },
      "geometry": {
        "type": "Point",
        "coordinates": [
          -65.3980692,
          -24.7405798
        ]
      },
      "id": "way/846236043"
    },
    {
      "type": "Feature",
      "properties": {
        "@id": "way/846236044",
        "leisure": "pitch",
        "sport": "soccer",
        "@geometry": "center"
      },
      "geometry": {
        "type": "Point",
        "coordinates": [
          -65.3978872,
          -24.7406725
        ]
      },
      "id": "way/846236044"
    },
    {
      "type": "Feature",
      "properties": {
        "@id": "way/846236045",
        "leisure": "pitch",
        "sport": "soccer",
        "@geometry": "center"
      },
      "geometry": {
        "type": "Point",
        "coordinates": [
          -65.3977025,
          -24.7407645
        ]
      },
      "id": "way/846236045"
    },
    {
      "type": "Feature",
      "properties": {
        "@id": "way/846236047",
        "leisure": "swimming_pool",
        "@geometry": "center"
      },
      "geometry": {
        "type": "Point",
        "coordinates": [
          -65.3968542,
          -24.7407806
        ]
      },
      "id": "way/846236047"
    },
    {
      "type": "Feature",
      "properties": {
        "@id": "way/846236048",
        "leisure": "pitch",
        "sport": "basketball",
        "@geometry": "center"
      },
      "geometry": {
        "type": "Point",
        "coordinates": [
          -65.4062147,
          -24.7508302
        ]
      },
      "id": "way/846236048"
    },
    {
      "type": "Feature",
      "properties": {
        "@id": "way/846987610",
        "leisure": "pitch",
        "name": "Playon deportivo del Barrio Palermo",
        "sport": "multi",
        "surface": "concrete",
        "@geometry": "center"
      },
      "geometry": {
        "type": "Point",
        "coordinates": [
          -65.4595452,
          -24.7874688
        ]
      },
      "id": "way/846987610"
    },
    {
      "type": "Feature",
      "properties": {
        "@id": "way/846987611",
        "hoops": "2",
        "leisure": "pitch",
        "name": "Playon deportivo del Barrio Virgen del Rosario de San Nicolas",
        "sport": "multi",
        "surface": "concrete",
        "website": "https://www.salta.gob.ar/",
        "@geometry": "center"
      },
      "geometry": {
        "type": "Point",
        "coordinates": [
          -65.4563189,
          -24.7916234
        ]
      },
      "id": "way/846987611"
    },
    {
      "type": "Feature",
      "properties": {
        "@id": "way/868909712",
        "leisure": "park",
        "name": "Plazoleta 13 de Diciembre",
        "@geometry": "center"
      },
      "geometry": {
        "type": "Point",
        "coordinates": [
          -65.3925624,
          -24.7760583
        ]
      },
      "id": "way/868909712"
    },
    {
      "type": "Feature",
      "properties": {
        "@id": "way/872057141",
        "addr:city": "Salta",
        "addr:postcode": "4400",
        "addr:street": "Los Canelos",
        "amenity": "place_of_worship",
        "building": "yes",
        "@geometry": "center"
      },
      "geometry": {
        "type": "Point",
        "coordinates": [
          -65.3941593,
          -24.7632757
        ]
      },
      "id": "way/872057141"
    },
    {
      "type": "Feature",
      "properties": {
        "@id": "way/874223649",
        "leisure": "park",
        "@geometry": "center"
      },
      "geometry": {
        "type": "Point",
        "coordinates": [
          -65.3740134,
          -24.7901582
        ]
      },
      "id": "way/874223649"
    },
    {
      "type": "Feature",
      "properties": {
        "@id": "way/874223660",
        "leisure": "park",
        "@geometry": "center"
      },
      "geometry": {
        "type": "Point",
        "coordinates": [
          -65.3753112,
          -24.8161224
        ]
      },
      "id": "way/874223660"
    },
    {
      "type": "Feature",
      "properties": {
        "@id": "way/874813572",
        "leisure": "park",
        "@geometry": "center"
      },
      "geometry": {
        "type": "Point",
        "coordinates": [
          -65.4036224,
          -24.848677
        ]
      },
      "id": "way/874813572"
    },
    {
      "type": "Feature",
      "properties": {
        "@id": "way/874813601",
        "leisure": "park",
        "@geometry": "center"
      },
      "geometry": {
        "type": "Point",
        "coordinates": [
          -65.4282985,
          -24.8539106
        ]
      },
      "id": "way/874813601"
    },
    {
      "type": "Feature",
      "properties": {
        "@id": "way/882816067",
        "leisure": "park",
        "@geometry": "center"
      },
      "geometry": {
        "type": "Point",
        "coordinates": [
          -65.4090146,
          -24.7888552
        ]
      },
      "id": "way/882816067"
    },
    {
      "type": "Feature",
      "properties": {
        "@id": "way/885994936",
        "leisure": "park",
        "name": "pequeña plaza en construccion barrio docente",
        "@geometry": "center"
      },
      "geometry": {
        "type": "Point",
        "coordinates": [
          -65.460905,
          -24.8459788
        ]
      },
      "id": "way/885994936"
    },
    {
      "type": "Feature",
      "properties": {
        "@id": "way/895998918",
        "leisure": "park",
        "@geometry": "center"
      },
      "geometry": {
        "type": "Point",
        "coordinates": [
          -65.4160527,
          -24.8321596
        ]
      },
      "id": "way/895998918"
    },
    {
      "type": "Feature",
      "properties": {
        "@id": "way/895998919",
        "leisure": "park",
        "@geometry": "center"
      },
      "geometry": {
        "type": "Point",
        "coordinates": [
          -65.4155669,
          -24.8302361
        ]
      },
      "id": "way/895998919"
    },
    {
      "type": "Feature",
      "properties": {
        "@id": "way/895998921",
        "access": "private",
        "leisure": "pitch",
        "lit": "yes",
        "name": "Off Side",
        "sport": "soccer",
        "surface": "césped_sintético",
        "@geometry": "center"
      },
      "geometry": {
        "type": "Point",
        "coordinates": [
          -65.429656,
          -24.831465
        ]
      },
      "id": "way/895998921"
    },
    {
      "type": "Feature",
      "properties": {
        "@id": "way/895999726",
        "leisure": "sports_centre",
        "lit": "yes",
        "sport": "karting",
        "surface": "asphalt",
        "@geometry": "center"
      },
      "geometry": {
        "type": "Point",
        "coordinates": [
          -65.4303516,
          -24.8310561
        ]
      },
      "id": "way/895999726"
    },
    {
      "type": "Feature",
      "properties": {
        "@id": "way/902180988",
        "access": "private",
        "leisure": "swimming_pool",
        "@geometry": "center"
      },
      "geometry": {
        "type": "Point",
        "coordinates": [
          -65.4081071,
          -24.8101004
        ]
      },
      "id": "way/902180988"
    },
    {
      "type": "Feature",
      "properties": {
        "@id": "way/903600470",
        "leisure": "park",
        "@geometry": "center"
      },
      "geometry": {
        "type": "Point",
        "coordinates": [
          -65.4044061,
          -24.8020235
        ]
      },
      "id": "way/903600470"
    },
    {
      "type": "Feature",
      "properties": {
        "@id": "way/904371365",
        "hoops": "2",
        "leisure": "pitch",
        "sport": "basketball",
        "surface": "asphalt",
        "@geometry": "center"
      },
      "geometry": {
        "type": "Point",
        "coordinates": [
          -65.4014987,
          -24.8115034
        ]
      },
      "id": "way/904371365"
    },
    {
      "type": "Feature",
      "properties": {
        "@id": "way/904390387",
        "leisure": "pitch",
        "sport": "soccer",
        "surface": "clay",
        "@geometry": "center"
      },
      "geometry": {
        "type": "Point",
        "coordinates": [
          -65.4102949,
          -24.8120218
        ]
      },
      "id": "way/904390387"
    },
    {
      "type": "Feature",
      "properties": {
        "@id": "way/906664257",
        "amenity": "place_of_worship",
        "building": "yes",
        "religion": "christian",
        "@geometry": "center"
      },
      "geometry": {
        "type": "Point",
        "coordinates": [
          -65.4016104,
          -24.8067159
        ]
      },
      "id": "way/906664257"
    },
    {
      "type": "Feature",
      "properties": {
        "@id": "way/907162790",
        "access": "yes",
        "leisure": "pitch",
        "lit": "yes",
        "sport": "soccer",
        "surface": "paved",
        "@geometry": "center"
      },
      "geometry": {
        "type": "Point",
        "coordinates": [
          -65.4086926,
          -24.830187
        ]
      },
      "id": "way/907162790"
    },
    {
      "type": "Feature",
      "properties": {
        "@id": "way/907162791",
        "leisure": "park",
        "@geometry": "center"
      },
      "geometry": {
        "type": "Point",
        "coordinates": [
          -65.4087853,
          -24.8299151
        ]
      },
      "id": "way/907162791"
    },
    {
      "type": "Feature",
      "properties": {
        "@id": "way/907184697",
        "leisure": "swimming_pool",
        "@geometry": "center"
      },
      "geometry": {
        "type": "Point",
        "coordinates": [
          -65.4060192,
          -24.8105208
        ]
      },
      "id": "way/907184697"
    },
    {
      "type": "Feature",
      "properties": {
        "@id": "way/939553526",
        "access": "private",
        "leisure": "swimming_pool",
        "location": "outdoor",
        "swimming_pool": "personal",
        "@geometry": "center"
      },
      "geometry": {
        "type": "Point",
        "coordinates": [
          -65.4051974,
          -24.8098202
        ]
      },
      "id": "way/939553526"
    },
    {
      "type": "Feature",
      "properties": {
        "@id": "way/948287168",
        "leisure": "pitch",
        "sport": "multi",
        "@geometry": "center"
      },
      "geometry": {
        "type": "Point",
        "coordinates": [
          -65.4031523,
          -24.8295783
        ]
      },
      "id": "way/948287168"
    },
    {
      "type": "Feature",
      "properties": {
        "@id": "way/948287169",
        "leisure": "pitch",
        "sport": "multi",
        "@geometry": "center"
      },
      "geometry": {
        "type": "Point",
        "coordinates": [
          -65.40621,
          -24.8296709
        ]
      },
      "id": "way/948287169"
    },
    {
      "type": "Feature",
      "properties": {
        "@id": "way/948287170",
        "leisure": "pitch",
        "sport": "multi",
        "@geometry": "center"
      },
      "geometry": {
        "type": "Point",
        "coordinates": [
          -65.40054,
          -24.8282798
        ]
      },
      "id": "way/948287170"
    },
    {
      "type": "Feature",
      "properties": {
        "@id": "way/948287173",
        "leisure": "pitch",
        "sport": "basketball",
        "@geometry": "center"
      },
      "geometry": {
        "type": "Point",
        "coordinates": [
          -65.3943332,
          -24.8282469
        ]
      },
      "id": "way/948287173"
    },
    {
      "type": "Feature",
      "properties": {
        "@id": "way/948287174",
        "leisure": "pitch",
        "sport": "soccer",
        "@geometry": "center"
      },
      "geometry": {
        "type": "Point",
        "coordinates": [
          -65.3952834,
          -24.8341111
        ]
      },
      "id": "way/948287174"
    },
    {
      "type": "Feature",
      "properties": {
        "@id": "way/948287175",
        "leisure": "pitch",
        "sport": "soccer",
        "@geometry": "center"
      },
      "geometry": {
        "type": "Point",
        "coordinates": [
          -65.3952809,
          -24.8331769
        ]
      },
      "id": "way/948287175"
    },
    {
      "type": "Feature",
      "properties": {
        "@id": "way/948287176",
        "leisure": "pitch",
        "sport": "soccer",
        "@geometry": "center"
      },
      "geometry": {
        "type": "Point",
        "coordinates": [
          -65.3945234,
          -24.8331241
        ]
      },
      "id": "way/948287176"
    },
    {
      "type": "Feature",
      "properties": {
        "@id": "way/948287177",
        "leisure": "pitch",
        "sport": "soccer",
        "@geometry": "center"
      },
      "geometry": {
        "type": "Point",
        "coordinates": [
          -65.3943762,
          -24.835611
        ]
      },
      "id": "way/948287177"
    },
    {
      "type": "Feature",
      "properties": {
        "@id": "way/948287178",
        "leisure": "pitch",
        "sport": "soccer",
        "@geometry": "center"
      },
      "geometry": {
        "type": "Point",
        "coordinates": [
          -65.3983412,
          -24.8385284
        ]
      },
      "id": "way/948287178"
    },
    {
      "type": "Feature",
      "properties": {
        "@id": "way/948287179",
        "leisure": "pitch",
        "sport": "soccer",
        "@geometry": "center"
      },
      "geometry": {
        "type": "Point",
        "coordinates": [
          -65.4046201,
          -24.8383513
        ]
      },
      "id": "way/948287179"
    },
    {
      "type": "Feature",
      "properties": {
        "@id": "way/968312806",
        "leisure": "park",
        "name": "Plazoleta Ernesto Guevara",
        "@geometry": "center"
      },
      "geometry": {
        "type": "Point",
        "coordinates": [
          -65.4110127,
          -24.8073727
        ]
      },
      "id": "way/968312806"
    },
    {
      "type": "Feature",
      "properties": {
        "@id": "way/968903232",
        "leisure": "park",
        "name": "Plazoleta Friul",
        "@geometry": "center"
      },
      "geometry": {
        "type": "Point",
        "coordinates": [
          -65.392899,
          -24.7748183
        ]
      },
      "id": "way/968903232"
    },
    {
      "type": "Feature",
      "properties": {
        "@id": "way/968903850",
        "leisure": "park",
        "@geometry": "center"
      },
      "geometry": {
        "type": "Point",
        "coordinates": [
          -65.3902741,
          -24.7645203
        ]
      },
      "id": "way/968903850"
    },
    {
      "type": "Feature",
      "properties": {
        "@id": "way/968933857",
        "leisure": "park",
        "@geometry": "center"
      },
      "geometry": {
        "type": "Point",
        "coordinates": [
          -65.3973318,
          -24.8113915
        ]
      },
      "id": "way/968933857"
    },
    {
      "type": "Feature",
      "properties": {
        "@id": "way/969823370",
        "leisure": "playground",
        "@geometry": "center"
      },
      "geometry": {
        "type": "Point",
        "coordinates": [
          -65.4473912,
          -24.7800594
        ]
      },
      "id": "way/969823370"
    },
    {
      "type": "Feature",
      "properties": {
        "@id": "way/969823770",
        "leisure": "park",
        "name": "Paseo Las Tinajas",
        "@geometry": "center"
      },
      "geometry": {
        "type": "Point",
        "coordinates": [
          -65.4423087,
          -24.7744016
        ]
      },
      "id": "way/969823770"
    },
    {
      "type": "Feature",
      "properties": {
        "@id": "way/969824236",
        "leisure": "park",
        "@geometry": "center"
      },
      "geometry": {
        "type": "Point",
        "coordinates": [
          -65.443925,
          -24.7716394
        ]
      },
      "id": "way/969824236"
    },
    {
      "type": "Feature",
      "properties": {
        "@id": "way/969824692",
        "leisure": "playground",
        "@geometry": "center"
      },
      "geometry": {
        "type": "Point",
        "coordinates": [
          -65.4476074,
          -24.769685
        ]
      },
      "id": "way/969824692"
    },
    {
      "type": "Feature",
      "properties": {
        "@id": "way/969827429",
        "leisure": "park",
        "@geometry": "center"
      },
      "geometry": {
        "type": "Point",
        "coordinates": [
          -65.4464418,
          -24.774293
        ]
      },
      "id": "way/969827429"
    },
    {
      "type": "Feature",
      "properties": {
        "@id": "way/969827430",
        "leisure": "park",
        "@geometry": "center"
      },
      "geometry": {
        "type": "Point",
        "coordinates": [
          -65.4476604,
          -24.774938
        ]
      },
      "id": "way/969827430"
    },
    {
      "type": "Feature",
      "properties": {
        "@id": "way/970233003",
        "leisure": "pitch",
        "sport": "basketball",
        "surface": "asphalt",
        "@geometry": "center"
      },
      "geometry": {
        "type": "Point",
        "coordinates": [
          -65.432018,
          -24.8524777
        ]
      },
      "id": "way/970233003"
    },
    {
      "type": "Feature",
      "properties": {
        "@id": "way/970233004",
        "leisure": "pitch",
        "sport": "field_hockey",
        "surface": "grass",
        "@geometry": "center"
      },
      "geometry": {
        "type": "Point",
        "coordinates": [
          -65.4346838,
          -24.851812
        ]
      },
      "id": "way/970233004"
    },
    {
      "type": "Feature",
      "properties": {
        "@id": "way/970246449",
        "leisure": "swimming_pool",
        "@geometry": "center"
      },
      "geometry": {
        "type": "Point",
        "coordinates": [
          -65.4473422,
          -24.8387658
        ]
      },
      "id": "way/970246449"
    },
    {
      "type": "Feature",
      "properties": {
        "@id": "way/970246450",
        "leisure": "swimming_pool",
        "@geometry": "center"
      },
      "geometry": {
        "type": "Point",
        "coordinates": [
          -65.4469921,
          -24.8383859
        ]
      },
      "id": "way/970246450"
    },
    {
      "type": "Feature",
      "properties": {
        "@id": "way/970246452",
        "leisure": "swimming_pool",
        "@geometry": "center"
      },
      "geometry": {
        "type": "Point",
        "coordinates": [
          -65.4481795,
          -24.8382829
        ]
      },
      "id": "way/970246452"
    },
    {
      "type": "Feature",
      "properties": {
        "@id": "way/970246453",
        "leisure": "swimming_pool",
        "@geometry": "center"
      },
      "geometry": {
        "type": "Point",
        "coordinates": [
          -65.4382015,
          -24.8416612
        ]
      },
      "id": "way/970246453"
    },
    {
      "type": "Feature",
      "properties": {
        "@id": "way/970246454",
        "leisure": "swimming_pool",
        "@geometry": "center"
      },
      "geometry": {
        "type": "Point",
        "coordinates": [
          -65.4314844,
          -24.8399772
        ]
      },
      "id": "way/970246454"
    },
    {
      "type": "Feature",
      "properties": {
        "@id": "way/970246460",
        "leisure": "pitch",
        "sport": "soccer",
        "surface": "asphalt",
        "@geometry": "center"
      },
      "geometry": {
        "type": "Point",
        "coordinates": [
          -65.3966082,
          -24.8434811
        ]
      },
      "id": "way/970246460"
    },
    {
      "type": "Feature",
      "properties": {
        "@id": "node/985377311",
        "highway": "traffic_signals",
        "traffic_signals": "signal"
      },
      "geometry": {
        "type": "Point",
        "coordinates": [
          -65.3982109,
          -24.7979409
        ]
      },
      "id": "node/985377311"
    },
    {
      "type": "Feature",
      "properties": {
        "@id": "node/985377313",
        "highway": "traffic_signals",
        "traffic_signals": "signal"
      },
      "geometry": {
        "type": "Point",
        "coordinates": [
          -65.3978962,
          -24.7979169
        ]
      },
      "id": "node/985377313"
    },
    {
      "type": "Feature",
      "properties": {
        "@id": "way/993805456",
        "access": "yes",
        "leisure": "pitch",
        "lit": "yes",
        "name": "Il Calcio",
        "sport": "soccer",
        "surface": "paved_y_alfombra_de_cesped_sintético",
        "@geometry": "center"
      },
      "geometry": {
        "type": "Point",
        "coordinates": [
          -65.3937016,
          -24.752846
        ]
      },
      "id": "way/993805456"
    },
    {
      "type": "Feature",
      "properties": {
        "@id": "node/1000789479",
        "highway": "traffic_signals",
        "traffic_signals": "traffic_lights",
        "traffic_signals:direction": "forward"
      },
      "geometry": {
        "type": "Point",
        "coordinates": [
          -65.4113605,
          -24.7935376
        ]
      },
      "id": "node/1000789479"
    },
    {
      "type": "Feature",
      "properties": {
        "@id": "node/1000789494",
        "highway": "traffic_signals",
        "traffic_signals": "signal"
      },
      "geometry": {
        "type": "Point",
        "coordinates": [
          -65.4016251,
          -24.7917778
        ]
      },
      "id": "node/1000789494"
    },
    {
      "type": "Feature",
      "properties": {
        "@id": "node/1000789497",
        "highway": "traffic_signals",
        "traffic_signals": "signal"
      },
      "geometry": {
        "type": "Point",
        "coordinates": [
          -65.4165883,
          -24.7906148
        ]
      },
      "id": "node/1000789497"
    },
    {
      "type": "Feature",
      "properties": {
        "@id": "node/1015252978",
        "highway": "traffic_signals"
      },
      "geometry": {
        "type": "Point",
        "coordinates": [
          -65.4212064,
          -24.8123214
        ]
      },
      "id": "node/1015252978"
    },
    {
      "type": "Feature",
      "properties": {
        "@id": "node/1015252999",
        "highway": "traffic_signals",
        "traffic_signals": "signal"
      },
      "geometry": {
        "type": "Point",
        "coordinates": [
          -65.4282386,
          -24.7799276
        ]
      },
      "id": "node/1015252999"
    },
    {
      "type": "Feature",
      "properties": {
        "@id": "way/1021529917",
        "landuse": "recreation_ground",
        "leisure": "park",
        "name": "Plaza \"Palmeritas\"",
        "place": "square",
        "@geometry": "center"
      },
      "geometry": {
        "type": "Point",
        "coordinates": [
          -65.4544133,
          -24.7862767
        ]
      },
      "id": "way/1021529917"
    },
    {
      "type": "Feature",
      "properties": {
        "@id": "way/1021529918",
        "hoops": "2",
        "leisure": "pitch",
        "name": "Playon deportivo del Barrio Palmeritas",
        "sport": "multi",
        "surface": "concrete",
        "website": "https://www.salta.gob.ar/",
        "@geometry": "center"
      },
      "geometry": {
        "type": "Point",
        "coordinates": [
          -65.4544241,
          -24.7857331
        ]
      },
      "id": "way/1021529918"
    },
    {
      "type": "Feature",
      "properties": {
        "@id": "way/1021529922",
        "leisure": "pitch",
        "name": "Cancha alternativa",
        "sport": "soccer",
        "surface": "clay",
        "@geometry": "center"
      },
      "geometry": {
        "type": "Point",
        "coordinates": [
          -65.4546929,
          -24.7923065
        ]
      },
      "id": "way/1021529922"
    },
    {
      "type": "Feature",
      "properties": {
        "@id": "way/1021529924",
        "leisure": "pitch",
        "sport": "soccer",
        "surface": "grass",
        "@geometry": "center"
      },
      "geometry": {
        "type": "Point",
        "coordinates": [
          -65.4546802,
          -24.7914482
        ]
      },
      "id": "way/1021529924"
    },
    {
      "type": "Feature",
      "properties": {
        "@id": "way/1022140475",
        "landuse": "recreation_ground",
        "leisure": "park",
        "name": "Plaza \"Bicentenario\"",
        "@geometry": "center"
      },
      "geometry": {
        "type": "Point",
        "coordinates": [
          -65.4541984,
          -24.7850935
        ]
      },
      "id": "way/1022140475"
    },
    {
      "type": "Feature",
      "properties": {
        "@id": "way/1022158252",
        "landuse": "recreation_ground",
        "leisure": "park",
        "name": "Plaza \"Olivos\"",
        "place": "square",
        "@geometry": "center"
      },
      "geometry": {
        "type": "Point",
        "coordinates": [
          -65.4531185,
          -24.7939259
        ]
      },
      "id": "way/1022158252"
    },
    {
      "type": "Feature",
      "properties": {
        "@id": "way/1022158253",
        "leisure": "pitch",
        "name": "Playon deportivo Barrio Olivos",
        "@geometry": "center"
      },
      "geometry": {
        "type": "Point",
        "coordinates": [
          -65.4531077,
          -24.7938771
        ]
      },
      "id": "way/1022158253"
    },
    {
      "type": "Feature",
      "properties": {
        "@id": "way/1022158257",
        "landuse": "recreation_ground",
        "leisure": "park",
        "name": "Plaza \"Pueto Argentino\"",
        "place": "square",
        "@geometry": "center"
      },
      "geometry": {
        "type": "Point",
        "coordinates": [
          -65.4540485,
          -24.7819823
        ]
      },
      "id": "way/1022158257"
    },
    {
      "type": "Feature",
      "properties": {
        "@id": "way/1022158258",
        "leisure": "pitch",
        "name": "Playon deportivo del Barrio Costa Azul",
        "sport": "multi",
        "surface": "concrete",
        "@geometry": "center"
      },
      "geometry": {
        "type": "Point",
        "coordinates": [
          -65.4502726,
          -24.7923997
        ]
      },
      "id": "way/1022158258"
    },
    {
      "type": "Feature",
      "properties": {
        "@id": "way/1022158263",
        "amenity": "place_of_worship",
        "building": "chapel",
        "denomination": "catholic",
        "name": "Vicaria \"Jesus Misericordioso\"",
        "religion": "christian",
        "service_times": "Su 18:00",
        "website": "https://www.facebook.com/Vicar%C3%ADa-Jes%C3%BAs-Misericordioso-553800734732945",
        "wheelchair": "yes",
        "@geometry": "center"
      },
      "geometry": {
        "type": "Point",
        "coordinates": [
          -65.455627,
          -24.7848924
        ]
      },
      "id": "way/1022158263"
    },
    {
      "type": "Feature",
      "properties": {
        "@id": "way/1022158266",
        "leisure": "pitch",
        "name": "Playon deportivo del Barrio Alto la Viña",
        "sport": "multi",
        "surface": "concrete",
        "@geometry": "center"
      },
      "geometry": {
        "type": "Point",
        "coordinates": [
          -65.4569713,
          -24.7847645
        ]
      },
      "id": "way/1022158266"
    },
    {
      "type": "Feature",
      "properties": {
        "@id": "way/1022158275",
        "amenity": "place_of_worship",
        "building": "church",
        "building:levels": "1",
        "denomination": "catholic",
        "name": "Parroquia \"San Ezequiel Moreno\"",
        "religion": "christian",
        "service_times": "Su18:00",
        "website": "http://facebook.com/pquia.san.ezequiel/",
        "wheelchair": "yes",
        "@geometry": "center"
      },
      "geometry": {
        "type": "Point",
        "coordinates": [
          -65.4615074,
          -24.7902958
        ]
      },
      "id": "way/1022158275"
    },
    {
      "type": "Feature",
      "properties": {
        "@id": "way/1024989560",
        "landuse": "recreation_ground",
        "leisure": "park",
        "name": "Eliana M. Krawczyk",
        "place": "square",
        "@geometry": "center"
      },
      "geometry": {
        "type": "Point",
        "coordinates": [
          -65.3660784,
          -24.8075277
        ]
      },
      "id": "way/1024989560"
    },
    {
      "type": "Feature",
      "properties": {
        "@id": "way/1024989561",
        "leisure": "pitch",
        "sport": "soccer",
        "surface": "clay",
        "@geometry": "center"
      },
      "geometry": {
        "type": "Point",
        "coordinates": [
          -65.3696492,
          -24.805894
        ]
      },
      "id": "way/1024989561"
    },
    {
      "type": "Feature",
      "properties": {
        "@id": "way/1024989562",
        "landuse": "recreation_ground",
        "leisure": "park",
        "place": "square",
        "@geometry": "center"
      },
      "geometry": {
        "type": "Point",
        "coordinates": [
          -65.3693521,
          -24.8059539
        ]
      },
      "id": "way/1024989562"
    },
    {
      "type": "Feature",
      "properties": {
        "@id": "way/1031052327",
        "leisure": "park",
        "@geometry": "center"
      },
      "geometry": {
        "type": "Point",
        "coordinates": [
          -65.3758657,
          -24.8002147
        ]
      },
      "id": "way/1031052327"
    },
    {
      "type": "Feature",
      "properties": {
        "@id": "way/1043583079",
        "leisure": "park",
        "@geometry": "center"
      },
      "geometry": {
        "type": "Point",
        "coordinates": [
          -65.3738198,
          -24.8051639
        ]
      },
      "id": "way/1043583079"
    },
    {
      "type": "Feature",
      "properties": {
        "@id": "way/1043595792",
        "leisure": "park",
        "@geometry": "center"
      },
      "geometry": {
        "type": "Point",
        "coordinates": [
          -65.4523205,
          -24.8503581
        ]
      },
      "id": "way/1043595792"
    },
    {
      "type": "Feature",
      "properties": {
        "@id": "way/1043595793",
        "leisure": "park",
        "@geometry": "center"
      },
      "geometry": {
        "type": "Point",
        "coordinates": [
          -65.4516194,
          -24.846881
        ]
      },
      "id": "way/1043595793"
    },
    {
      "type": "Feature",
      "properties": {
        "@id": "way/1043595826",
        "leisure": "park",
        "@geometry": "center"
      },
      "geometry": {
        "type": "Point",
        "coordinates": [
          -65.3837063,
          -24.8328634
        ]
      },
      "id": "way/1043595826"
    },
    {
      "type": "Feature",
      "properties": {
        "@id": "way/1050478357",
        "athletics": "hammer_throw",
        "leisure": "pitch",
        "sport": "athletics",
        "@geometry": "center"
      },
      "geometry": {
        "type": "Point",
        "coordinates": [
          -65.423101,
          -24.7793565
        ]
      },
      "id": "way/1050478357"
    },
    {
      "type": "Feature",
      "properties": {
        "@id": "way/1050478358",
        "athletics": "discus_throw",
        "leisure": "pitch",
        "sport": "athletics",
        "@geometry": "center"
      },
      "geometry": {
        "type": "Point",
        "coordinates": [
          -65.423098,
          -24.7793344
        ]
      },
      "id": "way/1050478358"
    },
    {
      "type": "Feature",
      "properties": {
        "@id": "way/1050478361",
        "athletics": "pole_vault",
        "leisure": "pitch",
        "sport": "athletics",
        "@geometry": "center"
      },
      "geometry": {
        "type": "Point",
        "coordinates": [
          -65.423288,
          -24.7783017
        ]
      },
      "id": "way/1050478361"
    },
    {
      "type": "Feature",
      "properties": {
        "@id": "way/1050478362",
        "athletics": "javelin_throw",
        "leisure": "pitch",
        "sport": "athletics",
        "surface": "grass",
        "@geometry": "center"
      },
      "geometry": {
        "type": "Point",
        "coordinates": [
          -65.4230166,
          -24.7785931
        ]
      },
      "id": "way/1050478362"
    },
    {
      "type": "Feature",
      "properties": {
        "@id": "way/1050478365",
        "athletics": "shot_put",
        "leisure": "pitch",
        "sport": "athletics",
        "@geometry": "center"
      },
      "geometry": {
        "type": "Point",
        "coordinates": [
          -65.4232695,
          -24.7791971
        ]
      },
      "id": "way/1050478365"
    },
    {
      "type": "Feature",
      "properties": {
        "@id": "way/1050478366",
        "athletics": "long_jump;triple_jump",
        "leisure": "pitch",
        "sport": "athletics",
        "surface": "sand",
        "@geometry": "center"
      },
      "geometry": {
        "type": "Point",
        "coordinates": [
          -65.4233328,
          -24.7784492
        ]
      },
      "id": "way/1050478366"
    },
    {
      "type": "Feature",
      "properties": {
        "@id": "way/1050478369",
        "athletics": "long_jump;triple_jump",
        "leisure": "pitch",
        "sport": "athletics",
        "surface": "sand",
        "@geometry": "center"
      },
      "geometry": {
        "type": "Point",
        "coordinates": [
          -65.4227732,
          -24.7790828
        ]
      },
      "id": "way/1050478369"
    },
    {
      "type": "Feature",
      "properties": {
        "@id": "way/1050478370",
        "athletics": "long_jump;triple_jump",
        "leisure": "pitch",
        "sport": "athletics",
        "surface": "sand",
        "@geometry": "center"
      },
      "geometry": {
        "type": "Point",
        "coordinates": [
          -65.4227062,
          -24.7784631
        ]
      },
      "id": "way/1050478370"
    },
    {
      "type": "Feature",
      "properties": {
        "@id": "way/1089959227",
        "leisure": "pitch",
        "sport": "soccer",
        "@geometry": "center"
      },
      "geometry": {
        "type": "Point",
        "coordinates": [
          -65.4358032,
          -24.8010442
        ]
      },
      "id": "way/1089959227"
    },
    {
      "type": "Feature",
      "properties": {
        "@id": "way/1089959228",
        "leisure": "pitch",
        "sport": "multi",
        "@geometry": "center"
      },
      "geometry": {
        "type": "Point",
        "coordinates": [
          -65.4340705,
          -24.8014895
        ]
      },
      "id": "way/1089959228"
    },
    {
      "type": "Feature",
      "properties": {
        "@id": "way/1089959229",
        "leisure": "pitch",
        "sport": "soccer",
        "@geometry": "center"
      },
      "geometry": {
        "type": "Point",
        "coordinates": [
          -65.4387551,
          -24.8014949
        ]
      },
      "id": "way/1089959229"
    },
    {
      "type": "Feature",
      "properties": {
        "@id": "way/1089959230",
        "leisure": "pitch",
        "sport": "soccer",
        "@geometry": "center"
      },
      "geometry": {
        "type": "Point",
        "coordinates": [
          -65.4377855,
          -24.8008551
        ]
      },
      "id": "way/1089959230"
    },
    {
      "type": "Feature",
      "properties": {
        "@id": "way/1089959231",
        "leisure": "pitch",
        "sport": "soccer",
        "@geometry": "center"
      },
      "geometry": {
        "type": "Point",
        "coordinates": [
          -65.4412544,
          -24.8019666
        ]
      },
      "id": "way/1089959231"
    },
    {
      "type": "Feature",
      "properties": {
        "@id": "way/1089959232",
        "leisure": "pitch",
        "sport": "basketball",
        "@geometry": "center"
      },
      "geometry": {
        "type": "Point",
        "coordinates": [
          -65.4407317,
          -24.8017719
        ]
      },
      "id": "way/1089959232"
    },
    {
      "type": "Feature",
      "properties": {
        "@id": "node/1167269843",
        "highway": "traffic_signals"
      },
      "geometry": {
        "type": "Point",
        "coordinates": [
          -65.4155728,
          -24.7795613
        ]
      },
      "id": "node/1167269843"
    },
    {
      "type": "Feature",
      "properties": {
        "@id": "node/1167269868",
        "highway": "traffic_signals",
        "traffic_signals": "signal"
      },
      "geometry": {
        "type": "Point",
        "coordinates": [
          -65.4028217,
          -24.7842213
        ]
      },
      "id": "node/1167269868"
    },
    {
      "type": "Feature",
      "properties": {
        "@id": "node/1167269894",
        "highway": "traffic_signals",
        "traffic_signals": "signal"
      },
      "geometry": {
        "type": "Point",
        "coordinates": [
          -65.4170769,
          -24.780692
        ]
      },
      "id": "node/1167269894"
    },
    {
      "type": "Feature",
      "properties": {
        "@id": "node/1167269921",
        "highway": "traffic_signals",
        "traffic_signals": "traffic_lights",
        "traffic_signals:direction": "forward"
      },
      "geometry": {
        "type": "Point",
        "coordinates": [
          -65.4045555,
          -24.7940319
        ]
      },
      "id": "node/1167269921"
    },
    {
      "type": "Feature",
      "properties": {
        "@id": "node/1167269963",
        "highway": "traffic_signals"
      },
      "geometry": {
        "type": "Point",
        "coordinates": [
          -65.4253929,
          -24.7801686
        ]
      },
      "id": "node/1167269963"
    },
    {
      "type": "Feature",
      "properties": {
        "@id": "node/1167269985",
        "highway": "traffic_signals",
        "traffic_signals": "traffic_lights",
        "traffic_signals:direction": "forward"
      },
      "geometry": {
        "type": "Point",
        "coordinates": [
          -65.4183585,
          -24.793043
        ]
      },
      "id": "node/1167269985"
    },
    {
      "type": "Feature",
      "properties": {
        "@id": "node/1167270003",
        "highway": "traffic_signals"
      },
      "geometry": {
        "type": "Point",
        "coordinates": [
          -65.4239629,
          -24.780264
        ]
      },
      "id": "node/1167270003"
    },
    {
      "type": "Feature",
      "properties": {
        "@id": "node/1167270037",
        "highway": "traffic_signals",
        "traffic_signals": "signal"
      },
      "geometry": {
        "type": "Point",
        "coordinates": [
          -65.4051096,
          -24.7840627
        ]
      },
      "id": "node/1167270037"
    },
    {
      "type": "Feature",
      "properties": {
        "@id": "node/1167270062",
        "highway": "traffic_signals",
        "traffic_signals": "signal"
      },
      "geometry": {
        "type": "Point",
        "coordinates": [
          -65.4047065,
          -24.7802452
        ]
      },
      "id": "node/1167270062"
    },
    {
      "type": "Feature",
      "properties": {
        "@id": "node/1167270081",
        "highway": "traffic_signals",
        "name": "Esquina Francisca Güemes de Árias",
        "source": "ORDENANZA Nº 13649"
      },
      "geometry": {
        "type": "Point",
        "coordinates": [
          -65.4138686,
          -24.7908264
        ]
      },
      "id": "node/1167270081"
    },
    {
      "type": "Feature",
      "properties": {
        "@id": "node/1167270146",
        "highway": "traffic_signals",
        "traffic_signals": "signal"
      },
      "geometry": {
        "type": "Point",
        "coordinates": [
          -65.4160525,
          -24.7846087
        ]
      },
      "id": "node/1167270146"
    },
    {
      "type": "Feature",
      "properties": {
        "@id": "node/1167270167",
        "highway": "traffic_signals"
      },
      "geometry": {
        "type": "Point",
        "coordinates": [
          -65.4190814,
          -24.7866545
        ]
      },
      "id": "node/1167270167"
    },
    {
      "type": "Feature",
      "properties": {
        "@id": "node/1167270180",
        "highway": "traffic_signals"
      },
      "geometry": {
        "type": "Point",
        "coordinates": [
          -65.4151557,
          -24.7907274
        ]
      },
      "id": "node/1167270180"
    },
    {
      "type": "Feature",
      "properties": {
        "@id": "node/1167270203",
        "highway": "traffic_signals",
        "traffic_signals": "signal"
      },
      "geometry": {
        "type": "Point",
        "coordinates": [
          -65.4161466,
          -24.7856696
        ]
      },
      "id": "node/1167270203"
    },
    {
      "type": "Feature",
      "properties": {
        "@id": "node/1167270219",
        "addr:housenumber": "77",
        "addr:postcode": "A4400",
        "addr:street": "Bartolomé Mitre",
        "name": "Museo de Arqueología de Alta Montaña",
        "opening_hours": "Tu-Su 11:00-18:30",
        "tourism": "museum",
        "website": "http://www.maam.gob.ar/",
        "wheelchair": "yes",
        "wikidata": "Q9046958",
        "wikipedia": "es:MAAM"
      },
      "geometry": {
        "type": "Point",
        "coordinates": [
          -65.4109322,
          -24.7890491
        ]
      },
      "id": "node/1167270219"
    },
    {
      "type": "Feature",
      "properties": {
        "@id": "node/1167270223",
        "highway": "traffic_signals",
        "traffic_signals": "signal"
      },
      "geometry": {
        "type": "Point",
        "coordinates": [
          -65.4173529,
          -24.7832527
        ]
      },
      "id": "node/1167270223"
    },
    {
      "type": "Feature",
      "properties": {
        "@id": "node/1167270226",
        "highway": "traffic_signals"
      },
      "geometry": {
        "type": "Point",
        "coordinates": [
          -65.4176942,
          -24.786758
        ]
      },
      "id": "node/1167270226"
    },
    {
      "type": "Feature",
      "properties": {
        "@id": "node/1167270231",
        "highway": "traffic_signals",
        "traffic_signals": "signal"
      },
      "geometry": {
        "type": "Point",
        "coordinates": [
          -65.4025596,
          -24.7856557
        ]
      },
      "id": "node/1167270231"
    },
    {
      "type": "Feature",
      "properties": {
        "@id": "node/1167270243",
        "highway": "traffic_signals"
      },
      "geometry": {
        "type": "Point",
        "coordinates": [
          -65.4180886,
          -24.7905105
        ]
      },
      "id": "node/1167270243"
    },
    {
      "type": "Feature",
      "properties": {
        "@id": "node/1167270254",
        "highway": "traffic_signals",
        "traffic_signals": "signal"
      },
      "geometry": {
        "type": "Point",
        "coordinates": [
          -65.4032386,
          -24.7790746
        ]
      },
      "id": "node/1167270254"
    },
    {
      "type": "Feature",
      "properties": {
        "@id": "node/1167270266",
        "highway": "traffic_signals",
        "traffic_signals": "traffic_lights",
        "traffic_signals:direction": "forward"
      },
      "geometry": {
        "type": "Point",
        "coordinates": [
          -65.4100013,
          -24.7937767
        ]
      },
      "id": "node/1167270266"
    },
    {
      "type": "Feature",
      "properties": {
        "@id": "node/1167270280",
        "highway": "traffic_signals",
        "traffic_signals": "traffic_lights",
        "traffic_signals:direction": "forward"
      },
      "geometry": {
        "type": "Point",
        "coordinates": [
          -65.4086459,
          -24.7938456
        ]
      },
      "id": "node/1167270280"
    },
    {
      "type": "Feature",
      "properties": {
        "@id": "node/1167270284",
        "highway": "traffic_signals",
        "traffic_signals": "signal"
      },
      "geometry": {
        "type": "Point",
        "coordinates": [
          -65.4005872,
          -24.7941985
        ]
      },
      "id": "node/1167270284"
    },
    {
      "type": "Feature",
      "properties": {
        "@id": "node/1167270289",
        "highway": "traffic_signals",
        "traffic_signals": "signal"
      },
      "geometry": {
        "type": "Point",
        "coordinates": [
          -65.4185104,
          -24.7805972
        ]
      },
      "id": "node/1167270289"
    },
    {
      "type": "Feature",
      "properties": {
        "@id": "node/1167270298",
        "highway": "traffic_signals"
      },
      "geometry": {
        "type": "Point",
        "coordinates": [
          -65.4023777,
          -24.7868065
        ]
      },
      "id": "node/1167270298"
    },
    {
      "type": "Feature",
      "properties": {
        "@id": "node/1167270384",
        "highway": "traffic_signals",
        "traffic_signals": "signal"
      },
      "geometry": {
        "type": "Point",
        "coordinates": [
          -65.4226688,
          -24.7803415
        ]
      },
      "id": "node/1167270384"
    },
    {
      "type": "Feature",
      "properties": {
        "@id": "node/1167270403",
        "highway": "traffic_signals",
        "man_made": "surveillance",
        "traffic_signals": "traffic_lights",
        "traffic_signals:direction": "forward"
      },
      "geometry": {
        "type": "Point",
        "coordinates": [
          -65.4071657,
          -24.7939114
        ]
      },
      "id": "node/1167270403"
    },
    {
      "type": "Feature",
      "properties": {
        "@id": "node/1167270405",
        "highway": "traffic_signals"
      },
      "geometry": {
        "type": "Point",
        "coordinates": [
          -65.4153103,
          -24.7920252
        ]
      },
      "id": "node/1167270405"
    },
    {
      "type": "Feature",
      "properties": {
        "@id": "node/1167270457",
        "highway": "traffic_signals"
      },
      "geometry": {
        "type": "Point",
        "coordinates": [
          -65.41287,
          -24.7809711
        ]
      },
      "id": "node/1167270457"
    },
    {
      "type": "Feature",
      "properties": {
        "@id": "node/1167270460",
        "highway": "traffic_signals"
      },
      "geometry": {
        "type": "Point",
        "coordinates": [
          -65.4182363,
          -24.7918297
        ]
      },
      "id": "node/1167270460"
    },
    {
      "type": "Feature",
      "properties": {
        "@id": "node/1168564584",
        "addr:city": "Salta",
        "addr:full": "Avenida Ejercito del Norte y Avenida Ricardo Solá",
        "name": "Museo de Antropología Dr Juan Martín Leguizamón",
        "opening_hours": "Mo-Fr 08:00-19:00, Su 10:00-18:00",
        "operator": "Ministerio de Cultura y Turismo de Salta",
        "phone": "+54 387 422 2960",
        "start_date": "09750421",
        "tourism": "museum"
      },
      "geometry": {
        "type": "Point",
        "coordinates": [
          -65.3977468,
          -24.7862231
        ]
      },
      "id": "node/1168564584"
    },
    {
      "type": "Feature",
      "properties": {
        "@id": "node/1170590789",
        "highway": "traffic_signals",
        "traffic_signals": "traffic_lights",
        "traffic_signals:direction": "forward"
      },
      "geometry": {
        "type": "Point",
        "coordinates": [
          -65.4176661,
          -24.7981583
        ]
      },
      "id": "node/1170590789"
    },
    {
      "type": "Feature",
      "properties": {
        "@id": "node/1170591138",
        "highway": "traffic_signals",
        "traffic_signals": "traffic_lights",
        "traffic_signals:direction": "forward"
      },
      "geometry": {
        "type": "Point",
        "coordinates": [
          -65.4172589,
          -24.7968875
        ]
      },
      "id": "node/1170591138"
    },
    {
      "type": "Feature",
      "properties": {
        "@id": "node/1170591152",
        "highway": "traffic_signals",
        "traffic_signals": "traffic_lights",
        "traffic_signals:direction": "forward"
      },
      "geometry": {
        "type": "Point",
        "coordinates": [
          -65.4161329,
          -24.7995559
        ]
      },
      "id": "node/1170591152"
    },
    {
      "type": "Feature",
      "properties": {
        "@id": "node/1170591219",
        "highway": "traffic_signals",
        "traffic_signals": "signal"
      },
      "geometry": {
        "type": "Point",
        "coordinates": [
          -65.4171297,
          -24.7956052
        ]
      },
      "id": "node/1170591219"
    },
    {
      "type": "Feature",
      "properties": {
        "@id": "node/1176386742",
        "highway": "traffic_signals",
        "man_made": "surveillance",
        "traffic_signals": "signal"
      },
      "geometry": {
        "type": "Point",
        "coordinates": [
          -65.4040159,
          -24.7868707
        ]
      },
      "id": "node/1176386742"
    },
    {
      "type": "Feature",
      "properties": {
        "@id": "node/1176386762",
        "highway": "traffic_signals",
        "traffic_signals": "signal"
      },
      "geometry": {
        "type": "Point",
        "coordinates": [
          -65.4043759,
          -24.7777501
        ]
      },
      "id": "node/1176386762"
    },
    {
      "type": "Feature",
      "properties": {
        "@id": "node/1176386771",
        "highway": "traffic_signals",
        "traffic_signals": "signal"
      },
      "geometry": {
        "type": "Point",
        "coordinates": [
          -65.403054,
          -24.7765799
        ]
      },
      "id": "node/1176386771"
    },
    {
      "type": "Feature",
      "properties": {
        "@id": "node/1176386812",
        "highway": "traffic_signals",
        "traffic_signals": "signal"
      },
      "geometry": {
        "type": "Point",
        "coordinates": [
          -65.4019576,
          -24.7892309
        ]
      },
      "id": "node/1176386812"
    },
    {
      "type": "Feature",
      "properties": {
        "@id": "node/1176386839",
        "highway": "traffic_signals",
        "traffic_signals": "signal"
      },
      "geometry": {
        "type": "Point",
        "coordinates": [
          -65.405318,
          -24.786912
        ]
      },
      "id": "node/1176386839"
    },
    {
      "type": "Feature",
      "properties": {
        "@id": "way/1194041702",
        "addr:city": "Salta",
        "amenity": "place_of_worship",
        "building": "yes",
        "denomination": "catholic",
        "name": "Parroquia Nuestra Ssñora del Valle",
        "religion": "christian",
        "wikidata": "Q9007731",
        "@geometry": "center"
      },
      "geometry": {
        "type": "Point",
        "coordinates": [
          -65.4076925,
          -24.7959026
        ]
      },
      "id": "way/1194041702"
    },
    {
      "type": "Feature",
      "properties": {
        "@id": "way/1204315735",
        "amenity": "place_of_worship",
        "building": "yes",
        "@geometry": "center"
      },
      "geometry": {
        "type": "Point",
        "coordinates": [
          -65.3868569,
          -24.8323064
        ]
      },
      "id": "way/1204315735"
    },
    {
      "type": "Feature",
      "properties": {
        "@id": "way/1204315737",
        "leisure": "pitch",
        "sport": "soccer",
        "@geometry": "center"
      },
      "geometry": {
        "type": "Point",
        "coordinates": [
          -65.3867923,
          -24.8330032
        ]
      },
      "id": "way/1204315737"
    },
    {
      "type": "Feature",
      "properties": {
        "@id": "way/1204315738",
        "leisure": "pitch",
        "sport": "soccer",
        "@geometry": "center"
      },
      "geometry": {
        "type": "Point",
        "coordinates": [
          -65.3880356,
          -24.8321728
        ]
      },
      "id": "way/1204315738"
    },
    {
      "type": "Feature",
      "properties": {
        "@id": "way/1204315739",
        "leisure": "pitch",
        "sport": "soccer",
        "@geometry": "center"
      },
      "geometry": {
        "type": "Point",
        "coordinates": [
          -65.3881151,
          -24.8327878
        ]
      },
      "id": "way/1204315739"
    },
    {
      "type": "Feature",
      "properties": {
        "@id": "way/1204315740",
        "leisure": "pitch",
        "sport": "soccer",
        "@geometry": "center"
      },
      "geometry": {
        "type": "Point",
        "coordinates": [
          -65.3875103,
          -24.832759
        ]
      },
      "id": "way/1204315740"
    },
    {
      "type": "Feature",
      "properties": {
        "@id": "way/1204315745",
        "leisure": "pitch",
        "sport": "soccer",
        "@geometry": "center"
      },
      "geometry": {
        "type": "Point",
        "coordinates": [
          -65.3904652,
          -24.8336598
        ]
      },
      "id": "way/1204315745"
    },
    {
      "type": "Feature",
      "properties": {
        "@id": "way/1204315746",
        "leisure": "pitch",
        "sport": "soccer",
        "@geometry": "center"
      },
      "geometry": {
        "type": "Point",
        "coordinates": [
          -65.3903154,
          -24.8345913
        ]
      },
      "id": "way/1204315746"
    },
    {
      "type": "Feature",
      "properties": {
        "@id": "way/1204315747",
        "leisure": "pitch",
        "sport": "soccer",
        "@geometry": "center"
      },
      "geometry": {
        "type": "Point",
        "coordinates": [
          -65.3905437,
          -24.8342623
        ]
      },
      "id": "way/1204315747"
    },
    {
      "type": "Feature",
      "properties": {
        "@id": "way/1204315750",
        "amenity": "place_of_worship",
        "building": "yes",
        "name": "Vicaría B° San Benito",
        "@geometry": "center"
      },
      "geometry": {
        "type": "Point",
        "coordinates": [
          -65.3903142,
          -24.8353453
        ]
      },
      "id": "way/1204315750"
    },
    {
      "type": "Feature",
      "properties": {
        "@id": "way/1204315752",
        "amenity": "place_of_worship",
        "building": "yes",
        "@geometry": "center"
      },
      "geometry": {
        "type": "Point",
        "coordinates": [
          -65.388979,
          -24.8308654
        ]
      },
      "id": "way/1204315752"
    },
    {
      "type": "Feature",
      "properties": {
        "@id": "way/1204315753",
        "leisure": "pitch",
        "sport": "soccer",
        "@geometry": "center"
      },
      "geometry": {
        "type": "Point",
        "coordinates": [
          -65.3889474,
          -24.8312541
        ]
      },
      "id": "way/1204315753"
    },
    {
      "type": "Feature",
      "properties": {
        "@id": "way/1204317084",
        "leisure": "park",
        "@geometry": "center"
      },
      "geometry": {
        "type": "Point",
        "coordinates": [
          -65.3897137,
          -24.8365237
        ]
      },
      "id": "way/1204317084"
    },
    {
      "type": "Feature",
      "properties": {
        "@id": "way/1204317085",
        "leisure": "park",
        "@geometry": "center"
      },
      "geometry": {
        "type": "Point",
        "coordinates": [
          -65.3896428,
          -24.8368244
        ]
      },
      "id": "way/1204317085"
    },
    {
      "type": "Feature",
      "properties": {
        "@id": "way/1212908237",
        "leisure": "park",
        "name": "Plazoleta",
        "@geometry": "center"
      },
      "geometry": {
        "type": "Point",
        "coordinates": [
          -65.4434998,
          -24.7688537
        ]
      },
      "id": "way/1212908237"
    },
    {
      "type": "Feature",
      "properties": {
        "@id": "way/1215486749",
        "leisure": "pitch",
        "sport": "basketball",
        "@geometry": "center"
      },
      "geometry": {
        "type": "Point",
        "coordinates": [
          -65.4450683,
          -24.7767555
        ]
      },
      "id": "way/1215486749"
    },
    {
      "type": "Feature",
      "properties": {
        "@id": "way/1215486750",
        "leisure": "pitch",
        "sport": "soccer",
        "@geometry": "center"
      },
      "geometry": {
        "type": "Point",
        "coordinates": [
          -65.4450162,
          -24.7771462
        ]
      },
      "id": "way/1215486750"
    },
    {
      "type": "Feature",
      "properties": {
        "@id": "way/1216684574",
        "leisure": "park",
        "@geometry": "center"
      },
      "geometry": {
        "type": "Point",
        "coordinates": [
          -65.4041603,
          -24.7426309
        ]
      },
      "id": "way/1216684574"
    },
    {
      "type": "Feature",
      "properties": {
        "@id": "way/1216684583",
        "leisure": "park",
        "@geometry": "center"
      },
      "geometry": {
        "type": "Point",
        "coordinates": [
          -65.4070182,
          -24.7417424
        ]
      },
      "id": "way/1216684583"
    },
    {
      "type": "Feature",
      "properties": {
        "@id": "way/1217212347",
        "leisure": "pitch",
        "@geometry": "center"
      },
      "geometry": {
        "type": "Point",
        "coordinates": [
          -65.4034591,
          -24.7839831
        ]
      },
      "id": "way/1217212347"
    },
    {
      "type": "Feature",
      "properties": {
        "@id": "way/1217212348",
        "leisure": "pitch",
        "@geometry": "center"
      },
      "geometry": {
        "type": "Point",
        "coordinates": [
          -65.4034373,
          -24.7836787
        ]
      },
      "id": "way/1217212348"
    },
    {
      "type": "Feature",
      "properties": {
        "@id": "way/1217418973",
        "leisure": "park",
        "@geometry": "center"
      },
      "geometry": {
        "type": "Point",
        "coordinates": [
          -65.4103649,
          -24.7411491
        ]
      },
      "id": "way/1217418973"
    },
    {
      "type": "Feature",
      "properties": {
        "@id": "way/1217419004",
        "leisure": "park",
        "@geometry": "center"
      },
      "geometry": {
        "type": "Point",
        "coordinates": [
          -65.3641872,
          -24.7934794
        ]
      },
      "id": "way/1217419004"
    },
    {
      "type": "Feature",
      "properties": {
        "@id": "way/1217433982",
        "leisure": "park",
        "@geometry": "center"
      },
      "geometry": {
        "type": "Point",
        "coordinates": [
          -65.4126633,
          -24.823514
        ]
      },
      "id": "way/1217433982"
    },
    {
      "type": "Feature",
      "properties": {
        "@id": "way/1217434004",
        "leisure": "park",
        "@geometry": "center"
      },
      "geometry": {
        "type": "Point",
        "coordinates": [
          -65.4573264,
          -24.8550604
        ]
      },
      "id": "way/1217434004"
    },
    {
      "type": "Feature",
      "properties": {
        "@id": "way/1217580835",
        "leisure": "park",
        "@geometry": "center"
      },
      "geometry": {
        "type": "Point",
        "coordinates": [
          -65.4404679,
          -24.8102967
        ]
      },
      "id": "way/1217580835"
    },
    {
      "type": "Feature",
      "properties": {
        "@id": "way/1217580842",
        "leisure": "park",
        "@geometry": "center"
      },
      "geometry": {
        "type": "Point",
        "coordinates": [
          -65.4665875,
          -24.8139179
        ]
      },
      "id": "way/1217580842"
    },
    {
      "type": "Feature",
      "properties": {
        "@id": "way/1217580859",
        "leisure": "park",
        "@geometry": "center"
      },
      "geometry": {
        "type": "Point",
        "coordinates": [
          -65.4516944,
          -24.7892672
        ]
      },
      "id": "way/1217580859"
    },
    {
      "type": "Feature",
      "properties": {
        "@id": "way/1217580865",
        "leisure": "park",
        "@geometry": "center"
      },
      "geometry": {
        "type": "Point",
        "coordinates": [
          -65.4483684,
          -24.7828881
        ]
      },
      "id": "way/1217580865"
    },
    {
      "type": "Feature",
      "properties": {
        "@id": "way/1226206901",
        "leisure": "park",
        "@geometry": "center"
      },
      "geometry": {
        "type": "Point",
        "coordinates": [
          -65.4743585,
          -24.8683228
        ]
      },
      "id": "way/1226206901"
    },
    {
      "type": "Feature",
      "properties": {
        "@id": "way/1226206902",
        "leisure": "park",
        "@geometry": "center"
      },
      "geometry": {
        "type": "Point",
        "coordinates": [
          -65.4743044,
          -24.8682073
        ]
      },
      "id": "way/1226206902"
    },
    {
      "type": "Feature",
      "properties": {
        "@id": "way/1233820780",
        "addr:city": "Salta",
        "addr:housenumber": "485",
        "addr:postcode": "4400",
        "addr:street": "Avenida Batalla de Salta",
        "amenity": "place_of_worship",
        "building": "church",
        "denomination": "roman_catholic",
        "name": "Parroquia Señor y Virgen del Milagro",
        "phone": "+54 387 425 1232",
        "religion": "christian",
        "@geometry": "center"
      },
      "geometry": {
        "type": "Point",
        "coordinates": [
          -65.4053921,
          -24.7181183
        ]
      },
      "id": "way/1233820780"
    },
    {
      "type": "Feature",
      "properties": {
        "@id": "node/1260351965",
        "highway": "traffic_signals",
        "traffic_signals": "signal"
      },
      "geometry": {
        "type": "Point",
        "coordinates": [
          -65.3984331,
          -24.7951651
        ]
      },
      "id": "node/1260351965"
    },
    {
      "type": "Feature",
      "properties": {
        "@id": "node/1260427376",
        "highway": "traffic_signals",
        "traffic_signals": "signal"
      },
      "geometry": {
        "type": "Point",
        "coordinates": [
          -65.3976733,
          -24.7967429
        ]
      },
      "id": "node/1260427376"
    },
    {
      "type": "Feature",
      "properties": {
        "@id": "node/1260427398",
        "highway": "traffic_signals",
        "traffic_signals": "signal"
      },
      "geometry": {
        "type": "Point",
        "coordinates": [
          -65.3985263,
          -24.7963414
        ]
      },
      "id": "node/1260427398"
    },
    {
      "type": "Feature",
      "properties": {
        "@id": "node/1260431075",
        "highway": "traffic_signals",
        "traffic_signals": "traffic_lights",
        "traffic_signals:direction": "forward"
      },
      "geometry": {
        "type": "Point",
        "coordinates": [
          -65.4005488,
          -24.7951995
        ]
      },
      "id": "node/1260431075"
    },
    {
      "type": "Feature",
      "properties": {
        "@id": "node/1260431092",
        "highway": "traffic_signals",
        "traffic_signals": "signal"
      },
      "geometry": {
        "type": "Point",
        "coordinates": [
          -65.4018279,
          -24.7917245
        ]
      },
      "id": "node/1260431092"
    },
    {
      "type": "Feature",
      "properties": {
        "@id": "node/1260431218",
        "highway": "traffic_signals",
        "traffic_signals": "signal"
      },
      "geometry": {
        "type": "Point",
        "coordinates": [
          -65.4044523,
          -24.7927818
        ]
      },
      "id": "node/1260431218"
    },
    {
      "type": "Feature",
      "properties": {
        "@id": "node/1260437098",
        "highway": "traffic_signals",
        "traffic_signals": "signal"
      },
      "geometry": {
        "type": "Point",
        "coordinates": [
          -65.4021339,
          -24.7892288
        ]
      },
      "id": "node/1260437098"
    },
    {
      "type": "Feature",
      "properties": {
        "@id": "node/1260437104",
        "highway": "traffic_signals",
        "traffic_signals": "signal"
      },
      "geometry": {
        "type": "Point",
        "coordinates": [
          -65.4019565,
          -24.7902651
        ]
      },
      "id": "node/1260437104"
    },
    {
      "type": "Feature",
      "properties": {
        "@id": "node/1260437106",
        "highway": "traffic_signals"
      },
      "geometry": {
        "type": "Point",
        "coordinates": [
          -65.4025802,
          -24.786813
        ]
      },
      "id": "node/1260437106"
    },
    {
      "type": "Feature",
      "properties": {
        "@id": "node/1260437109",
        "highway": "traffic_signals",
        "traffic_signals": "signal"
      },
      "geometry": {
        "type": "Point",
        "coordinates": [
          -65.4023098,
          -24.7882475
        ]
      },
      "id": "node/1260437109"
    },
    {
      "type": "Feature",
      "properties": {
        "@id": "node/1260437534",
        "highway": "traffic_signals"
      },
      "geometry": {
        "type": "Point",
        "coordinates": [
          -65.4023558,
          -24.7869351
        ]
      },
      "id": "node/1260437534"
    },
    {
      "type": "Feature",
      "properties": {
        "@id": "node/1260437536",
        "highway": "traffic_signals",
        "traffic_signals": "signal"
      },
      "geometry": {
        "type": "Point",
        "coordinates": [
          -65.4040248,
          -24.7870115
        ]
      },
      "id": "node/1260437536"
    },
    {
      "type": "Feature",
      "properties": {
        "@id": "node/1260437542",
        "highway": "traffic_signals",
        "traffic_signals": "signal"
      },
      "geometry": {
        "type": "Point",
        "coordinates": [
          -65.4026074,
          -24.7882177
        ]
      },
      "id": "node/1260437542"
    },
    {
      "type": "Feature",
      "properties": {
        "@id": "node/1260437543",
        "highway": "traffic_signals"
      },
      "geometry": {
        "type": "Point",
        "coordinates": [
          -65.4025572,
          -24.7869461
        ]
      },
      "id": "node/1260437543"
    },
    {
      "type": "Feature",
      "properties": {
        "@id": "node/1260442986",
        "highway": "traffic_signals",
        "traffic_signals": "signal"
      },
      "geometry": {
        "type": "Point",
        "coordinates": [
          -65.4032996,
          -24.7778276
        ]
      },
      "id": "node/1260442986"
    },
    {
      "type": "Feature",
      "properties": {
        "@id": "node/1260442998",
        "highway": "traffic_signals",
        "traffic_signals": "signal"
      },
      "geometry": {
        "type": "Point",
        "coordinates": [
          -65.4030127,
          -24.7842214
        ]
      },
      "id": "node/1260442998"
    },
    {
      "type": "Feature",
      "properties": {
        "@id": "node/1260442999",
        "highway": "traffic_signals"
      },
      "geometry": {
        "type": "Point",
        "coordinates": [
          -65.4034619,
          -24.7815949
        ]
      },
      "id": "node/1260442999"
    },
    {
      "type": "Feature",
      "properties": {
        "@id": "node/1260443004",
        "highway": "traffic_signals"
      },
      "geometry": {
        "type": "Point",
        "coordinates": [
          -65.4035061,
          -24.7803307
        ]
      },
      "id": "node/1260443004"
    },
    {
      "type": "Feature",
      "properties": {
        "@id": "node/1260443011",
        "highway": "traffic_signals",
        "traffic_signals": "signal"
      },
      "geometry": {
        "type": "Point",
        "coordinates": [
          -65.4032776,
          -24.7817219
        ]
      },
      "id": "node/1260443011"
    },
    {
      "type": "Feature",
      "properties": {
        "@id": "node/1260443012",
        "highway": "traffic_signals",
        "traffic_signals": "signal"
      },
      "geometry": {
        "type": "Point",
        "coordinates": [
          -65.4033985,
          -24.779063
        ]
      },
      "id": "node/1260443012"
    },
    {
      "type": "Feature",
      "properties": {
        "@id": "node/1260443014",
        "highway": "traffic_signals"
      },
      "geometry": {
        "type": "Point",
        "coordinates": [
          -65.4049003,
          -24.7816161
        ]
      },
      "id": "node/1260443014"
    },
    {
      "type": "Feature",
      "properties": {
        "@id": "node/1260443039",
        "highway": "traffic_signals",
        "traffic_signals": "signal"
      },
      "geometry": {
        "type": "Point",
        "coordinates": [
          -65.4027823,
          -24.7856429
        ]
      },
      "id": "node/1260443039"
    },
    {
      "type": "Feature",
      "properties": {
        "@id": "node/1260445212",
        "highway": "traffic_signals",
        "traffic_signals": "signal"
      },
      "geometry": {
        "type": "Point",
        "coordinates": [
          -65.4010758,
          -24.7751374
        ]
      },
      "id": "node/1260445212"
    },
    {
      "type": "Feature",
      "properties": {
        "@id": "node/1260445230",
        "highway": "traffic_signals",
        "traffic_signals": "signal"
      },
      "geometry": {
        "type": "Point",
        "coordinates": [
          -65.4011095,
          -24.7743593
        ]
      },
      "id": "node/1260445230"
    },
    {
      "type": "Feature",
      "properties": {
        "@id": "node/1261031281",
        "highway": "traffic_signals",
        "traffic_signals": "traffic_lights",
        "traffic_signals:direction": "forward"
      },
      "geometry": {
        "type": "Point",
        "coordinates": [
          -65.3965029,
          -24.8081198
        ]
      },
      "id": "node/1261031281"
    },
    {
      "type": "Feature",
      "properties": {
        "@id": "way/1270385281",
        "leisure": "pitch",
        "sport": "basketball",
        "@geometry": "center"
      },
      "geometry": {
        "type": "Point",
        "coordinates": [
          -65.460544,
          -24.8505951
        ]
      },
      "id": "way/1270385281"
    },
    {
      "type": "Feature",
      "properties": {
        "@id": "way/1270385282",
        "leisure": "pitch",
        "sport": "basketball",
        "@geometry": "center"
      },
      "geometry": {
        "type": "Point",
        "coordinates": [
          -65.4603211,
          -24.8506409
        ]
      },
      "id": "way/1270385282"
    },
    {
      "type": "Feature",
      "properties": {
        "@id": "way/1270385285",
        "leisure": "park",
        "@geometry": "center"
      },
      "geometry": {
        "type": "Point",
        "coordinates": [
          -65.4580656,
          -24.852335
        ]
      },
      "id": "way/1270385285"
    },
    {
      "type": "Feature",
      "properties": {
        "@id": "way/1270385286",
        "leisure": "pitch",
        "sport": "soccer",
        "@geometry": "center"
      },
      "geometry": {
        "type": "Point",
        "coordinates": [
          -65.4582452,
          -24.8523413
        ]
      },
      "id": "way/1270385286"
    },
    {
      "type": "Feature",
      "properties": {
        "@id": "way/1270385287",
        "leisure": "pitch",
        "sport": "basketball",
        "@geometry": "center"
      },
      "geometry": {
        "type": "Point",
        "coordinates": [
          -65.457833,
          -24.8522823
        ]
      },
      "id": "way/1270385287"
    },
    {
      "type": "Feature",
      "properties": {
        "@id": "way/1270385288",
        "leisure": "pitch",
        "sport": "basketball",
        "@geometry": "center"
      },
      "geometry": {
        "type": "Point",
        "coordinates": [
          -65.461336,
          -24.8535442
        ]
      },
      "id": "way/1270385288"
    },
    {
      "type": "Feature",
      "properties": {
        "@id": "way/1270385290",
        "leisure": "park",
        "@geometry": "center"
      },
      "geometry": {
        "type": "Point",
        "coordinates": [
          -65.4562265,
          -24.8508379
        ]
      },
      "id": "way/1270385290"
    },
    {
      "type": "Feature",
      "properties": {
        "@id": "way/1270385291",
        "leisure": "park",
        "@geometry": "center"
      },
      "geometry": {
        "type": "Point",
        "coordinates": [
          -65.4550553,
          -24.8511696
        ]
      },
      "id": "way/1270385291"
    },
    {
      "type": "Feature",
      "properties": {
        "@id": "way/1270385292",
        "leisure": "park",
        "@geometry": "center"
      },
      "geometry": {
        "type": "Point",
        "coordinates": [
          -65.4557324,
          -24.850976
        ]
      },
      "id": "way/1270385292"
    },
    {
      "type": "Feature",
      "properties": {
        "@id": "way/1270385296",
        "leisure": "pitch",
        "sport": "softball",
        "@geometry": "center"
      },
      "geometry": {
        "type": "Point",
        "coordinates": [
          -65.4618148,
          -24.8508385
        ]
      },
      "id": "way/1270385296"
    },
    {
      "type": "Feature",
      "properties": {
        "@id": "way/1270385298",
        "leisure": "pitch",
        "sport": "basketball",
        "@geometry": "center"
      },
      "geometry": {
        "type": "Point",
        "coordinates": [
          -65.4509836,
          -24.8521939
        ]
      },
      "id": "way/1270385298"
    },
    {
      "type": "Feature",
      "properties": {
        "@id": "way/1270385301",
        "leisure": "pitch",
        "sport": "basketball",
        "@geometry": "center"
      },
      "geometry": {
        "type": "Point",
        "coordinates": [
          -65.4533179,
          -24.8455867
        ]
      },
      "id": "way/1270385301"
    },
    {
      "type": "Feature",
      "properties": {
        "@id": "way/1270385302",
        "leisure": "pitch",
        "sport": "soccer",
        "@geometry": "center"
      },
      "geometry": {
        "type": "Point",
        "coordinates": [
          -65.4539247,
          -24.8457306
        ]
      },
      "id": "way/1270385302"
    },
    {
      "type": "Feature",
      "properties": {
        "@id": "way/1270385303",
        "leisure": "park",
        "@geometry": "center"
      },
      "geometry": {
        "type": "Point",
        "coordinates": [
          -65.453767,
          -24.8457607
        ]
      },
      "id": "way/1270385303"
    },
    {
      "type": "Feature",
      "properties": {
        "@id": "way/1270385304",
        "leisure": "pitch",
        "sport": "soccer",
        "@geometry": "center"
      },
      "geometry": {
        "type": "Point",
        "coordinates": [
          -65.458557,
          -24.8465365
        ]
      },
      "id": "way/1270385304"
    },
    {
      "type": "Feature",
      "properties": {
        "@id": "way/1270385309",
        "leisure": "pitch",
        "sport": "basketball",
        "@geometry": "center"
      },
      "geometry": {
        "type": "Point",
        "coordinates": [
          -65.4706187,
          -24.8566602
        ]
      },
      "id": "way/1270385309"
    },
    {
      "type": "Feature",
      "properties": {
        "@id": "way/1270385310",
        "leisure": "pitch",
        "sport": "basketball",
        "@geometry": "center"
      },
      "geometry": {
        "type": "Point",
        "coordinates": [
          -65.4707511,
          -24.8568084
        ]
      },
      "id": "way/1270385310"
    },
    {
      "type": "Feature",
      "properties": {
        "@id": "way/1270385312",
        "leisure": "pitch",
        "sport": "soccer",
        "@geometry": "center"
      },
      "geometry": {
        "type": "Point",
        "coordinates": [
          -65.46257,
          -24.859722
        ]
      },
      "id": "way/1270385312"
    },
    {
      "type": "Feature",
      "properties": {
        "@id": "way/1270385313",
        "leisure": "pitch",
        "sport": "soccer",
        "@geometry": "center"
      },
      "geometry": {
        "type": "Point",
        "coordinates": [
          -65.4611087,
          -24.8594196
        ]
      },
      "id": "way/1270385313"
    },
    {
      "type": "Feature",
      "properties": {
        "@id": "way/1270385314",
        "leisure": "pitch",
        "sport": "soccer",
        "@geometry": "center"
      },
      "geometry": {
        "type": "Point",
        "coordinates": [
          -65.4635375,
          -24.863044
        ]
      },
      "id": "way/1270385314"
    },
    {
      "type": "Feature",
      "properties": {
        "@id": "way/1270385315",
        "leisure": "park",
        "@geometry": "center"
      },
      "geometry": {
        "type": "Point",
        "coordinates": [
          -65.468688,
          -24.8613688
        ]
      },
      "id": "way/1270385315"
    },
    {
      "type": "Feature",
      "properties": {
        "@id": "way/1270385316",
        "leisure": "pitch",
        "sport": "softball",
        "@geometry": "center"
      },
      "geometry": {
        "type": "Point",
        "coordinates": [
          -65.4570016,
          -24.8411697
        ]
      },
      "id": "way/1270385316"
    },
    {
      "type": "Feature",
      "properties": {
        "@id": "way/1270385317",
        "leisure": "pitch",
        "sport": "field_hockey",
        "@geometry": "center"
      },
      "geometry": {
        "type": "Point",
        "coordinates": [
          -65.4566644,
          -24.840267
        ]
      },
      "id": "way/1270385317"
    },
    {
      "type": "Feature",
      "properties": {
        "@id": "way/1270385318",
        "leisure": "pitch",
        "sport": "soccer",
        "@geometry": "center"
      },
      "geometry": {
        "type": "Point",
        "coordinates": [
          -65.4574012,
          -24.8403088
        ]
      },
      "id": "way/1270385318"
    },
    {
      "type": "Feature",
      "properties": {
        "@id": "way/1270385319",
        "leisure": "pitch",
        "sport": "soccer",
        "@geometry": "center"
      },
      "geometry": {
        "type": "Point",
        "coordinates": [
          -65.457514,
          -24.8390257
        ]
      },
      "id": "way/1270385319"
    },
    {
      "type": "Feature",
      "properties": {
        "@id": "way/1270385320",
        "leisure": "pitch",
        "sport": "soccer",
        "@geometry": "center"
      },
      "geometry": {
        "type": "Point",
        "coordinates": [
          -65.4568264,
          -24.8389929
        ]
      },
      "id": "way/1270385320"
    },
    {
      "type": "Feature",
      "properties": {
        "@id": "way/1270385321",
        "leisure": "pitch",
        "sport": "soccer",
        "@geometry": "center"
      },
      "geometry": {
        "type": "Point",
        "coordinates": [
          -65.4567974,
          -24.8396326
        ]
      },
      "id": "way/1270385321"
    },
    {
      "type": "Feature",
      "properties": {
        "@id": "way/1270385322",
        "leisure": "pitch",
        "sport": "soccer",
        "@geometry": "center"
      },
      "geometry": {
        "type": "Point",
        "coordinates": [
          -65.4574577,
          -24.83967
        ]
      },
      "id": "way/1270385322"
    },
    {
      "type": "Feature",
      "properties": {
        "@id": "way/1270385323",
        "leisure": "pitch",
        "sport": "soccer",
        "@geometry": "center"
      },
      "geometry": {
        "type": "Point",
        "coordinates": [
          -65.4600483,
          -24.839836
        ]
      },
      "id": "way/1270385323"
    },
    {
      "type": "Feature",
      "properties": {
        "@id": "way/1270385324",
        "leisure": "pitch",
        "sport": "soccer",
        "@geometry": "center"
      },
      "geometry": {
        "type": "Point",
        "coordinates": [
          -65.4603831,
          -24.8398633
        ]
      },
      "id": "way/1270385324"
    },
    {
      "type": "Feature",
      "properties": {
        "@id": "way/1270385325",
        "leisure": "pitch",
        "sport": "padel",
        "@geometry": "center"
      },
      "geometry": {
        "type": "Point",
        "coordinates": [
          -65.4604338,
          -24.8394948
        ]
      },
      "id": "way/1270385325"
    },
    {
      "type": "Feature",
      "properties": {
        "@id": "way/1270385326",
        "leisure": "pitch",
        "sport": "padel",
        "@geometry": "center"
      },
      "geometry": {
        "type": "Point",
        "coordinates": [
          -65.4602096,
          -24.8394816
        ]
      },
      "id": "way/1270385326"
    },
    {
      "type": "Feature",
      "properties": {
        "@id": "way/1270385327",
        "leisure": "pitch",
        "sport": "soccer",
        "@geometry": "center"
      },
      "geometry": {
        "type": "Point",
        "coordinates": [
          -65.4562656,
          -24.8425039
        ]
      },
      "id": "way/1270385327"
    },
    {
      "type": "Feature",
      "properties": {
        "@id": "way/1270385328",
        "leisure": "pitch",
        "sport": "soccer",
        "@geometry": "center"
      },
      "geometry": {
        "type": "Point",
        "coordinates": [
          -65.4562986,
          -24.8428745
        ]
      },
      "id": "way/1270385328"
    },
    {
      "type": "Feature",
      "properties": {
        "@id": "way/1270385329",
        "leisure": "pitch",
        "sport": "softball",
        "@geometry": "center"
      },
      "geometry": {
        "type": "Point",
        "coordinates": [
          -65.4572426,
          -24.8423303
        ]
      },
      "id": "way/1270385329"
    },
    {
      "type": "Feature",
      "properties": {
        "@id": "way/1270385331",
        "leisure": "pitch",
        "sport": "basketball",
        "@geometry": "center"
      },
      "geometry": {
        "type": "Point",
        "coordinates": [
          -65.4605856,
          -24.8444132
        ]
      },
      "id": "way/1270385331"
    },
    {
      "type": "Feature",
      "properties": {
        "@id": "way/1270385333",
        "leisure": "park",
        "@geometry": "center"
      },
      "geometry": {
        "type": "Point",
        "coordinates": [
          -65.4606317,
          -24.8441251
        ]
      },
      "id": "way/1270385333"
    },
    {
      "type": "Feature",
      "properties": {
        "@id": "way/1270460200",
        "leisure": "park",
        "@geometry": "center"
      },
      "geometry": {
        "type": "Point",
        "coordinates": [
          -65.4655108,
          -24.8581427
        ]
      },
      "id": "way/1270460200"
    },
    {
      "type": "Feature",
      "properties": {
        "@id": "way/1270460612",
        "leisure": "pitch",
        "sport": "basketball",
        "@geometry": "center"
      },
      "geometry": {
        "type": "Point",
        "coordinates": [
          -65.4629715,
          -24.8630798
        ]
      },
      "id": "way/1270460612"
    },
    {
      "type": "Feature",
      "properties": {
        "@id": "way/1270463985",
        "leisure": "pitch",
        "sport": "multi",
        "@geometry": "center"
      },
      "geometry": {
        "type": "Point",
        "coordinates": [
          -65.4439846,
          -24.8481595
        ]
      },
      "id": "way/1270463985"
    },
    {
      "type": "Feature",
      "properties": {
        "@id": "way/1270463986",
        "leisure": "pitch",
        "sport": "basketball",
        "@geometry": "center"
      },
      "geometry": {
        "type": "Point",
        "coordinates": [
          -65.4449149,
          -24.8480725
        ]
      },
      "id": "way/1270463986"
    },
    {
      "type": "Feature",
      "properties": {
        "@id": "way/1270463989",
        "leisure": "pitch",
        "sport": "basketball",
        "@geometry": "center"
      },
      "geometry": {
        "type": "Point",
        "coordinates": [
          -65.4425701,
          -24.8456133
        ]
      },
      "id": "way/1270463989"
    },
    {
      "type": "Feature",
      "properties": {
        "@id": "way/1270463992",
        "leisure": "park",
        "name": "Parque Sur",
        "@geometry": "center"
      },
      "geometry": {
        "type": "Point",
        "coordinates": [
          -65.4387387,
          -24.8482666
        ]
      },
      "id": "way/1270463992"
    },
    {
      "type": "Feature",
      "properties": {
        "@id": "way/1270463994",
        "leisure": "pitch",
        "sport": "basketball",
        "@geometry": "center"
      },
      "geometry": {
        "type": "Point",
        "coordinates": [
          -65.4350167,
          -24.8490411
        ]
      },
      "id": "way/1270463994"
    },
    {
      "type": "Feature",
      "properties": {
        "@id": "way/1270464000",
        "leisure": "pitch",
        "sport": "basketball",
        "@geometry": "center"
      },
      "geometry": {
        "type": "Point",
        "coordinates": [
          -65.4317444,
          -24.8505745
        ]
      },
      "id": "way/1270464000"
    },
    {
      "type": "Feature",
      "properties": {
        "@id": "way/1270464002",
        "leisure": "pitch",
        "sport": "soccer",
        "@geometry": "center"
      },
      "geometry": {
        "type": "Point",
        "coordinates": [
          -65.4338717,
          -24.8589402
        ]
      },
      "id": "way/1270464002"
    },
    {
      "type": "Feature",
      "properties": {
        "@id": "way/1270464003",
        "leisure": "pitch",
        "sport": "soccer",
        "@geometry": "center"
      },
      "geometry": {
        "type": "Point",
        "coordinates": [
          -65.432918,
          -24.858633
        ]
      },
      "id": "way/1270464003"
    },
    {
      "type": "Feature",
      "properties": {
        "@id": "way/1270464004",
        "leisure": "pitch",
        "sport": "soccer",
        "@geometry": "center"
      },
      "geometry": {
        "type": "Point",
        "coordinates": [
          -65.4331301,
          -24.8591796
        ]
      },
      "id": "way/1270464004"
    },
    {
      "type": "Feature",
      "properties": {
        "@id": "way/1270464005",
        "leisure": "pitch",
        "sport": "basketball",
        "@geometry": "center"
      },
      "geometry": {
        "type": "Point",
        "coordinates": [
          -65.4366306,
          -24.8548339
        ]
      },
      "id": "way/1270464005"
    },
    {
      "type": "Feature",
      "properties": {
        "@id": "way/1270464006",
        "leisure": "pitch",
        "sport": "soccer",
        "@geometry": "center"
      },
      "geometry": {
        "type": "Point",
        "coordinates": [
          -65.4371946,
          -24.8545802
        ]
      },
      "id": "way/1270464006"
    },
    {
      "type": "Feature",
      "properties": {
        "@id": "way/1270464007",
        "leisure": "pitch",
        "sport": "basketball",
        "@geometry": "center"
      },
      "geometry": {
        "type": "Point",
        "coordinates": [
          -65.4373269,
          -24.8571889
        ]
      },
      "id": "way/1270464007"
    },
    {
      "type": "Feature",
      "properties": {
        "@id": "way/1270464008",
        "leisure": "pitch",
        "sport": "soccer",
        "@geometry": "center"
      },
      "geometry": {
        "type": "Point",
        "coordinates": [
          -65.438402,
          -24.8583013
        ]
      },
      "id": "way/1270464008"
    },
    {
      "type": "Feature",
      "properties": {
        "@id": "way/1271558507",
        "leisure": "park",
        "@geometry": "center"
      },
      "geometry": {
        "type": "Point",
        "coordinates": [
          -65.4160129,
          -24.8038198
        ]
      },
      "id": "way/1271558507"
    },
    {
      "type": "Feature",
      "properties": {
        "@id": "way/1271558508",
        "leisure": "pitch",
        "sport": "soccer",
        "@geometry": "center"
      },
      "geometry": {
        "type": "Point",
        "coordinates": [
          -65.4161241,
          -24.8032822
        ]
      },
      "id": "way/1271558508"
    },
    {
      "type": "Feature",
      "properties": {
        "@id": "way/1271558509",
        "leisure": "pitch",
        "sport": "soccer",
        "@geometry": "center"
      },
      "geometry": {
        "type": "Point",
        "coordinates": [
          -65.4166089,
          -24.8033073
        ]
      },
      "id": "way/1271558509"
    },
    {
      "type": "Feature",
      "properties": {
        "@id": "way/1271558523",
        "leisure": "pitch",
        "sport": "multi",
        "@geometry": "center"
      },
      "geometry": {
        "type": "Point",
        "coordinates": [
          -65.3815968,
          -24.8097683
        ]
      },
      "id": "way/1271558523"
    },
    {
      "type": "Feature",
      "properties": {
        "@id": "way/1271558524",
        "leisure": "pitch",
        "sport": "field_hockey",
        "@geometry": "center"
      },
      "geometry": {
        "type": "Point",
        "coordinates": [
          -65.378903,
          -24.8132729
        ]
      },
      "id": "way/1271558524"
    },
    {
      "type": "Feature",
      "properties": {
        "@id": "way/1271558525",
        "leisure": "pitch",
        "sport": "soccer",
        "@geometry": "center"
      },
      "geometry": {
        "type": "Point",
        "coordinates": [
          -65.3799147,
          -24.8131622
        ]
      },
      "id": "way/1271558525"
    },
    {
      "type": "Feature",
      "properties": {
        "@id": "way/1271558526",
        "leisure": "pitch",
        "sport": "soccer",
        "@geometry": "center"
      },
      "geometry": {
        "type": "Point",
        "coordinates": [
          -65.3798422,
          -24.8140732
        ]
      },
      "id": "way/1271558526"
    },
    {
      "type": "Feature",
      "properties": {
        "@id": "way/1271558527",
        "leisure": "pitch",
        "sport": "soccer",
        "@geometry": "center"
      },
      "geometry": {
        "type": "Point",
        "coordinates": [
          -65.3793602,
          -24.8143771
        ]
      },
      "id": "way/1271558527"
    },
    {
      "type": "Feature",
      "properties": {
        "@id": "way/1271558528",
        "leisure": "pitch",
        "sport": "soccer",
        "@geometry": "center"
      },
      "geometry": {
        "type": "Point",
        "coordinates": [
          -65.379194,
          -24.8144392
        ]
      },
      "id": "way/1271558528"
    },
    {
      "type": "Feature",
      "properties": {
        "@id": "way/1271558529",
        "leisure": "pitch",
        "sport": "soccer",
        "@geometry": "center"
      },
      "geometry": {
        "type": "Point",
        "coordinates": [
          -65.3738702,
          -24.8108401
        ]
      },
      "id": "way/1271558529"
    },
    {
      "type": "Feature",
      "properties": {
        "@id": "way/1271558534",
        "leisure": "pitch",
        "sport": "basketball",
        "@geometry": "center"
      },
      "geometry": {
        "type": "Point",
        "coordinates": [
          -65.4428068,
          -24.80915
        ]
      },
      "id": "way/1271558534"
    },
    {
      "type": "Feature",
      "properties": {
        "@id": "way/1271558535",
        "leisure": "pitch",
        "sport": "basketball",
        "@geometry": "center"
      },
      "geometry": {
        "type": "Point",
        "coordinates": [
          -65.4391411,
          -24.8101916
        ]
      },
      "id": "way/1271558535"
    },
    {
      "type": "Feature",
      "properties": {
        "@id": "way/1271558541",
        "leisure": "pitch",
        "sport": "soccer",
        "@geometry": "center"
      },
      "geometry": {
        "type": "Point",
        "coordinates": [
          -65.4016554,
          -24.7319767
        ]
      },
      "id": "way/1271558541"
    },
    {
      "type": "Feature",
      "properties": {
        "@id": "way/1271582271",
        "leisure": "pitch",
        "sport": "basketball",
        "@geometry": "center"
      },
      "geometry": {
        "type": "Point",
        "coordinates": [
          -65.3744961,
          -24.7981733
        ]
      },
      "id": "way/1271582271"
    },
    {
      "type": "Feature",
      "properties": {
        "@id": "way/1271582295",
        "leisure": "pitch",
        "sport": "basketball",
        "@geometry": "center"
      },
      "geometry": {
        "type": "Point",
        "coordinates": [
          -65.4784825,
          -24.8171253
        ]
      },
      "id": "way/1271582295"
    },
    {
      "type": "Feature",
      "properties": {
        "@id": "way/1271582297",
        "leisure": "pitch",
        "sport": "soccer",
        "@geometry": "center"
      },
      "geometry": {
        "type": "Point",
        "coordinates": [
          -65.4691777,
          -24.8147186
        ]
      },
      "id": "way/1271582297"
    },
    {
      "type": "Feature",
      "properties": {
        "@id": "way/1271582300",
        "leisure": "pitch",
        "sport": "soccer",
        "@geometry": "center"
      },
      "geometry": {
        "type": "Point",
        "coordinates": [
          -65.4703346,
          -24.8132929
        ]
      },
      "id": "way/1271582300"
    },
    {
      "type": "Feature",
      "properties": {
        "@id": "way/1271582301",
        "leisure": "pitch",
        "sport": "soccer",
        "@geometry": "center"
      },
      "geometry": {
        "type": "Point",
        "coordinates": [
          -65.4705816,
          -24.8140938
        ]
      },
      "id": "way/1271582301"
    },
    {
      "type": "Feature",
      "properties": {
        "@id": "way/1271582305",
        "leisure": "pitch",
        "sport": "soccer",
        "@geometry": "center"
      },
      "geometry": {
        "type": "Point",
        "coordinates": [
          -65.4652854,
          -24.8129926
        ]
      },
      "id": "way/1271582305"
    },
    {
      "type": "Feature",
      "properties": {
        "@id": "way/1272848361",
        "leisure": "pitch",
        "sport": "soccer",
        "@geometry": "center"
      },
      "geometry": {
        "type": "Point",
        "coordinates": [
          -65.3902655,
          -24.8379179
        ]
      },
      "id": "way/1272848361"
    },
    {
      "type": "Feature",
      "properties": {
        "@id": "way/1272848362",
        "leisure": "pitch",
        "sport": "skateboard",
        "@geometry": "center"
      },
      "geometry": {
        "type": "Point",
        "coordinates": [
          -65.3871994,
          -24.8363995
        ]
      },
      "id": "way/1272848362"
    },
    {
      "type": "Feature",
      "properties": {
        "@id": "way/1272848363",
        "leisure": "pitch",
        "sport": "basketball",
        "@geometry": "center"
      },
      "geometry": {
        "type": "Point",
        "coordinates": [
          -65.3864711,
          -24.8365826
        ]
      },
      "id": "way/1272848363"
    },
    {
      "type": "Feature",
      "properties": {
        "@id": "way/1273197827",
        "leisure": "park",
        "@geometry": "center"
      },
      "geometry": {
        "type": "Point",
        "coordinates": [
          -65.4016382,
          -24.8355647
        ]
      },
      "id": "way/1273197827"
    },
    {
      "type": "Feature",
      "properties": {
        "@id": "way/1273197829",
        "leisure": "pitch",
        "sport": "multi",
        "@geometry": "center"
      },
      "geometry": {
        "type": "Point",
        "coordinates": [
          -65.3984972,
          -24.8306627
        ]
      },
      "id": "way/1273197829"
    },
    {
      "type": "Feature",
      "properties": {
        "@id": "way/1273197830",
        "leisure": "pitch",
        "sport": "basketball",
        "@geometry": "center"
      },
      "geometry": {
        "type": "Point",
        "coordinates": [
          -65.3894897,
          -24.8289266
        ]
      },
      "id": "way/1273197830"
    },
    {
      "type": "Feature",
      "properties": {
        "@id": "way/1273544156",
        "leisure": "pitch",
        "sport": "basketball",
        "@geometry": "center"
      },
      "geometry": {
        "type": "Point",
        "coordinates": [
          -65.3964781,
          -24.8394314
        ]
      },
      "id": "way/1273544156"
    },
    {
      "type": "Feature",
      "properties": {
        "@id": "way/1273544158",
        "leisure": "pitch",
        "sport": "basketball",
        "@geometry": "center"
      },
      "geometry": {
        "type": "Point",
        "coordinates": [
          -65.4064592,
          -24.8420579
        ]
      },
      "id": "way/1273544158"
    },
    {
      "type": "Feature",
      "properties": {
        "@id": "way/1273544159",
        "leisure": "pitch",
        "sport": "basketball",
        "@geometry": "center"
      },
      "geometry": {
        "type": "Point",
        "coordinates": [
          -65.4071074,
          -24.8390472
        ]
      },
      "id": "way/1273544159"
    },
    {
      "type": "Feature",
      "properties": {
        "@id": "way/1273544160",
        "leisure": "pitch",
        "sport": "basketball",
        "@geometry": "center"
      },
      "geometry": {
        "type": "Point",
        "coordinates": [
          -65.4010642,
          -24.8369431
        ]
      },
      "id": "way/1273544160"
    },
    {
      "type": "Feature",
      "properties": {
        "@id": "way/1273544168",
        "leisure": "pitch",
        "sport": "basketball",
        "@geometry": "center"
      },
      "geometry": {
        "type": "Point",
        "coordinates": [
          -65.4064365,
          -24.8324754
        ]
      },
      "id": "way/1273544168"
    },
    {
      "type": "Feature",
      "properties": {
        "@id": "way/1273544169",
        "leisure": "pitch",
        "sport": "soccer",
        "@geometry": "center"
      },
      "geometry": {
        "type": "Point",
        "coordinates": [
          -65.4069306,
          -24.8316905
        ]
      },
      "id": "way/1273544169"
    },
    {
      "type": "Feature",
      "properties": {
        "@id": "way/1273544170",
        "leisure": "pitch",
        "sport": "soccer",
        "@geometry": "center"
      },
      "geometry": {
        "type": "Point",
        "coordinates": [
          -65.4069824,
          -24.8323858
        ]
      },
      "id": "way/1273544170"
    },
    {
      "type": "Feature",
      "properties": {
        "@id": "way/1273544176",
        "leisure": "pitch",
        "sport": "multi",
        "@geometry": "center"
      },
      "geometry": {
        "type": "Point",
        "coordinates": [
          -65.4276214,
          -24.8451118
        ]
      },
      "id": "way/1273544176"
    },
    {
      "type": "Feature",
      "properties": {
        "@id": "way/1273544177",
        "leisure": "pitch",
        "sport": "soccer",
        "@geometry": "center"
      },
      "geometry": {
        "type": "Point",
        "coordinates": [
          -65.429522,
          -24.8437771
        ]
      },
      "id": "way/1273544177"
    },
    {
      "type": "Feature",
      "properties": {
        "@id": "way/1273544178",
        "leisure": "pitch",
        "sport": "soccer",
        "@geometry": "center"
      },
      "geometry": {
        "type": "Point",
        "coordinates": [
          -65.4302412,
          -24.8435776
        ]
      },
      "id": "way/1273544178"
    },
    {
      "type": "Feature",
      "properties": {
        "@id": "way/1273544179",
        "leisure": "pitch",
        "sport": "soccer",
        "@geometry": "center"
      },
      "geometry": {
        "type": "Point",
        "coordinates": [
          -65.4308845,
          -24.8434534
        ]
      },
      "id": "way/1273544179"
    },
    {
      "type": "Feature",
      "properties": {
        "@id": "way/1273544180",
        "leisure": "pitch",
        "sport": "soccer",
        "@geometry": "center"
      },
      "geometry": {
        "type": "Point",
        "coordinates": [
          -65.4305838,
          -24.8442461
        ]
      },
      "id": "way/1273544180"
    },
    {
      "type": "Feature",
      "properties": {
        "@id": "way/1273544181",
        "leisure": "pitch",
        "sport": "soccer",
        "@geometry": "center"
      },
      "geometry": {
        "type": "Point",
        "coordinates": [
          -65.4302468,
          -24.8443343
        ]
      },
      "id": "way/1273544181"
    },
    {
      "type": "Feature",
      "properties": {
        "@id": "way/1274230164",
        "leisure": "pitch",
        "sport": "basketball",
        "@geometry": "center"
      },
      "geometry": {
        "type": "Point",
        "coordinates": [
          -65.4064997,
          -24.7370872
        ]
      },
      "id": "way/1274230164"
    },
    {
      "type": "Feature",
      "properties": {
        "@id": "way/1274230165",
        "leisure": "pitch",
        "sport": "basketball",
        "@geometry": "center"
      },
      "geometry": {
        "type": "Point",
        "coordinates": [
          -65.4062873,
          -24.7370998
        ]
      },
      "id": "way/1274230165"
    },
    {
      "type": "Feature",
      "properties": {
        "@id": "way/1274230166",
        "leisure": "pitch",
        "sport": "soccer",
        "@geometry": "center"
      },
      "geometry": {
        "type": "Point",
        "coordinates": [
          -65.405805,
          -24.736973
        ]
      },
      "id": "way/1274230166"
    },
    {
      "type": "Feature",
      "properties": {
        "@id": "way/1274230167",
        "leisure": "pitch",
        "sport": "basketball",
        "@geometry": "center"
      },
      "geometry": {
        "type": "Point",
        "coordinates": [
          -65.4042623,
          -24.7371621
        ]
      },
      "id": "way/1274230167"
    },
    {
      "type": "Feature",
      "properties": {
        "@id": "way/1274230888",
        "leisure": "pitch",
        "sport": "tennis",
        "@geometry": "center"
      },
      "geometry": {
        "type": "Point",
        "coordinates": [
          -65.3998809,
          -24.7451308
        ]
      },
      "id": "way/1274230888"
    },
    {
      "type": "Feature",
      "properties": {
        "@id": "way/1274230889",
        "leisure": "pitch",
        "sport": "tennis",
        "@geometry": "center"
      },
      "geometry": {
        "type": "Point",
        "coordinates": [
          -65.4000432,
          -24.7450906
        ]
      },
      "id": "way/1274230889"
    },
    {
      "type": "Feature",
      "properties": {
        "@id": "way/1274230890",
        "leisure": "pitch",
        "sport": "soccer",
        "@geometry": "center"
      },
      "geometry": {
        "type": "Point",
        "coordinates": [
          -65.4004147,
          -24.7449799
        ]
      },
      "id": "way/1274230890"
    },
    {
      "type": "Feature",
      "properties": {
        "@id": "way/1274230891",
        "leisure": "pitch",
        "sport": "soccer",
        "@geometry": "center"
      },
      "geometry": {
        "type": "Point",
        "coordinates": [
          -65.4002625,
          -24.7450236
        ]
      },
      "id": "way/1274230891"
    },
    {
      "type": "Feature",
      "properties": {
        "@id": "way/1274230892",
        "leisure": "pitch",
        "sport": "softball",
        "@geometry": "center"
      },
      "geometry": {
        "type": "Point",
        "coordinates": [
          -65.4001875,
          -24.7442815
        ]
      },
      "id": "way/1274230892"
    },
    {
      "type": "Feature",
      "properties": {
        "@id": "way/1274259415",
        "leisure": "pitch",
        "sport": "basketball",
        "@geometry": "center"
      },
      "geometry": {
        "type": "Point",
        "coordinates": [
          -65.4518398,
          -24.7862076
        ]
      },
      "id": "way/1274259415"
    },
    {
      "type": "Feature",
      "properties": {
        "@id": "way/1274407576",
        "leisure": "pitch",
        "sport": "multi",
        "@geometry": "center"
      },
      "geometry": {
        "type": "Point",
        "coordinates": [
          -65.3841783,
          -24.8284047
        ]
      },
      "id": "way/1274407576"
    },
    {
      "type": "Feature",
      "properties": {
        "@id": "way/1274407577",
        "leisure": "pitch",
        "sport": "soccer",
        "@geometry": "center"
      },
      "geometry": {
        "type": "Point",
        "coordinates": [
          -65.383425,
          -24.8283266
        ]
      },
      "id": "way/1274407577"
    },
    {
      "type": "Feature",
      "properties": {
        "@id": "way/1274407578",
        "leisure": "pitch",
        "sport": "basketball",
        "@geometry": "center"
      },
      "geometry": {
        "type": "Point",
        "coordinates": [
          -65.3720448,
          -24.7967065
        ]
      },
      "id": "way/1274407578"
    },
    {
      "type": "Feature",
      "properties": {
        "@id": "way/1274407582",
        "leisure": "pitch",
        "sport": "soccer",
        "@geometry": "center"
      },
      "geometry": {
        "type": "Point",
        "coordinates": [
          -65.392457,
          -24.8132331
        ]
      },
      "id": "way/1274407582"
    },
    {
      "type": "Feature",
      "properties": {
        "@id": "way/1274407584",
        "leisure": "pitch",
        "sport": "soccer",
        "@geometry": "center"
      },
      "geometry": {
        "type": "Point",
        "coordinates": [
          -65.4338744,
          -24.7743656
        ]
      },
      "id": "way/1274407584"
    },
    {
      "type": "Feature",
      "properties": {
        "@id": "way/1274514777",
        "leisure": "pitch",
        "sport": "soccer",
        "@geometry": "center"
      },
      "geometry": {
        "type": "Point",
        "coordinates": [
          -65.4581688,
          -24.8117303
        ]
      },
      "id": "way/1274514777"
    },
    {
      "type": "Feature",
      "properties": {
        "@id": "way/1274514780",
        "leisure": "pitch",
        "sport": "soccer",
        "@geometry": "center"
      },
      "geometry": {
        "type": "Point",
        "coordinates": [
          -65.4448445,
          -24.806525
        ]
      },
      "id": "way/1274514780"
    },
    {
      "type": "Feature",
      "properties": {
        "@id": "way/1274514781",
        "leisure": "pitch",
        "sport": "basketball",
        "@geometry": "center"
      },
      "geometry": {
        "type": "Point",
        "coordinates": [
          -65.4441623,
          -24.8063167
        ]
      },
      "id": "way/1274514781"
    },
    {
      "type": "Feature",
      "properties": {
        "@id": "way/1274514784",
        "leisure": "pitch",
        "sport": "multi",
        "@geometry": "center"
      },
      "geometry": {
        "type": "Point",
        "coordinates": [
          -65.3913285,
          -24.8036059
        ]
      },
      "id": "way/1274514784"
    },
    {
      "type": "Feature",
      "properties": {
        "@id": "way/1274514785",
        "leisure": "swimming_pool",
        "@geometry": "center"
      },
      "geometry": {
        "type": "Point",
        "coordinates": [
          -65.3913537,
          -24.8041283
        ]
      },
      "id": "way/1274514785"
    },
    {
      "type": "Feature",
      "properties": {
        "@id": "way/1291529052",
        "leisure": "pitch",
        "sport": "multi",
        "@geometry": "center"
      },
      "geometry": {
        "type": "Point",
        "coordinates": [
          -65.4110667,
          -24.7478676
        ]
      },
      "id": "way/1291529052"
    },
    {
      "type": "Feature",
      "properties": {
        "@id": "way/1291529053",
        "leisure": "pitch",
        "sport": "soccer",
        "@geometry": "center"
      },
      "geometry": {
        "type": "Point",
        "coordinates": [
          -65.3997875,
          -24.7549848
        ]
      },
      "id": "way/1291529053"
    },
    {
      "type": "Feature",
      "properties": {
        "@id": "way/1291529054",
        "leisure": "pitch",
        "sport": "soccer",
        "@geometry": "center"
      },
      "geometry": {
        "type": "Point",
        "coordinates": [
          -65.4000607,
          -24.7549058
        ]
      },
      "id": "way/1291529054"
    },
    {
      "type": "Feature",
      "properties": {
        "@id": "way/1291529055",
        "leisure": "pitch",
        "sport": "soccer",
        "@geometry": "center"
      },
      "geometry": {
        "type": "Point",
        "coordinates": [
          -65.4003358,
          -24.7548289
        ]
      },
      "id": "way/1291529055"
    },
    {
      "type": "Feature",
      "properties": {
        "@id": "way/1291529056",
        "leisure": "pitch",
        "sport": "padel",
        "@geometry": "center"
      },
      "geometry": {
        "type": "Point",
        "coordinates": [
          -65.4000404,
          -24.7554751
        ]
      },
      "id": "way/1291529056"
    },
    {
      "type": "Feature",
      "properties": {
        "@id": "way/1291529057",
        "leisure": "pitch",
        "sport": "padel",
        "@geometry": "center"
      },
      "geometry": {
        "type": "Point",
        "coordinates": [
          -65.4001837,
          -24.7553203
        ]
      },
      "id": "way/1291529057"
    },
    {
      "type": "Feature",
      "properties": {
        "@id": "way/1291533050",
        "leisure": "park",
        "name": "Parque Líneal Avellaneda",
        "@geometry": "center"
      },
      "geometry": {
        "type": "Point",
        "coordinates": [
          -65.416523,
          -24.7194615
        ]
      },
      "id": "way/1291533050"
    },
    {
      "type": "Feature",
      "properties": {
        "@id": "way/1291533051",
        "leisure": "park",
        "name": "Parque Líneal Avellaneda",
        "@geometry": "center"
      },
      "geometry": {
        "type": "Point",
        "coordinates": [
          -65.414163,
          -24.7195135
        ]
      },
      "id": "way/1291533051"
    },
    {
      "type": "Feature",
      "properties": {
        "@id": "way/1291533053",
        "leisure": "park",
        "name": "Parque Líneal Avellaneda",
        "@geometry": "center"
      },
      "geometry": {
        "type": "Point",
        "coordinates": [
          -65.4120829,
          -24.7195539
        ]
      },
      "id": "way/1291533053"
    },
    {
      "type": "Feature",
      "properties": {
        "@id": "way/1291533072",
        "leisure": "pitch",
        "sport": "soccer",
        "@geometry": "center"
      },
      "geometry": {
        "type": "Point",
        "coordinates": [
          -65.407697,
          -24.712511
        ]
      },
      "id": "way/1291533072"
    },
    {
      "type": "Feature",
      "properties": {
        "@id": "way/1306229009",
        "leisure": "swimming_pool",
        "@geometry": "center"
      },
      "geometry": {
        "type": "Point",
        "coordinates": [
          -65.39617,
          -24.7977093
        ]
      },
      "id": "way/1306229009"
    },
    {
      "type": "Feature",
      "properties": {
        "@id": "way/1318503520",
        "leisure": "pitch",
        "sport": "basketball",
        "@geometry": "center"
      },
      "geometry": {
        "type": "Point",
        "coordinates": [
          -65.4308271,
          -24.8457284
        ]
      },
      "id": "way/1318503520"
    },
    {
      "type": "Feature",
      "properties": {
        "@id": "way/1318503521",
        "leisure": "pitch",
        "sport": "basketball",
        "@geometry": "center"
      },
      "geometry": {
        "type": "Point",
        "coordinates": [
          -65.4305964,
          -24.8457733
        ]
      },
      "id": "way/1318503521"
    },
    {
      "type": "Feature",
      "properties": {
        "@id": "way/1323461054",
        "leisure": "park",
        "@geometry": "center"
      },
      "geometry": {
        "type": "Point",
        "coordinates": [
          -65.4067265,
          -24.8513277
        ]
      },
      "id": "way/1323461054"
    },
    {
      "type": "Feature",
      "properties": {
        "@id": "way/1323461058",
        "leisure": "park",
        "@geometry": "center"
      },
      "geometry": {
        "type": "Point",
        "coordinates": [
          -65.4196448,
          -24.8406908
        ]
      },
      "id": "way/1323461058"
    },
    {
      "type": "Feature",
      "properties": {
        "@id": "way/1324189348",
        "leisure": "park",
        "@geometry": "center"
      },
      "geometry": {
        "type": "Point",
        "coordinates": [
          -65.4052234,
          -24.7448267
        ]
      },
      "id": "way/1324189348"
    },
    {
      "type": "Feature",
      "properties": {
        "@id": "way/1324211858",
        "leisure": "park",
        "@geometry": "center"
      },
      "geometry": {
        "type": "Point",
        "coordinates": [
          -65.4086653,
          -24.7413478
        ]
      },
      "id": "way/1324211858"
    },
    {
      "type": "Feature",
      "properties": {
        "@id": "way/1328439015",
        "leisure": "park",
        "@geometry": "center"
      },
      "geometry": {
        "type": "Point",
        "coordinates": [
          -65.4041232,
          -24.8216436
        ]
      },
      "id": "way/1328439015"
    },
    {
      "type": "Feature",
      "properties": {
        "@id": "way/1328439019",
        "leisure": "park",
        "@geometry": "center"
      },
      "geometry": {
        "type": "Point",
        "coordinates": [
          -65.4063456,
          -24.8298415
        ]
      },
      "id": "way/1328439019"
    },
    {
      "type": "Feature",
      "properties": {
        "@id": "way/1328890276",
        "leisure": "pitch",
        "sport": "soccer",
        "@geometry": "center"
      },
      "geometry": {
        "type": "Point",
        "coordinates": [
          -65.3958005,
          -24.8500042
        ]
      },
      "id": "way/1328890276"
    },
    {
      "type": "Feature",
      "properties": {
        "@id": "way/1328891637",
        "leisure": "pitch",
        "sport": "soccer",
        "@geometry": "center"
      },
      "geometry": {
        "type": "Point",
        "coordinates": [
          -65.3914715,
          -24.8459941
        ]
      },
      "id": "way/1328891637"
    },
    {
      "type": "Feature",
      "properties": {
        "@id": "way/1328891638",
        "leisure": "pitch",
        "sport": "soccer",
        "@geometry": "center"
      },
      "geometry": {
        "type": "Point",
        "coordinates": [
          -65.3921285,
          -24.8460038
        ]
      },
      "id": "way/1328891638"
    },
    {
      "type": "Feature",
      "properties": {
        "@id": "way/1338858719",
        "leisure": "park",
        "@geometry": "center"
      },
      "geometry": {
        "type": "Point",
        "coordinates": [
          -65.4025764,
          -24.733179
        ]
      },
      "id": "way/1338858719"
    },
    {
      "type": "Feature",
      "properties": {
        "@id": "way/1346368904",
        "leisure": "park",
        "@geometry": "center"
      },
      "geometry": {
        "type": "Point",
        "coordinates": [
          -65.4251675,
          -24.8393052
        ]
      },
      "id": "way/1346368904"
    },
    {
      "type": "Feature",
      "properties": {
        "@id": "way/1347577453",
        "leisure": "pitch",
        "name": "Cancha alternativa",
        "sport": "soccer",
        "surface": "clay",
        "@geometry": "center"
      },
      "geometry": {
        "type": "Point",
        "coordinates": [
          -65.4427644,
          -24.7921164
        ]
      },
      "id": "way/1347577453"
    },
    {
      "type": "Feature",
      "properties": {
        "@id": "way/1347577475",
        "leisure": "pitch",
        "name": "Cancha alternativa",
        "sport": "soccer",
        "surface": "clay",
        "@geometry": "center"
      },
      "geometry": {
        "type": "Point",
        "coordinates": [
          -65.4478589,
          -24.7944968
        ]
      },
      "id": "way/1347577475"
    },
    {
      "type": "Feature",
      "properties": {
        "@id": "way/1348312700",
        "leisure": "pitch",
        "@geometry": "center"
      },
      "geometry": {
        "type": "Point",
        "coordinates": [
          -65.4508997,
          -24.797427
        ]
      },
      "id": "way/1348312700"
    },
    {
      "type": "Feature",
      "properties": {
        "@id": "way/1348494290",
        "leisure": "pitch",
        "@geometry": "center"
      },
      "geometry": {
        "type": "Point",
        "coordinates": [
          -65.4298454,
          -24.8526534
        ]
      },
      "id": "way/1348494290"
    },
    {
      "type": "Feature",
      "properties": {
        "@id": "way/1348494304",
        "leisure": "pitch",
        "sport": "soccer",
        "@geometry": "center"
      },
      "geometry": {
        "type": "Point",
        "coordinates": [
          -65.4301686,
          -24.8560613
        ]
      },
      "id": "way/1348494304"
    },
    {
      "type": "Feature",
      "properties": {
        "@id": "way/1348494305",
        "leisure": "pitch",
        "sport": "soccer",
        "@geometry": "center"
      },
      "geometry": {
        "type": "Point",
        "coordinates": [
          -65.4285397,
          -24.8547356
        ]
      },
      "id": "way/1348494305"
    },
    {
      "type": "Feature",
      "properties": {
        "@id": "way/1348494306",
        "leisure": "pitch",
        "sport": "soccer",
        "@geometry": "center"
      },
      "geometry": {
        "type": "Point",
        "coordinates": [
          -65.4283018,
          -24.8548917
        ]
      },
      "id": "way/1348494306"
    },
    {
      "type": "Feature",
      "properties": {
        "@id": "node/1365441742",
        "highway": "traffic_signals",
        "traffic_signals": "signal"
      },
      "geometry": {
        "type": "Point",
        "coordinates": [
          -65.4164517,
          -24.803827
        ]
      },
      "id": "node/1365441742"
    },
    {
      "type": "Feature",
      "properties": {
        "@id": "node/1365441761",
        "highway": "traffic_signals",
        "traffic_signals": "signal"
      },
      "geometry": {
        "type": "Point",
        "coordinates": [
          -65.4170496,
          -24.80515
        ]
      },
      "id": "node/1365441761"
    },
    {
      "type": "Feature",
      "properties": {
        "@id": "node/1365441776",
        "highway": "traffic_signals",
        "traffic_signals": "signal"
      },
      "geometry": {
        "type": "Point",
        "coordinates": [
          -65.4193799,
          -24.8055534
        ]
      },
      "id": "node/1365441776"
    },
    {
      "type": "Feature",
      "properties": {
        "@id": "node/1365441806",
        "highway": "traffic_signals",
        "traffic_signals": "signal"
      },
      "geometry": {
        "type": "Point",
        "coordinates": [
          -65.4199598,
          -24.8064155
        ]
      },
      "id": "node/1365441806"
    },
    {
      "type": "Feature",
      "properties": {
        "@id": "node/1365441813",
        "highway": "traffic_signals",
        "traffic_signals": "signal"
      },
      "geometry": {
        "type": "Point",
        "coordinates": [
          -65.41766,
          -24.8065365
        ]
      },
      "id": "node/1365441813"
    },
    {
      "type": "Feature",
      "properties": {
        "@id": "node/1365467203",
        "highway": "traffic_signals",
        "traffic_signals": "signal"
      },
      "geometry": {
        "type": "Point",
        "coordinates": [
          -65.4162071,
          -24.800543
        ]
      },
      "id": "node/1365467203"
    },
    {
      "type": "Feature",
      "properties": {
        "@id": "node/1365467238",
        "highway": "traffic_signals",
        "traffic_signals": "signal"
      },
      "geometry": {
        "type": "Point",
        "coordinates": [
          -65.4162109,
          -24.8007734
        ]
      },
      "id": "node/1365467238"
    },
    {
      "type": "Feature",
      "properties": {
        "@id": "node/1365467434",
        "highway": "traffic_signals",
        "traffic_signals": "traffic_lights",
        "traffic_signals:direction": "forward"
      },
      "geometry": {
        "type": "Point",
        "coordinates": [
          -65.4093324,
          -24.8027135
        ]
      },
      "id": "node/1365467434"
    },
    {
      "type": "Feature",
      "properties": {
        "@id": "node/1365467436",
        "highway": "traffic_signals",
        "traffic_signals": "traffic_lights",
        "traffic_signals:direction": "forward"
      },
      "geometry": {
        "type": "Point",
        "coordinates": [
          -65.4163316,
          -24.8027668
        ]
      },
      "id": "node/1365467436"
    },
    {
      "type": "Feature",
      "properties": {
        "@id": "node/1387566320",
        "highway": "traffic_signals",
        "traffic_signals": "signal"
      },
      "geometry": {
        "type": "Point",
        "coordinates": [
          -65.4159209,
          -24.7833452
        ]
      },
      "id": "node/1387566320"
    },
    {
      "type": "Feature",
      "properties": {
        "@id": "node/1387606353",
        "highway": "traffic_signals"
      },
      "geometry": {
        "type": "Point",
        "coordinates": [
          -65.4268447,
          -24.7800594
        ]
      },
      "id": "node/1387606353"
    },
    {
      "type": "Feature",
      "properties": {
        "@id": "way/1390602311",
        "leisure": "park",
        "name": "Plaza Manuel Castilla",
        "@geometry": "center"
      },
      "geometry": {
        "type": "Point",
        "coordinates": [
          -65.400419,
          -24.7938976
        ]
      },
      "id": "way/1390602311"
    },
    {
      "type": "Feature",
      "properties": {
        "@id": "way/1390602312",
        "leisure": "park",
        "name": "Plaza Rotary Club International Salta",
        "@geometry": "center"
      },
      "geometry": {
        "type": "Point",
        "coordinates": [
          -65.4008499,
          -24.793443
        ]
      },
      "id": "way/1390602312"
    },
    {
      "type": "Feature",
      "properties": {
        "@id": "way/1390735030",
        "leisure": "park",
        "name": "Plazoleta Enfermera Serafina Llull de López Cros",
        "@geometry": "center"
      },
      "geometry": {
        "type": "Point",
        "coordinates": [
          -65.4013697,
          -24.7925488
        ]
      },
      "id": "way/1390735030"
    },
    {
      "type": "Feature",
      "properties": {
        "@id": "node/1390751836",
        "highway": "traffic_signals",
        "traffic_signals": "signal"
      },
      "geometry": {
        "type": "Point",
        "coordinates": [
          -65.3996674,
          -24.8132602
        ]
      },
      "id": "node/1390751836"
    },
    {
      "type": "Feature",
      "properties": {
        "@id": "node/1390751848",
        "highway": "traffic_signals",
        "traffic_signals": "signal"
      },
      "geometry": {
        "type": "Point",
        "coordinates": [
          -65.399611,
          -24.8133865
        ]
      },
      "id": "node/1390751848"
    },
    {
      "type": "Feature",
      "properties": {
        "@id": "node/1390751851",
        "highway": "traffic_signals",
        "traffic_signals": "signal"
      },
      "geometry": {
        "type": "Point",
        "coordinates": [
          -65.4005702,
          -24.8137519
        ]
      },
      "id": "node/1390751851"
    },
    {
      "type": "Feature",
      "properties": {
        "@id": "node/1390825926",
        "highway": "traffic_signals",
        "traffic_signals": "traffic_lights",
        "traffic_signals:direction": "forward"
      },
      "geometry": {
        "type": "Point",
        "coordinates": [
          -65.4175349,
          -24.7994307
        ]
      },
      "id": "node/1390825926"
    },
    {
      "type": "Feature",
      "properties": {
        "@id": "node/1390825931",
        "highway": "traffic_signals",
        "traffic_signals": "signal"
      },
      "geometry": {
        "type": "Point",
        "coordinates": [
          -65.4162176,
          -24.8009043
        ]
      },
      "id": "node/1390825931"
    },
    {
      "type": "Feature",
      "properties": {
        "@id": "way/1390834059",
        "leisure": "pitch",
        "@geometry": "center"
      },
      "geometry": {
        "type": "Point",
        "coordinates": [
          -65.4022303,
          -24.7961085
        ]
      },
      "id": "way/1390834059"
    },
    {
      "type": "Feature",
      "properties": {
        "@id": "node/1391039174",
        "highway": "traffic_signals",
        "traffic_signals": "signal"
      },
      "geometry": {
        "type": "Point",
        "coordinates": [
          -65.4296072,
          -24.7799158
        ]
      },
      "id": "node/1391039174"
    },
    {
      "type": "Feature",
      "properties": {
        "@id": "way/1391193071",
        "leisure": "park",
        "name": "Parque Los Lapachos",
        "@geometry": "center"
      },
      "geometry": {
        "type": "Point",
        "coordinates": [
          -65.3909412,
          -24.7978304
        ]
      },
      "id": "way/1391193071"
    },
    {
      "type": "Feature",
      "properties": {
        "@id": "way/1391717396",
        "leisure": "park",
        "name": "Plazoleta Fernando Leucona de Prat",
        "@geometry": "center"
      },
      "geometry": {
        "type": "Point",
        "coordinates": [
          -65.3950976,
          -24.7957546
        ]
      },
      "id": "way/1391717396"
    },
    {
      "type": "Feature",
      "properties": {
        "@id": "way/1391717400",
        "leisure": "park",
        "name": "Sitio de la Memoria",
        "@geometry": "center"
      },
      "geometry": {
        "type": "Point",
        "coordinates": [
          -65.3957013,
          -24.796945
        ]
      },
      "id": "way/1391717400"
    },
    {
      "type": "Feature",
      "properties": {
        "@id": "way/1391717401",
        "leisure": "park",
        "name": "Plazoleta del Comercio",
        "@geometry": "center"
      },
      "geometry": {
        "type": "Point",
        "coordinates": [
          -65.4017596,
          -24.7912456
        ]
      },
      "id": "way/1391717401"
    },
    {
      "type": "Feature",
      "properties": {
        "@id": "way/1391717406",
        "leisure": "park",
        "name": "Plazoleta Hipólito Yrigoyen",
        "@geometry": "center"
      },
      "geometry": {
        "type": "Point",
        "coordinates": [
          -65.4018162,
          -24.7905472
        ]
      },
      "id": "way/1391717406"
    },
    {
      "type": "Feature",
      "properties": {
        "@id": "way/1391717408",
        "leisure": "park",
        "name": "Plazoleta Doctor Indalecio Gómez",
        "@geometry": "center"
      },
      "geometry": {
        "type": "Point",
        "coordinates": [
          -65.4021272,
          -24.7887445
        ]
      },
      "id": "way/1391717408"
    },
    {
      "type": "Feature",
      "properties": {
        "@id": "way/1391717416",
        "leisure": "park",
        "name": "Plazoleta Monseñor Roberto José Tavella",
        "@geometry": "center"
      },
      "geometry": {
        "type": "Point",
        "coordinates": [
          -65.4023399,
          -24.7875945
        ]
      },
      "id": "way/1391717416"
    },
    {
      "type": "Feature",
      "properties": {
        "@id": "way/1391717432",
        "leisure": "park",
        "name": "Plazoleta Monseñor Carlos Mariano Pérez",
        "@geometry": "center"
      },
      "geometry": {
        "type": "Point",
        "coordinates": [
          -65.4025754,
          -24.7862328
        ]
      },
      "id": "way/1391717432"
    },
    {
      "type": "Feature",
      "properties": {
        "@id": "way/1391907489",
        "leisure": "park",
        "name": "Plazoleta Arturo Illia",
        "@geometry": "center"
      },
      "geometry": {
        "type": "Point",
        "coordinates": [
          -65.4108432,
          -24.7811577
        ]
      },
      "id": "way/1391907489"
    },
    {
      "type": "Feature",
      "properties": {
        "@id": "way/1391907490",
        "leisure": "park",
        "name": "Plazoleta Jaime Dávalos",
        "@geometry": "center"
      },
      "geometry": {
        "type": "Point",
        "coordinates": [
          -65.412204,
          -24.7810726
        ]
      },
      "id": "way/1391907490"
    },
    {
      "type": "Feature",
      "properties": {
        "@id": "way/1391907521",
        "leisure": "park",
        "name": "Platabanda Roberto V. Casas",
        "@geometry": "center"
      },
      "geometry": {
        "type": "Point",
        "coordinates": [
          -65.4155805,
          -24.7801538
        ]
      },
      "id": "way/1391907521"
    },
    {
      "type": "Feature",
      "properties": {
        "@id": "way/1392132972",
        "leisure": "pitch",
        "@geometry": "center"
      },
      "geometry": {
        "type": "Point",
        "coordinates": [
          -65.4218327,
          -24.7759819
        ]
      },
      "id": "way/1392132972"
    },
    {
      "type": "Feature",
      "properties": {
        "@id": "way/1392132974",
        "leisure": "pitch",
        "@geometry": "center"
      },
      "geometry": {
        "type": "Point",
        "coordinates": [
          -65.4231089,
          -24.7768638
        ]
      },
      "id": "way/1392132974"
    },
    {
      "type": "Feature",
      "properties": {
        "@id": "way/1392132975",
        "leisure": "pitch",
        "@geometry": "center"
      },
      "geometry": {
        "type": "Point",
        "coordinates": [
          -65.4229149,
          -24.7768778
        ]
      },
      "id": "way/1392132975"
    },
    {
      "type": "Feature",
      "properties": {
        "@id": "way/1392132976",
        "leisure": "pitch",
        "@geometry": "center"
      },
      "geometry": {
        "type": "Point",
        "coordinates": [
          -65.4227438,
          -24.776896
        ]
      },
      "id": "way/1392132976"
    },
    {
      "type": "Feature",
      "properties": {
        "@id": "way/1392217616",
        "leisure": "park",
        "name": "Plaza Antofagasta",
        "@geometry": "center"
      },
      "geometry": {
        "type": "Point",
        "coordinates": [
          -65.4109424,
          -24.7773811
        ]
      },
      "id": "way/1392217616"
    },
    {
      "type": "Feature",
      "properties": {
        "@id": "way/1392217621",
        "leisure": "park",
        "name": "Paseo Florentino Ameghino",
        "@geometry": "center"
      },
      "geometry": {
        "type": "Point",
        "coordinates": [
          -65.4119492,
          -24.7775693
        ]
      },
      "id": "way/1392217621"
    },
    {
      "type": "Feature",
      "properties": {
        "@id": "way/1392253171",
        "leisure": "park",
        "name": "Plazoleta Rubén Fortuny",
        "@geometry": "center"
      },
      "geometry": {
        "type": "Point",
        "coordinates": [
          -65.4033906,
          -24.7800038
        ]
      },
      "id": "way/1392253171"
    },
    {
      "type": "Feature",
      "properties": {
        "@id": "way/1392253173",
        "leisure": "park",
        "@geometry": "center"
      },
      "geometry": {
        "type": "Point",
        "coordinates": [
          -65.4032756,
          -24.7784561
        ]
      },
      "id": "way/1392253173"
    },
    {
      "type": "Feature",
      "properties": {
        "@id": "way/1392253193",
        "leisure": "park",
        "name": "Plazoleta de la Amistad y Solidaridad",
        "@geometry": "center"
      },
      "geometry": {
        "type": "Point",
        "coordinates": [
          -65.4014157,
          -24.7753242
        ]
      },
      "id": "way/1392253193"
    },
    {
      "type": "Feature",
      "properties": {
        "@id": "way/1392253195",
        "leisure": "park",
        "name": "Plazoleta Arquitecto Mariano Sepúlveda",
        "@geometry": "center"
      },
      "geometry": {
        "type": "Point",
        "coordinates": [
          -65.4009433,
          -24.7745139
        ]
      },
      "id": "way/1392253195"
    },
    {
      "type": "Feature",
      "properties": {
        "@id": "way/1392253202",
        "leisure": "park",
        "name": "Plaza de los Países Árabes",
        "@geometry": "center"
      },
      "geometry": {
        "type": "Point",
        "coordinates": [
          -65.401534,
          -24.7750334
        ]
      },
      "id": "way/1392253202"
    },
    {
      "type": "Feature",
      "properties": {
        "@id": "node/1392302077",
        "highway": "traffic_signals",
        "traffic_signals": "signal"
      },
      "geometry": {
        "type": "Point",
        "coordinates": [
          -65.4151886,
          -24.7757703
        ]
      },
      "id": "node/1392302077"
    },
    {
      "type": "Feature",
      "properties": {
        "@id": "node/1392316154",
        "highway": "traffic_signals"
      },
      "geometry": {
        "type": "Point",
        "coordinates": [
          -65.4238627,
          -24.7802697
        ]
      },
      "id": "node/1392316154"
    },
    {
      "type": "Feature",
      "properties": {
        "@id": "way/1392391326",
        "leisure": "park",
        "name": "Plazoleta Cástulo Guerra",
        "@geometry": "center"
      },
      "geometry": {
        "type": "Point",
        "coordinates": [
          -65.3978662,
          -24.771158
        ]
      },
      "id": "way/1392391326"
    },
    {
      "type": "Feature",
      "properties": {
        "@id": "way/1392391353",
        "alt_name": "Rotonda de los Tres Cerritos",
        "leisure": "park",
        "name": "Plaza de las Provincias",
        "@geometry": "center"
      },
      "geometry": {
        "type": "Point",
        "coordinates": [
          -65.3978214,
          -24.7622552
        ]
      },
      "id": "way/1392391353"
    },
    {
      "type": "Feature",
      "properties": {
        "@id": "way/1392415463",
        "leisure": "park",
        "name": "Plazoleta Doctor Mariano Moreno",
        "@geometry": "center"
      },
      "geometry": {
        "type": "Point",
        "coordinates": [
          -65.3990217,
          -24.7624177
        ]
      },
      "id": "way/1392415463"
    },
    {
      "type": "Feature",
      "properties": {
        "@id": "way/1392415493",
        "leisure": "park",
        "@geometry": "center"
      },
      "geometry": {
        "type": "Point",
        "coordinates": [
          -65.3988648,
          -24.7585048
        ]
      },
      "id": "way/1392415493"
    },
    {
      "type": "Feature",
      "properties": {
        "@id": "way/1392415494",
        "leisure": "pitch",
        "@geometry": "center"
      },
      "geometry": {
        "type": "Point",
        "coordinates": [
          -65.397528,
          -24.7576423
        ]
      },
      "id": "way/1392415494"
    },
    {
      "type": "Feature",
      "properties": {
        "@id": "node/1393667385",
        "highway": "traffic_signals",
        "traffic_signals": "signal"
      },
      "geometry": {
        "type": "Point",
        "coordinates": [
          -65.432057,
          -24.7921176
        ]
      },
      "id": "node/1393667385"
    },
    {
      "type": "Feature",
      "properties": {
        "@id": "node/1393804358",
        "highway": "traffic_signals",
        "traffic_signals": "signal"
      },
      "geometry": {
        "type": "Point",
        "coordinates": [
          -65.4123436,
          -24.8201425
        ]
      },
      "id": "node/1393804358"
    },
    {
      "type": "Feature",
      "properties": {
        "@id": "node/1394217913",
        "highway": "traffic_signals",
        "traffic_signals": "signal"
      },
      "geometry": {
        "type": "Point",
        "coordinates": [
          -65.4214475,
          -24.8249879
        ]
      },
      "id": "node/1394217913"
    },
    {
      "type": "Feature",
      "properties": {
        "@id": "node/1394230858",
        "highway": "traffic_signals",
        "traffic_signals": "signal"
      },
      "geometry": {
        "type": "Point",
        "coordinates": [
          -65.4110375,
          -24.8233877
        ]
      },
      "id": "node/1394230858"
    },
    {
      "type": "Feature",
      "properties": {
        "@id": "node/1394230878",
        "highway": "traffic_signals",
        "traffic_signals": "signal"
      },
      "geometry": {
        "type": "Point",
        "coordinates": [
          -65.423976,
          -24.8266984
        ]
      },
      "id": "node/1394230878"
    },
    {
      "type": "Feature",
      "properties": {
        "@id": "node/1401013108",
        "highway": "traffic_signals",
        "traffic_signals": "signal"
      },
      "geometry": {
        "type": "Point",
        "coordinates": [
          -65.4001739,
          -24.7312283
        ]
      },
      "id": "node/1401013108"
    },
    {
      "type": "Feature",
      "properties": {
        "@id": "node/1401154308",
        "highway": "traffic_signals",
        "traffic_signals": "signal"
      },
      "geometry": {
        "type": "Point",
        "coordinates": [
          -65.4008285,
          -24.7404386
        ]
      },
      "id": "node/1401154308"
    },
    {
      "type": "Feature",
      "properties": {
        "@id": "node/1401154314",
        "highway": "traffic_signals",
        "traffic_signals": "signal"
      },
      "geometry": {
        "type": "Point",
        "coordinates": [
          -65.400838,
          -24.7406768
        ]
      },
      "id": "node/1401154314"
    },
    {
      "type": "Feature",
      "properties": {
        "@id": "node/1430933530",
        "addr:housenumber": "875",
        "addr:street": "Antonio Balcarce",
        "amenity": "marketplace",
        "name": "Paseo Balcarce"
      },
      "geometry": {
        "type": "Point",
        "coordinates": [
          -65.4114447,
          -24.7789785
        ]
      },
      "id": "node/1430933530"
    },
    {
      "type": "Feature",
      "properties": {
        "@id": "way/1443106607",
        "leisure": "park",
        "@geometry": "center"
      },
      "geometry": {
        "type": "Point",
        "coordinates": [
          -65.3923844,
          -24.7953453
        ]
      },
      "id": "way/1443106607"
    },
    {
      "type": "Feature",
      "properties": {
        "@id": "node/1454272013",
        "highway": "traffic_signals",
        "traffic_signals": "signal"
      },
      "geometry": {
        "type": "Point",
        "coordinates": [
          -65.3977927,
          -24.7707401
        ]
      },
      "id": "node/1454272013"
    },
    {
      "type": "Feature",
      "properties": {
        "@id": "node/1454272021",
        "highway": "traffic_signals",
        "traffic_signals": "signal"
      },
      "geometry": {
        "type": "Point",
        "coordinates": [
          -65.3977874,
          -24.7683208
        ]
      },
      "id": "node/1454272021"
    },
    {
      "type": "Feature",
      "properties": {
        "@id": "node/1454329857",
        "highway": "traffic_signals",
        "traffic_signals": "signal"
      },
      "geometry": {
        "type": "Point",
        "coordinates": [
          -65.3979286,
          -24.768313
        ]
      },
      "id": "node/1454329857"
    },
    {
      "type": "Feature",
      "properties": {
        "@id": "node/1489818021",
        "highway": "traffic_signals"
      },
      "geometry": {
        "type": "Point",
        "coordinates": [
          -65.4232652,
          -24.8134181
        ]
      },
      "id": "node/1489818021"
    },
    {
      "type": "Feature",
      "properties": {
        "@id": "node/1489818063",
        "highway": "traffic_signals"
      },
      "geometry": {
        "type": "Point",
        "coordinates": [
          -65.4231598,
          -24.8134639
        ]
      },
      "id": "node/1489818063"
    },
    {
      "type": "Feature",
      "properties": {
        "@id": "node/1512454449",
        "amenity": "place_of_worship",
        "check_date": "2026-02-17",
        "denomination": "catholic",
        "name": "Convento San Bernardo",
        "religion": "christian",
        "wikidata": "Q5785703"
      },
      "geometry": {
        "type": "Point",
        "coordinates": [
          -65.4037464,
          -24.7903585
        ]
      },
      "id": "node/1512454449"
    },
    {
      "type": "Feature",
      "properties": {
        "@id": "node/1512454454",
        "amenity": "place_of_worship",
        "denomination": "catholic",
        "name": "Iglesia San José",
        "religion": "christian"
      },
      "geometry": {
        "type": "Point",
        "coordinates": [
          -65.4094311,
          -24.7927338
        ]
      },
      "id": "node/1512454454"
    },
    {
      "type": "Feature",
      "properties": {
        "@id": "node/1512454473",
        "name": "Museo Catedralicio Monseñor Carlos Mariano Pérez",
        "tourism": "museum"
      },
      "geometry": {
        "type": "Point",
        "coordinates": [
          -65.4104762,
          -24.787823
        ]
      },
      "id": "node/1512454473"
    },
    {
      "type": "Feature",
      "properties": {
        "@id": "node/1512454475",
        "addr:housenumber": "90",
        "addr:postcode": "A4400",
        "addr:street": "Facundo de Zuviría",
        "name": "Museo de Arte Contemporáneo",
        "opening_hours": "Tu-Su 10:00-20:00",
        "phone": "+543874370498",
        "tourism": "museum",
        "wikidata": "Q84522561"
      },
      "geometry": {
        "type": "Point",
        "coordinates": [
          -65.4095218,
          -24.7888285
        ]
      },
      "id": "node/1512454475"
    },
    {
      "type": "Feature",
      "properties": {
        "@id": "way/1522807449",
        "leisure": "pitch",
        "sport": "soccer",
        "@geometry": "center"
      },
      "geometry": {
        "type": "Point",
        "coordinates": [
          -65.4715369,
          -24.8103693
        ]
      },
      "id": "way/1522807449"
    },
    {
      "type": "Feature",
      "properties": {
        "@id": "way/1522836887",
        "leisure": "pitch",
        "sport": "soccer",
        "@geometry": "center"
      },
      "geometry": {
        "type": "Point",
        "coordinates": [
          -65.3839593,
          -24.8476941
        ]
      },
      "id": "way/1522836887"
    },
    {
      "type": "Feature",
      "properties": {
        "@id": "way/1522836888",
        "leisure": "park",
        "name": "Plazoleta San Javier",
        "@geometry": "center"
      },
      "geometry": {
        "type": "Point",
        "coordinates": [
          -65.3838499,
          -24.847467
        ]
      },
      "id": "way/1522836888"
    },
    {
      "type": "Feature",
      "properties": {
        "@id": "way/1527448355",
        "leisure": "park",
        "@geometry": "center"
      },
      "geometry": {
        "type": "Point",
        "coordinates": [
          -65.4280992,
          -24.8059839
        ]
      },
      "id": "way/1527448355"
    },
    {
      "type": "Feature",
      "properties": {
        "@id": "node/1553082151",
        "highway": "traffic_signals",
        "traffic_signals": "signal"
      },
      "geometry": {
        "type": "Point",
        "coordinates": [
          -65.3953887,
          -24.8158667
        ]
      },
      "id": "node/1553082151"
    },
    {
      "type": "Feature",
      "properties": {
        "@id": "node/1553082273",
        "highway": "traffic_signals",
        "traffic_signals": "signal"
      },
      "geometry": {
        "type": "Point",
        "coordinates": [
          -65.4005775,
          -24.8138787
        ]
      },
      "id": "node/1553082273"
    },
    {
      "type": "Feature",
      "properties": {
        "@id": "node/1553111252",
        "highway": "traffic_signals",
        "traffic_signals": "signal"
      },
      "geometry": {
        "type": "Point",
        "coordinates": [
          -65.4080332,
          -24.8178677
        ]
      },
      "id": "node/1553111252"
    },
    {
      "type": "Feature",
      "properties": {
        "@id": "node/1553111256",
        "highway": "traffic_signals",
        "traffic_signals": "signal"
      },
      "geometry": {
        "type": "Point",
        "coordinates": [
          -65.4123833,
          -24.8200678
        ]
      },
      "id": "node/1553111256"
    },
    {
      "type": "Feature",
      "properties": {
        "@id": "node/1553111257",
        "highway": "traffic_signals",
        "traffic_signals": "signal"
      },
      "geometry": {
        "type": "Point",
        "coordinates": [
          -65.4079347,
          -24.8179803
        ]
      },
      "id": "node/1553111257"
    },
    {
      "type": "Feature",
      "properties": {
        "@id": "node/1553111266",
        "highway": "traffic_signals",
        "traffic_signals": "signal"
      },
      "geometry": {
        "type": "Point",
        "coordinates": [
          -65.4080902,
          -24.8177953
        ]
      },
      "id": "node/1553111266"
    },
    {
      "type": "Feature",
      "properties": {
        "@id": "node/1553116237",
        "highway": "traffic_signals",
        "traffic_signals": "signal"
      },
      "geometry": {
        "type": "Point",
        "coordinates": [
          -65.4214968,
          -24.8249154
        ]
      },
      "id": "node/1553116237"
    },
    {
      "type": "Feature",
      "properties": {
        "@id": "node/1553116239",
        "highway": "traffic_signals",
        "traffic_signals": "signal"
      },
      "geometry": {
        "type": "Point",
        "coordinates": [
          -65.4209744,
          -24.8244174
        ]
      },
      "id": "node/1553116239"
    },
    {
      "type": "Feature",
      "properties": {
        "@id": "node/1553116249",
        "highway": "traffic_signals",
        "traffic_signals": "signal"
      },
      "geometry": {
        "type": "Point",
        "coordinates": [
          -65.4242175,
          -24.826463
        ]
      },
      "id": "node/1553116249"
    },
    {
      "type": "Feature",
      "properties": {
        "@id": "node/1553116275",
        "highway": "traffic_signals",
        "traffic_signals": "signal"
      },
      "geometry": {
        "type": "Point",
        "coordinates": [
          -65.4242587,
          -24.8263927
        ]
      },
      "id": "node/1553116275"
    },
    {
      "type": "Feature",
      "properties": {
        "@id": "node/1553129997",
        "highway": "traffic_signals",
        "traffic_signals": "signal"
      },
      "geometry": {
        "type": "Point",
        "coordinates": [
          -65.4204632,
          -24.82468
        ]
      },
      "id": "node/1553129997"
    },
    {
      "type": "Feature",
      "properties": {
        "@id": "node/1553130012",
        "highway": "traffic_signals",
        "traffic_signals": "signal"
      },
      "geometry": {
        "type": "Point",
        "coordinates": [
          -65.4240594,
          -24.8265885
        ]
      },
      "id": "node/1553130012"
    },
    {
      "type": "Feature",
      "properties": {
        "@id": "node/1553130020",
        "highway": "traffic_signals",
        "traffic_signals": "signal"
      },
      "geometry": {
        "type": "Point",
        "coordinates": [
          -65.4206077,
          -24.824447
        ]
      },
      "id": "node/1553130020"
    },
    {
      "type": "Feature",
      "properties": {
        "@id": "node/1553130064",
        "highway": "traffic_signals",
        "traffic_signals": "signal"
      },
      "geometry": {
        "type": "Point",
        "coordinates": [
          -65.4274786,
          -24.8236681
        ]
      },
      "id": "node/1553130064"
    },
    {
      "type": "Feature",
      "properties": {
        "@id": "node/1553130083",
        "highway": "traffic_signals",
        "traffic_signals": "signal"
      },
      "geometry": {
        "type": "Point",
        "coordinates": [
          -65.4276001,
          -24.8236009
        ]
      },
      "id": "node/1553130083"
    },
    {
      "type": "Feature",
      "properties": {
        "@id": "node/1553130108",
        "highway": "traffic_signals",
        "traffic_signals": "signal"
      },
      "geometry": {
        "type": "Point",
        "coordinates": [
          -65.4205251,
          -24.8245001
        ]
      },
      "id": "node/1553130108"
    },
    {
      "type": "Feature",
      "properties": {
        "@id": "node/1553130126",
        "highway": "traffic_signals",
        "traffic_signals": "signal"
      },
      "geometry": {
        "type": "Point",
        "coordinates": [
          -65.4275895,
          -24.8239507
        ]
      },
      "id": "node/1553130126"
    },
    {
      "type": "Feature",
      "properties": {
        "@id": "node/1553130128",
        "highway": "traffic_signals",
        "traffic_signals": "signal"
      },
      "geometry": {
        "type": "Point",
        "coordinates": [
          -65.4213414,
          -24.8251609
        ]
      },
      "id": "node/1553130128"
    },
    {
      "type": "Feature",
      "properties": {
        "@id": "way/1563838679",
        "leisure": "pitch",
        "sport": "soccer",
        "@geometry": "center"
      },
      "geometry": {
        "type": "Point",
        "coordinates": [
          -65.4376108,
          -24.8568966
        ]
      },
      "id": "way/1563838679"
    },
    {
      "type": "Feature",
      "properties": {
        "@id": "way/1563838680",
        "addr:city": "Salta",
        "addr:postcode": "4400",
        "addr:street": "Mercedes Sosa",
        "club": "sport",
        "leisure": "sports_centre",
        "name": "Club Gimnasia Y Tiro",
        "@geometry": "center"
      },
      "geometry": {
        "type": "Point",
        "coordinates": [
          -65.4357227,
          -24.8525978
        ]
      },
      "id": "way/1563838680"
    },
    {
      "type": "Feature",
      "properties": {
        "@id": "way/1565618852",
        "leisure": "swimming_pool",
        "@geometry": "center"
      },
      "geometry": {
        "type": "Point",
        "coordinates": [
          -65.4115357,
          -24.7387771
        ]
      },
      "id": "way/1565618852"
    },
    {
      "type": "Feature",
      "properties": {
        "@id": "way/1565618853",
        "leisure": "swimming_pool",
        "@geometry": "center"
      },
      "geometry": {
        "type": "Point",
        "coordinates": [
          -65.4116054,
          -24.7389059
        ]
      },
      "id": "way/1565618853"
    },
    {
      "type": "Feature",
      "properties": {
        "@id": "way/1565618854",
        "leisure": "swimming_pool",
        "@geometry": "center"
      },
      "geometry": {
        "type": "Point",
        "coordinates": [
          -65.411168,
          -24.7389349
        ]
      },
      "id": "way/1565618854"
    },
    {
      "type": "Feature",
      "properties": {
        "@id": "node/1770948770",
        "highway": "traffic_signals",
        "traffic_signals": "signal"
      },
      "geometry": {
        "type": "Point",
        "coordinates": [
          -65.3979267,
          -24.7706836
        ]
      },
      "id": "node/1770948770"
    },
    {
      "type": "Feature",
      "properties": {
        "@id": "node/1771984377",
        "highway": "traffic_signals",
        "traffic_signals": "signal"
      },
      "geometry": {
        "type": "Point",
        "coordinates": [
          -65.4119607,
          -24.7578718
        ]
      },
      "id": "node/1771984377"
    },
    {
      "type": "Feature",
      "properties": {
        "@id": "node/1871063312",
        "highway": "traffic_signals",
        "traffic_signals": "signal"
      },
      "geometry": {
        "type": "Point",
        "coordinates": [
          -65.4198444,
          -24.8062245
        ]
      },
      "id": "node/1871063312"
    },
    {
      "type": "Feature",
      "properties": {
        "@id": "node/2055464258",
        "highway": "traffic_signals",
        "traffic_signals": "signal"
      },
      "geometry": {
        "type": "Point",
        "coordinates": [
          -65.4073403,
          -24.8176676
        ]
      },
      "id": "node/2055464258"
    },
    {
      "type": "Feature",
      "properties": {
        "@id": "node/2064048501",
        "highway": "traffic_signals",
        "traffic_signals": "signal"
      },
      "geometry": {
        "type": "Point",
        "coordinates": [
          -65.410949,
          -24.8233897
        ]
      },
      "id": "node/2064048501"
    },
    {
      "type": "Feature",
      "properties": {
        "@id": "node/2064048604",
        "highway": "traffic_signals",
        "traffic_signals": "signal"
      },
      "geometry": {
        "type": "Point",
        "coordinates": [
          -65.40941,
          -24.8275461
        ]
      },
      "id": "node/2064048604"
    },
    {
      "type": "Feature",
      "properties": {
        "@id": "node/2065924525",
        "highway": "traffic_signals",
        "traffic_signals": "signal"
      },
      "geometry": {
        "type": "Point",
        "coordinates": [
          -65.4232291,
          -24.8126671
        ]
      },
      "id": "node/2065924525"
    },
    {
      "type": "Feature",
      "properties": {
        "@id": "node/2067968186",
        "highway": "traffic_signals"
      },
      "geometry": {
        "type": "Point",
        "coordinates": [
          -65.421097,
          -24.8122237
        ]
      },
      "id": "node/2067968186"
    },
    {
      "type": "Feature",
      "properties": {
        "@id": "node/2071066596",
        "name": "Museo Pajarito Velarde",
        "tourism": "museum"
      },
      "geometry": {
        "type": "Point",
        "coordinates": [
          -65.4067425,
          -24.7887251
        ]
      },
      "id": "node/2071066596"
    },
    {
      "type": "Feature",
      "properties": {
        "@id": "node/2071066598",
        "name": "Museo Casa de Uriburu",
        "opening_hours": "Tu-Fr 09:00-17:00; Sa 14:00-18:00; Su 10:00-14:00; Mo off",
        "tourism": "museum"
      },
      "geometry": {
        "type": "Point",
        "coordinates": [
          -65.4087434,
          -24.7900376
        ]
      },
      "id": "node/2071066598"
    },
    {
      "type": "Feature",
      "properties": {
        "@id": "node/2077001198",
        "highway": "traffic_signals",
        "traffic_signals": "signal"
      },
      "geometry": {
        "type": "Point",
        "coordinates": [
          -65.4074779,
          -24.8174543
        ]
      },
      "id": "node/2077001198"
    },
    {
      "type": "Feature",
      "properties": {
        "@id": "node/2077001199",
        "highway": "traffic_signals",
        "traffic_signals": "signal"
      },
      "geometry": {
        "type": "Point",
        "coordinates": [
          -65.4074245,
          -24.8175341
        ]
      },
      "id": "node/2077001199"
    },
    {
      "type": "Feature",
      "properties": {
        "@id": "node/2077087095",
        "highway": "traffic_signals",
        "traffic_signals": "signal"
      },
      "geometry": {
        "type": "Point",
        "coordinates": [
          -65.4201225,
          -24.8245083
        ]
      },
      "id": "node/2077087095"
    },
    {
      "type": "Feature",
      "properties": {
        "@id": "node/2080152329",
        "amenity": "post_office",
        "operator:type": "public"
      },
      "geometry": {
        "type": "Point",
        "coordinates": [
          -65.4235405,
          -24.8293099
        ]
      },
      "id": "node/2080152329"
    },
    {
      "type": "Feature",
      "properties": {
        "@id": "node/2118016401",
        "amenity": "place_of_worship",
        "denomination": "catholic",
        "name": "Stella Maris",
        "religion": "christian"
      },
      "geometry": {
        "type": "Point",
        "coordinates": [
          -65.4251937,
          -24.8299501
        ]
      },
      "id": "node/2118016401"
    },
    {
      "type": "Feature",
      "properties": {
        "@id": "node/2118016430",
        "addr:city": "Salta",
        "addr:postcode": "4400",
        "addr:street": "Intendente Paz",
        "amenity": "place_of_worship",
        "denomination": "catholic",
        "name": "San Cayetano",
        "religion": "christian"
      },
      "geometry": {
        "type": "Point",
        "coordinates": [
          -65.4337576,
          -24.7785432
        ]
      },
      "id": "node/2118016430"
    },
    {
      "type": "Feature",
      "properties": {
        "@id": "node/2122906064",
        "museum": "history",
        "name": "Museo de la Casa de Castañares",
        "tourism": "museum"
      },
      "geometry": {
        "type": "Point",
        "coordinates": [
          -65.3958713,
          -24.7317824
        ]
      },
      "id": "node/2122906064"
    },
    {
      "type": "Feature",
      "properties": {
        "@id": "node/2123928793",
        "highway": "traffic_signals",
        "traffic_signals": "signal"
      },
      "geometry": {
        "type": "Point",
        "coordinates": [
          -65.407273,
          -24.8434518
        ]
      },
      "id": "node/2123928793"
    },
    {
      "type": "Feature",
      "properties": {
        "@id": "node/2135191626",
        "highway": "traffic_signals"
      },
      "geometry": {
        "type": "Point",
        "coordinates": [
          -65.4378349,
          -24.8462388
        ]
      },
      "id": "node/2135191626"
    },
    {
      "type": "Feature",
      "properties": {
        "@id": "node/2183228981",
        "amenity": "marketplace",
        "name": "Mercado Evita"
      },
      "geometry": {
        "type": "Point",
        "coordinates": [
          -65.4244558,
          -24.7826667
        ]
      },
      "id": "node/2183228981"
    },
    {
      "type": "Feature",
      "properties": {
        "@id": "node/2241546043",
        "addr:street": "Buenos Aires",
        "amenity": "library",
        "name": "La Feria del Libro"
      },
      "geometry": {
        "type": "Point",
        "coordinates": [
          -65.4096793,
          -24.790794
        ]
      },
      "id": "node/2241546043"
    },
    {
      "type": "Feature",
      "properties": {
        "@id": "node/2354336128",
        "highway": "traffic_signals"
      },
      "geometry": {
        "type": "Point",
        "coordinates": [
          -65.4576607,
          -24.8379889
        ]
      },
      "id": "node/2354336128"
    },
    {
      "type": "Feature",
      "properties": {
        "@id": "node/2354367700",
        "highway": "traffic_signals"
      },
      "geometry": {
        "type": "Point",
        "coordinates": [
          -65.4379133,
          -24.8461709
        ]
      },
      "id": "node/2354367700"
    },
    {
      "type": "Feature",
      "properties": {
        "@id": "node/2409413252",
        "amenity": "post_office",
        "brand": "Correo Argentino",
        "brand:wikidata": "Q4036566",
        "brand:wikipedia": "en:Correo Argentino",
        "check_date": "2026-02-17",
        "name": "Correo Argentino",
        "opening_hours": "Mo-Fr 08:00-18:00; Sa 08:00-14:00",
        "operator": "Correo Oficial de la República Argentina Sociedad Anónima",
        "operator:type": "public"
      },
      "geometry": {
        "type": "Point",
        "coordinates": [
          -65.4080126,
          -24.7880937
        ]
      },
      "id": "node/2409413252"
    },
    {
      "type": "Feature",
      "properties": {
        "@id": "node/2537472769",
        "highway": "traffic_signals",
        "traffic_signals": "signal"
      },
      "geometry": {
        "type": "Point",
        "coordinates": [
          -65.4233959,
          -24.8259221
        ]
      },
      "id": "node/2537472769"
    },
    {
      "type": "Feature",
      "properties": {
        "@id": "node/2537494614",
        "highway": "traffic_signals",
        "traffic_signals": "signal"
      },
      "geometry": {
        "type": "Point",
        "coordinates": [
          -65.4005911,
          -24.8140098
        ]
      },
      "id": "node/2537494614"
    },
    {
      "type": "Feature",
      "properties": {
        "@id": "node/2619617203",
        "amenity": "post_office",
        "operator": "DHL",
        "operator:type": "public"
      },
      "geometry": {
        "type": "Point",
        "coordinates": [
          -65.4085633,
          -24.7877208
        ]
      },
      "id": "node/2619617203"
    },
    {
      "type": "Feature",
      "properties": {
        "@id": "node/3125113611",
        "highway": "traffic_signals"
      },
      "geometry": {
        "type": "Point",
        "coordinates": [
          -65.4228783,
          -24.8128064
        ]
      },
      "id": "node/3125113611"
    },
    {
      "type": "Feature",
      "properties": {
        "@id": "node/3125113613",
        "highway": "traffic_signals"
      },
      "geometry": {
        "type": "Point",
        "coordinates": [
          -65.4229791,
          -24.8127645
        ]
      },
      "id": "node/3125113613"
    },
    {
      "type": "Feature",
      "properties": {
        "@id": "node/3125309708",
        "addr:city": "Salta",
        "addr:postcode": "4400",
        "addr:street": "Avenida República del Líbano",
        "amenity": "place_of_worship",
        "name": "Nuestra Señora de la Consolacion y Correa",
        "religion": "christian"
      },
      "geometry": {
        "type": "Point",
        "coordinates": [
          -65.4207456,
          -24.8122785
        ]
      },
      "id": "node/3125309708"
    },
    {
      "type": "Feature",
      "properties": {
        "@id": "node/3125311093",
        "amenity": "place_of_worship",
        "name": "Nra. Sra. de la Salud",
        "religion": "christian"
      },
      "geometry": {
        "type": "Point",
        "coordinates": [
          -65.4285187,
          -24.8123662
        ]
      },
      "id": "node/3125311093"
    },
    {
      "type": "Feature",
      "properties": {
        "@id": "node/3128631856",
        "leisure": "park",
        "name": "Cámara de Turismo de Salta"
      },
      "geometry": {
        "type": "Point",
        "coordinates": [
          -65.4026923,
          -24.787047
        ]
      },
      "id": "node/3128631856"
    },
    {
      "type": "Feature",
      "properties": {
        "@id": "node/3206514369",
        "highway": "traffic_signals"
      },
      "geometry": {
        "type": "Point",
        "coordinates": [
          -65.4585655,
          -24.8380333
        ]
      },
      "id": "node/3206514369"
    },
    {
      "type": "Feature",
      "properties": {
        "@id": "node/3206514603",
        "highway": "traffic_signals"
      },
      "geometry": {
        "type": "Point",
        "coordinates": [
          -65.4576545,
          -24.8380778
        ]
      },
      "id": "node/3206514603"
    },
    {
      "type": "Feature",
      "properties": {
        "@id": "node/3366913210",
        "highway": "traffic_signals",
        "traffic_signals": "signal"
      },
      "geometry": {
        "type": "Point",
        "coordinates": [
          -65.4151068,
          -24.7757995
        ]
      },
      "id": "node/3366913210"
    },
    {
      "type": "Feature",
      "properties": {
        "@id": "node/3366913213",
        "highway": "traffic_signals",
        "traffic_signals": "signal"
      },
      "geometry": {
        "type": "Point",
        "coordinates": [
          -65.4154754,
          -24.7795678
        ]
      },
      "id": "node/3366913213"
    },
    {
      "type": "Feature",
      "properties": {
        "@id": "node/3374876587",
        "highway": "traffic_signals",
        "traffic_signals": "traffic_lights",
        "traffic_signals:direction": "forward"
      },
      "geometry": {
        "type": "Point",
        "coordinates": [
          -65.4173846,
          -24.7981695
        ]
      },
      "id": "node/3374876587"
    },
    {
      "type": "Feature",
      "properties": {
        "@id": "node/3587021478",
        "amenity": "veterinary",
        "name": "Patitas"
      },
      "geometry": {
        "type": "Point",
        "coordinates": [
          -65.4104601,
          -24.8000091
        ]
      },
      "id": "node/3587021478"
    },
    {
      "type": "Feature",
      "properties": {
        "@id": "node/3600458030",
        "amenity": "place_of_worship",
        "denomination": "jehovahs_witness",
        "name": "Salón del Reino de los Testigos de Jehová",
        "religion": "christian"
      },
      "geometry": {
        "type": "Point",
        "coordinates": [
          -65.3972581,
          -24.84217
        ]
      },
      "id": "node/3600458030"
    },
    {
      "type": "Feature",
      "properties": {
        "@id": "node/3600468551",
        "addr:city": "Salta",
        "addr:housenumber": "173",
        "addr:postcode": "4400",
        "addr:street": "Antonio Feijóo",
        "amenity": "place_of_worship",
        "denomination": "jehovahs_witness",
        "name": "Salón del Reino de los Testigos de Jehova",
        "religion": "christian"
      },
      "geometry": {
        "type": "Point",
        "coordinates": [
          -65.39217,
          -24.8211931
        ]
      },
      "id": "node/3600468551"
    },
    {
      "type": "Feature",
      "properties": {
        "@id": "node/3720813428",
        "highway": "traffic_signals",
        "traffic_signals": "signal"
      },
      "geometry": {
        "type": "Point",
        "coordinates": [
          -65.4533336,
          -24.8595253
        ]
      },
      "id": "node/3720813428"
    },
    {
      "type": "Feature",
      "properties": {
        "@id": "node/3720857965",
        "highway": "traffic_signals",
        "traffic_signals": "signal"
      },
      "geometry": {
        "type": "Point",
        "coordinates": [
          -65.4071525,
          -24.8435989
        ]
      },
      "id": "node/3720857965"
    },
    {
      "type": "Feature",
      "properties": {
        "@id": "node/3720863799",
        "highway": "traffic_signals"
      },
      "geometry": {
        "type": "Point",
        "coordinates": [
          -65.4312979,
          -24.8384657
        ]
      },
      "id": "node/3720863799"
    },
    {
      "type": "Feature",
      "properties": {
        "@id": "node/3720864138",
        "highway": "traffic_signals"
      },
      "geometry": {
        "type": "Point",
        "coordinates": [
          -65.43102,
          -24.8389709
        ]
      },
      "id": "node/3720864138"
    },
    {
      "type": "Feature",
      "properties": {
        "@id": "node/3720864146",
        "highway": "traffic_signals"
      },
      "geometry": {
        "type": "Point",
        "coordinates": [
          -65.4310137,
          -24.8385456
        ]
      },
      "id": "node/3720864146"
    },
    {
      "type": "Feature",
      "properties": {
        "@id": "node/3731760395",
        "leisure": "sports_centre",
        "sport": "football"
      },
      "geometry": {
        "type": "Point",
        "coordinates": [
          -65.3798605,
          -24.8131302
        ]
      },
      "id": "node/3731760395"
    },
    {
      "type": "Feature",
      "properties": {
        "@id": "node/3733422423",
        "addr:city": "Salta",
        "addr:housenumber": "Villa Las Rosas",
        "addr:postcode": "4400",
        "addr:street": "Avenida Los Lirios",
        "amenity": "place_of_worship",
        "name": "Iglesia Santa Rosa de Lima",
        "religion": "christian"
      },
      "geometry": {
        "type": "Point",
        "coordinates": [
          -65.3963176,
          -24.803929
        ]
      },
      "id": "node/3733422423"
    },
    {
      "type": "Feature",
      "properties": {
        "@id": "node/3740500690",
        "amenity": "place_of_worship",
        "religion": "christian"
      },
      "geometry": {
        "type": "Point",
        "coordinates": [
          -65.4284868,
          -24.7730737
        ]
      },
      "id": "node/3740500690"
    },
    {
      "type": "Feature",
      "properties": {
        "@id": "node/3740500693",
        "amenity": "place_of_worship",
        "religion": "christian"
      },
      "geometry": {
        "type": "Point",
        "coordinates": [
          -65.4330714,
          -24.7786616
        ]
      },
      "id": "node/3740500693"
    },
    {
      "type": "Feature",
      "properties": {
        "@id": "node/3814748291",
        "addr:city": "Salta",
        "addr:housenumber": "Manzana 435 B",
        "addr:place": "Barrio Solidaridad",
        "addr:postcode": "4400",
        "amenity": "place_of_worship",
        "name": "Santísima Trinidad",
        "religion": "christian"
      },
      "geometry": {
        "type": "Point",
        "coordinates": [
          -65.3964544,
          -24.8421698
        ]
      },
      "id": "node/3814748291"
    },
    {
      "type": "Feature",
      "properties": {
        "@id": "node/3815909331",
        "addr:city": "Salta",
        "addr:housenumber": "442",
        "addr:postcode": "4400",
        "addr:street": "Eusebio Marcilla",
        "amenity": "place_of_worship",
        "denomination": "jehovahs_witness",
        "name": "Salón del Reino de los Testigos de Jehová",
        "religion": "christian"
      },
      "geometry": {
        "type": "Point",
        "coordinates": [
          -65.373438,
          -24.7943335
        ]
      },
      "id": "node/3815909331"
    },
    {
      "type": "Feature",
      "properties": {
        "@id": "node/3836804221",
        "amenity": "library",
        "name": "Pablo Fernando Acuña"
      },
      "geometry": {
        "type": "Point",
        "coordinates": [
          -65.4406301,
          -24.7978445
        ]
      },
      "id": "node/3836804221"
    },
    {
      "type": "Feature",
      "properties": {
        "@id": "node/3902947989",
        "highway": "traffic_signals",
        "traffic_signals": "signal"
      },
      "geometry": {
        "type": "Point",
        "coordinates": [
          -65.4010548,
          -24.7747168
        ]
      },
      "id": "node/3902947989"
    },
    {
      "type": "Feature",
      "properties": {
        "@id": "node/3915114312",
        "addr:city": "Salta",
        "addr:housenumber": "768",
        "addr:postcode": "4400",
        "addr:street": "San Luis",
        "amenity": "library",
        "description": "Biblioteca popular infantil donde se brindan talleres de ajedrez y lectura. ",
        "name": "Biblioteca Antonia Caceres"
      },
      "geometry": {
        "type": "Point",
        "coordinates": [
          -65.423734,
          -24.7963856
        ]
      },
      "id": "node/3915114312"
    },
    {
      "type": "Feature",
      "properties": {
        "@id": "node/4100150489",
        "addr:street": "San Matías Apostol",
        "amenity": "place_of_worship",
        "name": "IGLESIA",
        "religion": "christian"
      },
      "geometry": {
        "type": "Point",
        "coordinates": [
          -65.3891311,
          -24.7357356
        ]
      },
      "id": "node/4100150489"
    },
    {
      "type": "Feature",
      "properties": {
        "@id": "node/4100498355",
        "amenity": "place_of_worship",
        "denomination": "catholic",
        "name": "Parroquía de Louedes",
        "religion": "christian"
      },
      "geometry": {
        "type": "Point",
        "coordinates": [
          -65.4495496,
          -24.8460548
        ]
      },
      "id": "node/4100498355"
    },
    {
      "type": "Feature",
      "properties": {
        "@id": "node/4103144277",
        "amenity": "place_of_worship",
        "denomination": "catholic",
        "name": "Vicaría Sagrado Corazón",
        "religion": "christian"
      },
      "geometry": {
        "type": "Point",
        "coordinates": [
          -65.3893973,
          -24.8191251
        ]
      },
      "id": "node/4103144277"
    },
    {
      "type": "Feature",
      "properties": {
        "@id": "node/4103908528",
        "addr:city": "Salta",
        "addr:postcode": "4400",
        "amenity": "place_of_worship",
        "name": "IGLESIA NUESTRA SEÑORA DEL ROSARIO",
        "religion": "christian"
      },
      "geometry": {
        "type": "Point",
        "coordinates": [
          -65.4208234,
          -24.7787312
        ]
      },
      "id": "node/4103908528"
    },
    {
      "type": "Feature",
      "properties": {
        "@id": "node/4133516057",
        "leisure": "pitch",
        "name": "Club Nueve de Julio",
        "sport": "basketball"
      },
      "geometry": {
        "type": "Point",
        "coordinates": [
          -65.4170126,
          -24.791769
        ]
      },
      "id": "node/4133516057"
    },
    {
      "type": "Feature",
      "properties": {
        "@id": "node/4230995581",
        "amenity": "marketplace"
      },
      "geometry": {
        "type": "Point",
        "coordinates": [
          -65.4348244,
          -24.7916405
        ]
      },
      "id": "node/4230995581"
    },
    {
      "type": "Feature",
      "properties": {
        "@id": "node/4265284490",
        "addr:housenumber": "1109",
        "addr:postcode": "4400",
        "addr:street": "Bartolomé Mitre",
        "amenity": "place_of_worship",
        "name": "Iglesia el Rio",
        "opening_hours": "24/7",
        "phone": "+54 387 431 7265"
      },
      "geometry": {
        "type": "Point",
        "coordinates": [
          -65.4099317,
          -24.7760021
        ]
      },
      "id": "node/4265284490"
    },
    {
      "type": "Feature",
      "properties": {
        "@id": "node/4392600991",
        "amenity": "place_of_worship",
        "name": "Iglesia del Buen Pastor",
        "religion": "christian"
      },
      "geometry": {
        "type": "Point",
        "coordinates": [
          -65.4316781,
          -24.7837814
        ]
      },
      "id": "node/4392600991"
    },
    {
      "type": "Feature",
      "properties": {
        "@id": "node/4463333691",
        "addr:housenumber": "831",
        "addr:street": "20 de Febrero",
        "name": "Pajcha Museo de Arte Etnico Americano",
        "name:es": "Pajcha Museo de Arte Etnico Americano",
        "opening_hours": "Mo-Sa 10:00-13:00, 16:00-20:00",
        "tourism": "museum"
      },
      "geometry": {
        "type": "Point",
        "coordinates": [
          -65.4128876,
          -24.7795728
        ]
      },
      "id": "node/4463333691"
    },
    {
      "type": "Feature",
      "properties": {
        "@id": "node/4719430893",
        "amenity": "drinking_water",
        "name": "Aguas del Norte S.A. - Alto Molino",
        "name:es": "Aguas del Norte S.A. - Alto Molino"
      },
      "geometry": {
        "type": "Point",
        "coordinates": [
          -65.4385258,
          -24.7877074
        ]
      },
      "id": "node/4719430893"
    },
    {
      "type": "Feature",
      "properties": {
        "@id": "node/4783628461",
        "highway": "traffic_signals",
        "traffic_signals": "signal"
      },
      "geometry": {
        "type": "Point",
        "coordinates": [
          -65.4122065,
          -24.7874934
        ]
      },
      "id": "node/4783628461"
    },
    {
      "type": "Feature",
      "properties": {
        "@id": "node/4870167236",
        "highway": "traffic_signals"
      },
      "geometry": {
        "type": "Point",
        "coordinates": [
          -65.4308543,
          -24.838986
        ]
      },
      "id": "node/4870167236"
    },
    {
      "type": "Feature",
      "properties": {
        "@id": "node/4876922737",
        "addr:city": "Salta",
        "addr:housenumber": "2530",
        "addr:postcode": "4400",
        "addr:street": "Yapeyú",
        "amenity": "place_of_worship",
        "denomination": "catholic",
        "name": "Parroquia del Carmen",
        "religion": "christian"
      },
      "geometry": {
        "type": "Point",
        "coordinates": [
          -65.4380846,
          -24.7910493
        ]
      },
      "id": "node/4876922737"
    },
    {
      "type": "Feature",
      "properties": {
        "@id": "node/5025222522",
        "amenity": "cinema",
        "brand": "Cinemark",
        "brand:wikidata": "Q707530",
        "name": "Cinemark"
      },
      "geometry": {
        "type": "Point",
        "coordinates": [
          -65.4031163,
          -24.7814934
        ]
      },
      "id": "node/5025222522"
    },
    {
      "type": "Feature",
      "properties": {
        "@id": "node/5027261421",
        "access": "yes",
        "amenity": "toilets"
      },
      "geometry": {
        "type": "Point",
        "coordinates": [
          -65.4102945,
          -24.7880873
        ]
      },
      "id": "node/5027261421"
    },
    {
      "type": "Feature",
      "properties": {
        "@id": "node/5027386524",
        "amenity": "post_office",
        "brand": "FedEx",
        "brand:wikidata": "Q459477",
        "brand:wikipedia": "en:FedEx",
        "name": "FedEx",
        "name:es": "Fedex"
      },
      "geometry": {
        "type": "Point",
        "coordinates": [
          -65.4076942,
          -24.7877217
        ]
      },
      "id": "node/5027386524"
    },
    {
      "type": "Feature",
      "properties": {
        "@id": "node/5181727326",
        "amenity": "cinema",
        "name": "REX",
        "name:es": "REX"
      },
      "geometry": {
        "type": "Point",
        "coordinates": [
          -65.4193058,
          -24.7928513
        ]
      },
      "id": "node/5181727326"
    },
    {
      "type": "Feature",
      "properties": {
        "@id": "node/5181751522",
        "amenity": "place_of_worship",
        "name": "Iglesia",
        "name:es": "Iglesia"
      },
      "geometry": {
        "type": "Point",
        "coordinates": [
          -65.444075,
          -24.7891464
        ]
      },
      "id": "node/5181751522"
    },
    {
      "type": "Feature",
      "properties": {
        "@id": "node/5213142895",
        "addr:city": "Salta",
        "addr:housenumber": "730",
        "addr:postcode": "4400",
        "addr:street": "España",
        "addr:unit": "Capital",
        "fee": "yes",
        "name": "Museo de Güemes",
        "opening_hours": "Tu-Su,PH 11:00-19:00",
        "tourism": "museum",
        "website": "https://www.museoguemes.gob.ar/",
        "wikidata": "Q111991042"
      },
      "geometry": {
        "type": "Point",
        "coordinates": [
          -65.4127986,
          -24.7883434
        ]
      },
      "id": "node/5213142895"
    },
    {
      "type": "Feature",
      "properties": {
        "@id": "node/5223995571",
        "access": "yes",
        "addr:city": "Salta",
        "amenity": "toilets"
      },
      "geometry": {
        "type": "Point",
        "coordinates": [
          -65.4126445,
          -24.7863672
        ]
      },
      "id": "node/5223995571"
    },
    {
      "type": "Feature",
      "properties": {
        "@id": "node/5258887723",
        "amenity": "place_of_worship",
        "name": "Gruta Virgen del Rosario de San Nicolás",
        "religion": "christian"
      },
      "geometry": {
        "type": "Point",
        "coordinates": [
          -65.4088574,
          -24.754473
        ]
      },
      "id": "node/5258887723"
    },
    {
      "type": "Feature",
      "properties": {
        "@id": "node/5486882005",
        "addr:city": "Salta",
        "addr:housenumber": "20",
        "addr:postcode": "4400",
        "addr:street": "La Florida",
        "building": "public",
        "name": "Museo Casa Arias Rengel",
        "tourism": "museum",
        "wikidata": "Q84521847"
      },
      "geometry": {
        "type": "Point",
        "coordinates": [
          -65.4125359,
          -24.7900316
        ]
      },
      "id": "node/5486882005"
    },
    {
      "type": "Feature",
      "properties": {
        "@id": "node/5614017421",
        "access": "yes",
        "amenity": "toilets"
      },
      "geometry": {
        "type": "Point",
        "coordinates": [
          -65.4192359,
          -24.8130485
        ]
      },
      "id": "node/5614017421"
    },
    {
      "type": "Feature",
      "properties": {
        "@id": "node/5750549942",
        "highway": "traffic_signals",
        "traffic_signals": "signal"
      },
      "geometry": {
        "type": "Point",
        "coordinates": [
          -65.42776,
          -24.8239564
        ]
      },
      "id": "node/5750549942"
    },
    {
      "type": "Feature",
      "properties": {
        "@id": "node/5750549967",
        "highway": "traffic_signals",
        "traffic_signals": "signal"
      },
      "geometry": {
        "type": "Point",
        "coordinates": [
          -65.4233626,
          -24.8262148
        ]
      },
      "id": "node/5750549967"
    },
    {
      "type": "Feature",
      "properties": {
        "@id": "node/5750549968",
        "highway": "traffic_signals",
        "traffic_signals": "signal"
      },
      "geometry": {
        "type": "Point",
        "coordinates": [
          -65.4233828,
          -24.8260115
        ]
      },
      "id": "node/5750549968"
    },
    {
      "type": "Feature",
      "properties": {
        "@id": "node/5854773202",
        "amenity": "toilets"
      },
      "geometry": {
        "type": "Point",
        "coordinates": [
          -65.4108968,
          -24.7770835
        ]
      },
      "id": "node/5854773202"
    },
    {
      "type": "Feature",
      "properties": {
        "@id": "node/5910349672",
        "highway": "traffic_signals",
        "traffic_signals": "signal"
      },
      "geometry": {
        "type": "Point",
        "coordinates": [
          -65.4185171,
          -24.7806942
        ]
      },
      "id": "node/5910349672"
    },
    {
      "type": "Feature",
      "properties": {
        "@id": "node/5910349673",
        "highway": "traffic_signals",
        "traffic_signals": "signal"
      },
      "geometry": {
        "type": "Point",
        "coordinates": [
          -65.4170868,
          -24.7808083
        ]
      },
      "id": "node/5910349673"
    },
    {
      "type": "Feature",
      "properties": {
        "@id": "node/5910349674",
        "highway": "traffic_signals",
        "traffic_signals": "signal"
      },
      "geometry": {
        "type": "Point",
        "coordinates": [
          -65.415652,
          -24.7808944
        ]
      },
      "id": "node/5910349674"
    },
    {
      "type": "Feature",
      "properties": {
        "@id": "node/5910349675",
        "highway": "traffic_signals",
        "traffic_signals": "signal"
      },
      "geometry": {
        "type": "Point",
        "coordinates": [
          -65.4142584,
          -24.7809896
        ]
      },
      "id": "node/5910349675"
    },
    {
      "type": "Feature",
      "properties": {
        "@id": "node/5910349676",
        "highway": "traffic_signals",
        "traffic_signals": "signal"
      },
      "geometry": {
        "type": "Point",
        "coordinates": [
          -65.4128775,
          -24.7810859
        ]
      },
      "id": "node/5910349676"
    },
    {
      "type": "Feature",
      "properties": {
        "@id": "node/5910349677",
        "highway": "traffic_signals",
        "traffic_signals": "signal"
      },
      "geometry": {
        "type": "Point",
        "coordinates": [
          -65.4115287,
          -24.7811681
        ]
      },
      "id": "node/5910349677"
    },
    {
      "type": "Feature",
      "properties": {
        "@id": "node/5910349678",
        "highway": "traffic_signals",
        "traffic_signals": "signal"
      },
      "geometry": {
        "type": "Point",
        "coordinates": [
          -65.4101743,
          -24.7812553
        ]
      },
      "id": "node/5910349678"
    },
    {
      "type": "Feature",
      "properties": {
        "@id": "node/5910349679",
        "highway": "traffic_signals",
        "traffic_signals": "signal"
      },
      "geometry": {
        "type": "Point",
        "coordinates": [
          -65.4087905,
          -24.7813542
        ]
      },
      "id": "node/5910349679"
    },
    {
      "type": "Feature",
      "properties": {
        "@id": "node/5910349680",
        "highway": "traffic_signals",
        "traffic_signals": "signal"
      },
      "geometry": {
        "type": "Point",
        "coordinates": [
          -65.4074079,
          -24.7814451
        ]
      },
      "id": "node/5910349680"
    },
    {
      "type": "Feature",
      "properties": {
        "@id": "node/5910349681",
        "highway": "traffic_signals",
        "traffic_signals": "signal"
      },
      "geometry": {
        "type": "Point",
        "coordinates": [
          -65.4060472,
          -24.7815328
        ]
      },
      "id": "node/5910349681"
    },
    {
      "type": "Feature",
      "properties": {
        "@id": "node/5910349682",
        "highway": "traffic_signals",
        "traffic_signals": "signal"
      },
      "geometry": {
        "type": "Point",
        "coordinates": [
          -65.4034527,
          -24.7817105
        ]
      },
      "id": "node/5910349682"
    },
    {
      "type": "Feature",
      "properties": {
        "@id": "node/5912829451",
        "highway": "traffic_signals",
        "traffic_signals": "signal"
      },
      "geometry": {
        "type": "Point",
        "coordinates": [
          -65.4226747,
          -24.7804092
        ]
      },
      "id": "node/5912829451"
    },
    {
      "type": "Feature",
      "properties": {
        "@id": "node/5912829452",
        "highway": "traffic_signals",
        "traffic_signals": "signal"
      },
      "geometry": {
        "type": "Point",
        "coordinates": [
          -65.423868,
          -24.7803339
        ]
      },
      "id": "node/5912829452"
    },
    {
      "type": "Feature",
      "properties": {
        "@id": "node/5912829453",
        "highway": "traffic_signals",
        "traffic_signals": "signal"
      },
      "geometry": {
        "type": "Point",
        "coordinates": [
          -65.4253985,
          -24.7802402
        ]
      },
      "id": "node/5912829453"
    },
    {
      "type": "Feature",
      "properties": {
        "@id": "node/5912829454",
        "highway": "traffic_signals",
        "traffic_signals": "signal"
      },
      "geometry": {
        "type": "Point",
        "coordinates": [
          -65.4268494,
          -24.7801243
        ]
      },
      "id": "node/5912829454"
    },
    {
      "type": "Feature",
      "properties": {
        "@id": "node/5912829455",
        "highway": "traffic_signals",
        "traffic_signals": "signal"
      },
      "geometry": {
        "type": "Point",
        "coordinates": [
          -65.4282454,
          -24.7800209
        ]
      },
      "id": "node/5912829455"
    },
    {
      "type": "Feature",
      "properties": {
        "@id": "node/6074515425",
        "highway": "traffic_signals",
        "traffic_signals": "signal"
      },
      "geometry": {
        "type": "Point",
        "coordinates": [
          -65.4092334,
          -24.8312838
        ]
      },
      "id": "node/6074515425"
    },
    {
      "type": "Feature",
      "properties": {
        "@id": "node/6133185561",
        "highway": "traffic_signals",
        "traffic_signals": "signal"
      },
      "geometry": {
        "type": "Point",
        "coordinates": [
          -65.4092162,
          -24.8281409
        ]
      },
      "id": "node/6133185561"
    },
    {
      "type": "Feature",
      "properties": {
        "@id": "node/6133185563",
        "highway": "traffic_signals",
        "traffic_signals": "signal"
      },
      "geometry": {
        "type": "Point",
        "coordinates": [
          -65.4093228,
          -24.8275193
        ]
      },
      "id": "node/6133185563"
    },
    {
      "type": "Feature",
      "properties": {
        "@id": "node/6133188485",
        "highway": "traffic_signals",
        "traffic_signals": "signal"
      },
      "geometry": {
        "type": "Point",
        "coordinates": [
          -65.4071819,
          -24.8434441
        ]
      },
      "id": "node/6133188485"
    },
    {
      "type": "Feature",
      "properties": {
        "@id": "node/6143384523",
        "highway": "traffic_signals",
        "traffic_signals": "signal"
      },
      "geometry": {
        "type": "Point",
        "coordinates": [
          -65.4585601,
          -24.83812
        ]
      },
      "id": "node/6143384523"
    },
    {
      "type": "Feature",
      "properties": {
        "@id": "node/6172686968",
        "highway": "traffic_signals",
        "traffic_signals": "signal"
      },
      "geometry": {
        "type": "Point",
        "coordinates": [
          -65.4011607,
          -24.7408879
        ]
      },
      "id": "node/6172686968"
    },
    {
      "type": "Feature",
      "properties": {
        "@id": "node/6273351062",
        "highway": "traffic_signals",
        "traffic_signals": "signal"
      },
      "geometry": {
        "type": "Point",
        "coordinates": [
          -65.4197215,
          -24.8067687
        ]
      },
      "id": "node/6273351062"
    },
    {
      "type": "Feature",
      "properties": {
        "@id": "node/6275667574",
        "highway": "traffic_signals",
        "traffic_signals": "signal"
      },
      "geometry": {
        "type": "Point",
        "coordinates": [
          -65.4112368,
          -24.8191251
        ]
      },
      "id": "node/6275667574"
    },
    {
      "type": "Feature",
      "properties": {
        "@id": "node/6402617391",
        "amenity": "place_of_worship",
        "denomination": "orthodox",
        "description": "Iglesia San Jorge, de culto ortodoxo",
        "name": "Iglesia San Jorge",
        "religion": "christian"
      },
      "geometry": {
        "type": "Point",
        "coordinates": [
          -65.4155536,
          -24.7925342
        ]
      },
      "id": "node/6402617391"
    },
    {
      "type": "Feature",
      "properties": {
        "@id": "node/6443862385",
        "amenity": "toilets"
      },
      "geometry": {
        "type": "Point",
        "coordinates": [
          -65.4185622,
          -24.7933302
        ]
      },
      "id": "node/6443862385"
    },
    {
      "type": "Feature",
      "properties": {
        "@id": "node/6515669829",
        "highway": "traffic_signals",
        "traffic_signals": "signal"
      },
      "geometry": {
        "type": "Point",
        "coordinates": [
          -65.4091565,
          -24.8312641
        ]
      },
      "id": "node/6515669829"
    },
    {
      "type": "Feature",
      "properties": {
        "@id": "node/6597688416",
        "access": "yes",
        "leisure": "playground",
        "surface": "grass"
      },
      "geometry": {
        "type": "Point",
        "coordinates": [
          -65.3851754,
          -24.8122739
        ]
      },
      "id": "node/6597688416"
    },
    {
      "type": "Feature",
      "properties": {
        "@id": "node/6597688426",
        "amenity": "place_of_worship",
        "name": "Gruta Virgen de Urkupiña"
      },
      "geometry": {
        "type": "Point",
        "coordinates": [
          -65.3833951,
          -24.8185221
        ]
      },
      "id": "node/6597688426"
    },
    {
      "type": "Feature",
      "properties": {
        "@id": "node/6597688427",
        "amenity": "place_of_worship",
        "name": "Gruta San José Obrero"
      },
      "geometry": {
        "type": "Point",
        "coordinates": [
          -65.3904372,
          -24.8211882
        ]
      },
      "id": "node/6597688427"
    },
    {
      "type": "Feature",
      "properties": {
        "@id": "node/6597688428",
        "addr:housenumber": "581",
        "addr:street": "Ricardo Lavene",
        "amenity": "place_of_worship",
        "name": "Iglesia Adventista de 20 de Junio"
      },
      "geometry": {
        "type": "Point",
        "coordinates": [
          -65.3865858,
          -24.8177241
        ]
      },
      "id": "node/6597688428"
    },
    {
      "type": "Feature",
      "properties": {
        "@id": "node/6597688429",
        "addr:housenumber": "550",
        "addr:street": "Ricardo Lavene",
        "amenity": "place_of_worship",
        "denomination": "evangelical",
        "name": "Iglesia Cristiana Evangélica Villa Juanita",
        "religion": "christian"
      },
      "geometry": {
        "type": "Point",
        "coordinates": [
          -65.3867158,
          -24.8178887
        ]
      },
      "id": "node/6597688429"
    },
    {
      "type": "Feature",
      "properties": {
        "@id": "node/6597709218",
        "addr:city": "Salta",
        "addr:housenumber": "898",
        "addr:postcode": "4400",
        "addr:street": "Carmen Salas",
        "amenity": "place_of_worship",
        "name": "Templo Filadelfia V. Monica"
      },
      "geometry": {
        "type": "Point",
        "coordinates": [
          -65.3831403,
          -24.8100534
        ]
      },
      "id": "node/6597709218"
    },
    {
      "type": "Feature",
      "properties": {
        "@id": "node/6597734536",
        "addr:city": "Salta",
        "addr:housenumber": "200",
        "addr:postcode": "4400",
        "addr:street": "Antonio Feijóo",
        "amenity": "place_of_worship",
        "name": "Iglesia Pentecostal M. I."
      },
      "geometry": {
        "type": "Point",
        "coordinates": [
          -65.3917821,
          -24.8212422
        ]
      },
      "id": "node/6597734536"
    },
    {
      "type": "Feature",
      "properties": {
        "@id": "node/6597757855",
        "addr:street": "Rita Torena",
        "amenity": "place_of_worship",
        "name": "Gruta San Cayetano"
      },
      "geometry": {
        "type": "Point",
        "coordinates": [
          -65.3785228,
          -24.8110459
        ]
      },
      "id": "node/6597757855"
    },
    {
      "type": "Feature",
      "properties": {
        "@id": "node/6597757856",
        "amenity": "place_of_worship",
        "name": "Gruta San Cayetano"
      },
      "geometry": {
        "type": "Point",
        "coordinates": [
          -65.3773475,
          -24.8090613
        ]
      },
      "id": "node/6597757856"
    },
    {
      "type": "Feature",
      "properties": {
        "@id": "node/6597789775",
        "addr:street": "Francisco de Gurruchaga",
        "amenity": "place_of_worship",
        "name": "Templo Evangelico \"Cristo viene\"",
        "religion": "christian"
      },
      "geometry": {
        "type": "Point",
        "coordinates": [
          -65.3821888,
          -24.8186337
        ]
      },
      "id": "node/6597789775"
    },
    {
      "type": "Feature",
      "properties": {
        "@id": "node/6757992422",
        "amenity": "place_of_worship",
        "name": "Gruta",
        "religion": "multifaith"
      },
      "geometry": {
        "type": "Point",
        "coordinates": [
          -65.3883589,
          -24.7712211
        ]
      },
      "id": "node/6757992422"
    },
    {
      "type": "Feature",
      "properties": {
        "@id": "node/6812666886",
        "amenity": "toilets",
        "fee": "no"
      },
      "geometry": {
        "type": "Point",
        "coordinates": [
          -65.3982145,
          -24.7956835
        ]
      },
      "id": "node/6812666886"
    },
    {
      "type": "Feature",
      "properties": {
        "@id": "node/6907483939",
        "leisure": "park",
        "name": "Tamborcito de Tacuarí"
      },
      "geometry": {
        "type": "Point",
        "coordinates": [
          -65.4673524,
          -24.8549395
        ]
      },
      "id": "node/6907483939"
    },
    {
      "type": "Feature",
      "properties": {
        "@id": "node/6907483940",
        "leisure": "park",
        "name": "Mujeres Sanmartinianas"
      },
      "geometry": {
        "type": "Point",
        "coordinates": [
          -65.4688776,
          -24.85498
        ]
      },
      "id": "node/6907483940"
    },
    {
      "type": "Feature",
      "properties": {
        "@id": "node/7114589787",
        "addr:housenumber": "831",
        "addr:street": "20 de Febrero",
        "name": "Museo Pajcha Arte Etnico Americano",
        "tourism": "museum"
      },
      "geometry": {
        "type": "Point",
        "coordinates": [
          -65.4128285,
          -24.7793181
        ]
      },
      "id": "node/7114589787"
    },
    {
      "type": "Feature",
      "properties": {
        "@id": "node/7139945883",
        "highway": "traffic_signals",
        "traffic_signals": "signal"
      },
      "geometry": {
        "type": "Point",
        "coordinates": [
          -65.4256416,
          -24.8193286
        ]
      },
      "id": "node/7139945883"
    },
    {
      "type": "Feature",
      "properties": {
        "@id": "node/7139945884",
        "highway": "traffic_signals",
        "traffic_signals": "signal"
      },
      "geometry": {
        "type": "Point",
        "coordinates": [
          -65.4257553,
          -24.8192743
        ]
      },
      "id": "node/7139945884"
    },
    {
      "type": "Feature",
      "properties": {
        "@id": "node/7139949392",
        "highway": "traffic_signals",
        "traffic_signals": "signal"
      },
      "geometry": {
        "type": "Point",
        "coordinates": [
          -65.4255746,
          -24.8188686
        ]
      },
      "id": "node/7139949392"
    },
    {
      "type": "Feature",
      "properties": {
        "@id": "node/7139949393",
        "highway": "traffic_signals",
        "traffic_signals": "signal"
      },
      "geometry": {
        "type": "Point",
        "coordinates": [
          -65.4254621,
          -24.8188995
        ]
      },
      "id": "node/7139949393"
    },
    {
      "type": "Feature",
      "properties": {
        "@id": "node/7590861870",
        "highway": "traffic_signals",
        "traffic_signals": "signal"
      },
      "geometry": {
        "type": "Point",
        "coordinates": [
          -65.4053336,
          -24.7870639
        ]
      },
      "id": "node/7590861870"
    },
    {
      "type": "Feature",
      "properties": {
        "@id": "node/7593832691",
        "highway": "traffic_signals",
        "traffic_signals": "signal"
      },
      "geometry": {
        "type": "Point",
        "coordinates": [
          -65.4123941,
          -24.8203564
        ]
      },
      "id": "node/7593832691"
    },
    {
      "type": "Feature",
      "properties": {
        "@id": "node/7799798720",
        "highway": "traffic_signals",
        "traffic_signals": "traffic_lights",
        "traffic_signals:direction": "forward"
      },
      "geometry": {
        "type": "Point",
        "coordinates": [
          -65.4068922,
          -24.8081598
        ]
      },
      "id": "node/7799798720"
    },
    {
      "type": "Feature",
      "properties": {
        "@id": "node/7799798725",
        "highway": "traffic_signals",
        "traffic_signals": "traffic_lights",
        "traffic_signals:direction": "forward"
      },
      "geometry": {
        "type": "Point",
        "coordinates": [
          -65.408328,
          -24.8081528
        ]
      },
      "id": "node/7799798725"
    },
    {
      "type": "Feature",
      "properties": {
        "@id": "node/7799798730",
        "button_operated": "no",
        "crossing": "traffic_signals",
        "highway": "traffic_signals",
        "tactile_paving": "no",
        "traffic_signals": "traffic_lights",
        "traffic_signals:direction": "forward",
        "traffic_signals:sound": "no",
        "traffic_signals:vibration": "no"
      },
      "geometry": {
        "type": "Point",
        "coordinates": [
          -65.4097618,
          -24.8081569
        ]
      },
      "id": "node/7799798730"
    },
    {
      "type": "Feature",
      "properties": {
        "@id": "node/7799798737",
        "highway": "traffic_signals",
        "traffic_signals": "traffic_lights",
        "traffic_signals:direction": "forward"
      },
      "geometry": {
        "type": "Point",
        "coordinates": [
          -65.4042078,
          -24.808163
        ]
      },
      "id": "node/7799798737"
    },
    {
      "type": "Feature",
      "properties": {
        "@id": "node/7799798748",
        "highway": "traffic_signals",
        "traffic_signals": "traffic_lights",
        "traffic_signals:direction": "forward"
      },
      "geometry": {
        "type": "Point",
        "coordinates": [
          -65.4014476,
          -24.8081273
        ]
      },
      "id": "node/7799798748"
    },
    {
      "type": "Feature",
      "properties": {
        "@id": "node/7799798750",
        "highway": "traffic_signals",
        "traffic_signals": "signal"
      },
      "geometry": {
        "type": "Point",
        "coordinates": [
          -65.4105619,
          -24.818918
        ]
      },
      "id": "node/7799798750"
    },
    {
      "type": "Feature",
      "properties": {
        "@id": "node/7799798752",
        "highway": "traffic_signals",
        "traffic_signals": "signal"
      },
      "geometry": {
        "type": "Point",
        "coordinates": [
          -65.4109012,
          -24.8189325
        ]
      },
      "id": "node/7799798752"
    },
    {
      "type": "Feature",
      "properties": {
        "@id": "node/7799798754",
        "highway": "traffic_signals",
        "traffic_signals": "signal"
      },
      "geometry": {
        "type": "Point",
        "coordinates": [
          -65.4111651,
          -24.8191843
        ]
      },
      "id": "node/7799798754"
    },
    {
      "type": "Feature",
      "properties": {
        "@id": "node/7799798759",
        "highway": "traffic_signals",
        "traffic_signals": "signal"
      },
      "geometry": {
        "type": "Point",
        "coordinates": [
          -65.4105656,
          -24.8193855
        ]
      },
      "id": "node/7799798759"
    },
    {
      "type": "Feature",
      "properties": {
        "@id": "node/7799798763",
        "highway": "traffic_signals",
        "traffic_signals": "signal"
      },
      "geometry": {
        "type": "Point",
        "coordinates": [
          -65.4105342,
          -24.8191813
        ]
      },
      "id": "node/7799798763"
    },
    {
      "type": "Feature",
      "properties": {
        "@id": "node/7799798764",
        "highway": "traffic_signals",
        "traffic_signals": "signal"
      },
      "geometry": {
        "type": "Point",
        "coordinates": [
          -65.4105777,
          -24.8191162
        ]
      },
      "id": "node/7799798764"
    },
    {
      "type": "Feature",
      "properties": {
        "@id": "node/7799798774",
        "highway": "traffic_signals",
        "traffic_signals": "signal"
      },
      "geometry": {
        "type": "Point",
        "coordinates": [
          -65.4124183,
          -24.8200112
        ]
      },
      "id": "node/7799798774"
    },
    {
      "type": "Feature",
      "properties": {
        "@id": "node/8238445594",
        "amenity": "place_of_worship",
        "name": "gruta en memoria de juan perez"
      },
      "geometry": {
        "type": "Point",
        "coordinates": [
          -65.3762277,
          -24.8005776
        ]
      },
      "id": "node/8238445594"
    },
    {
      "type": "Feature",
      "properties": {
        "@id": "node/8398987638",
        "button_operated": "no",
        "crossing": "traffic_signals",
        "highway": "traffic_signals",
        "tactile_paving": "no",
        "traffic_signals": "traffic_lights",
        "traffic_signals:direction": "forward",
        "traffic_signals:sound": "no",
        "traffic_signals:vibration": "no"
      },
      "geometry": {
        "type": "Point",
        "coordinates": [
          -65.4037649,
          -24.8081598
        ]
      },
      "id": "node/8398987638"
    },
    {
      "type": "Feature",
      "properties": {
        "@id": "node/8719949706",
        "leisure": "park"
      },
      "geometry": {
        "type": "Point",
        "coordinates": [
          -65.4101962,
          -24.7289758
        ]
      },
      "id": "node/8719949706"
    },
    {
      "type": "Feature",
      "properties": {
        "@id": "node/8964090533",
        "leisure": "playground"
      },
      "geometry": {
        "type": "Point",
        "coordinates": [
          -65.3925943,
          -24.7759909
        ]
      },
      "id": "node/8964090533"
    },
    {
      "type": "Feature",
      "properties": {
        "@id": "node/9416764317",
        "amenity": "toilets"
      },
      "geometry": {
        "type": "Point",
        "coordinates": [
          -65.4127065,
          -24.7870375
        ]
      },
      "id": "node/9416764317"
    },
    {
      "type": "Feature",
      "properties": {
        "@id": "node/9586331603",
        "highway": "traffic_signals",
        "traffic_signals": "signal"
      },
      "geometry": {
        "type": "Point",
        "coordinates": [
          -65.3724372,
          -24.7971469
        ]
      },
      "id": "node/9586331603"
    },
    {
      "type": "Feature",
      "properties": {
        "@id": "node/9586331604",
        "highway": "traffic_signals",
        "traffic_signals": "signal"
      },
      "geometry": {
        "type": "Point",
        "coordinates": [
          -65.3727649,
          -24.7973323
        ]
      },
      "id": "node/9586331604"
    },
    {
      "type": "Feature",
      "properties": {
        "@id": "node/9586331605",
        "highway": "traffic_signals",
        "traffic_signals": "signal"
      },
      "geometry": {
        "type": "Point",
        "coordinates": [
          -65.3726723,
          -24.7971474
        ]
      },
      "id": "node/9586331605"
    },
    {
      "type": "Feature",
      "properties": {
        "@id": "node/10701817550",
        "highway": "traffic_signals",
        "traffic_signals": "signal",
        "traffic_signals:direction": "forward"
      },
      "geometry": {
        "type": "Point",
        "coordinates": [
          -65.4118918,
          -24.7567751
        ]
      },
      "id": "node/10701817550"
    },
    {
      "type": "Feature",
      "properties": {
        "@id": "node/10749403849",
        "leisure": "park",
        "name": "Plaza Don Martín Miguel de Guemes"
      },
      "geometry": {
        "type": "Point",
        "coordinates": [
          -65.4110903,
          -24.7829188
        ]
      },
      "id": "node/10749403849"
    },
    {
      "type": "Feature",
      "properties": {
        "@id": "node/11322461213",
        "highway": "traffic_signals",
        "traffic_signals": "signal"
      },
      "geometry": {
        "type": "Point",
        "coordinates": [
          -65.395758,
          -24.8159452
        ]
      },
      "id": "node/11322461213"
    },
    {
      "type": "Feature",
      "properties": {
        "@id": "node/11374900370",
        "addr:housenumber": "367",
        "addr:postcode": "4400",
        "addr:street": "Juramento",
        "amenity": "post_office",
        "name": "Correo Andreani",
        "opening_hours": "Mo-Fr 08:00-18:00; Sa 08:00-13:00",
        "website": "https://www.andreani.com/#!/personas"
      },
      "geometry": {
        "type": "Point",
        "coordinates": [
          -65.4039977,
          -24.7860232
        ]
      },
      "id": "node/11374900370"
    },
    {
      "type": "Feature",
      "properties": {
        "@id": "node/11449410633",
        "highway": "traffic_signals",
        "traffic_signals": "traffic_lights",
        "traffic_signals:direction": "backward"
      },
      "geometry": {
        "type": "Point",
        "coordinates": [
          -65.4323115,
          -24.7795482
        ]
      },
      "id": "node/11449410633"
    },
    {
      "type": "Feature",
      "properties": {
        "@id": "node/11449410635",
        "highway": "traffic_signals",
        "traffic_signals": "signal",
        "traffic_signals:direction": "backward"
      },
      "geometry": {
        "type": "Point",
        "coordinates": [
          -65.4322464,
          -24.7795746
        ]
      },
      "id": "node/11449410635"
    },
    {
      "type": "Feature",
      "properties": {
        "@id": "node/11551701813",
        "amenity": "library",
        "fee": "no",
        "level": "1",
        "name": "Monseñor Miguel Angel Vergara",
        "opening_hours": "Tu-Fr 09:00-12:00,15:00-19:00"
      },
      "geometry": {
        "type": "Point",
        "coordinates": [
          -65.4087074,
          -24.7901499
        ]
      },
      "id": "node/11551701813"
    },
    {
      "type": "Feature",
      "properties": {
        "@id": "node/11796270123",
        "amenity": "place_of_worship",
        "name": "Iglesia de Jesucristo de los Santos de los Últimos Días",
        "religion": "christian"
      },
      "geometry": {
        "type": "Point",
        "coordinates": [
          -65.4436999,
          -24.8480048
        ]
      },
      "id": "node/11796270123"
    },
    {
      "type": "Feature",
      "properties": {
        "@id": "node/11796299680",
        "addr:city": "Salta",
        "addr:postcode": "4400",
        "addr:street": "Ivonne Retamoso de Íñiguez",
        "amenity": "place_of_worship",
        "name": "Parroquia Encarnacion Del Verbo",
        "religion": "christian"
      },
      "geometry": {
        "type": "Point",
        "coordinates": [
          -65.4341129,
          -24.8546322
        ]
      },
      "id": "node/11796299680"
    },
    {
      "type": "Feature",
      "properties": {
        "@id": "node/11808143245",
        "addr:city": "Salta",
        "addr:postcode": "4400",
        "addr:street": "Ecuador",
        "amenity": "place_of_worship",
        "name": "La Iglesia de Jesucristo de los Santos de los Últimos Días",
        "religion": "christian"
      },
      "geometry": {
        "type": "Point",
        "coordinates": [
          -65.3760197,
          -24.8083502
        ]
      },
      "id": "node/11808143245"
    },
    {
      "type": "Feature",
      "properties": {
        "@id": "node/11808143302",
        "amenity": "place_of_worship",
        "name": "Santa Lucía",
        "religion": "christian"
      },
      "geometry": {
        "type": "Point",
        "coordinates": [
          -65.440544,
          -24.8082754
        ]
      },
      "id": "node/11808143302"
    },
    {
      "type": "Feature",
      "properties": {
        "@id": "node/11808143303",
        "addr:city": "Salta",
        "addr:postcode": "4400",
        "addr:street": "Avenida Santa Olivia",
        "amenity": "place_of_worship",
        "name": "La Iglesia de Jesucristo de los Santos de los Últimos Días",
        "religion": "christian"
      },
      "geometry": {
        "type": "Point",
        "coordinates": [
          -65.4396267,
          -24.8101044
        ]
      },
      "id": "node/11808143303"
    },
    {
      "type": "Feature",
      "properties": {
        "@id": "node/11823030481",
        "addr:city": "Salta",
        "addr:housenumber": "1100",
        "addr:postcode": "4400",
        "addr:street": "Felipe Varela",
        "amenity": "place_of_worship",
        "contact:facebook": "https://www.facebook.com/p/Vicaria-San-Fco-Solano-100064724377403/",
        "email": "elianaemolinas@gmail.com",
        "name": "Vicaria San Francisco Solano",
        "phone": "+54 387 5293648",
        "religion": "christian"
      },
      "geometry": {
        "type": "Point",
        "coordinates": [
          -65.3892233,
          -24.8285843
        ]
      },
      "id": "node/11823030481"
    },
    {
      "type": "Feature",
      "properties": {
        "@id": "node/11826416433",
        "addr:city": "Salta",
        "addr:full": "Aristene Papi 1350 – Barrio La Loma",
        "addr:housenumber": "1350",
        "addr:postcode": "4400",
        "addr:street": "Arístene Papi",
        "amenity": "place_of_worship",
        "contact:facebook": "https://www.facebook.com/vicaria.guadalupe.35",
        "name": "Nuestra Señora de Guadalupe",
        "official_name": "Vicaria Nuestra Señora de Guadalupe",
        "religion": "christian"
      },
      "geometry": {
        "type": "Point",
        "coordinates": [
          -65.4367098,
          -24.7710347
        ]
      },
      "id": "node/11826416433"
    },
    {
      "type": "Feature",
      "properties": {
        "@id": "node/11826416446",
        "addr:city": "Salta",
        "addr:full": "Avda. Di Pascuo 3590 esq. Costa Azul – Las Costas – Salta",
        "addr:housenumber": "3590",
        "addr:postcode": "4400",
        "addr:street": "Coronel Miguel de Pascuo",
        "amenity": "place_of_worship",
        "name": "Vicaria Nuestra Señora de las Lágrimas",
        "religion": "christian"
      },
      "geometry": {
        "type": "Point",
        "coordinates": [
          -65.4526694,
          -24.7796167
        ]
      },
      "id": "node/11826416446"
    },
    {
      "type": "Feature",
      "properties": {
        "@id": "node/11826416447",
        "addr:city": "Salta",
        "addr:postcode": "4400",
        "addr:street": "Chamical",
        "amenity": "place_of_worship",
        "name": "La Iglesia de Jesucristo de los Santos de los Últimos Días",
        "religion": "christian"
      },
      "geometry": {
        "type": "Point",
        "coordinates": [
          -65.4553466,
          -24.7780024
        ]
      },
      "id": "node/11826416447"
    },
    {
      "type": "Feature",
      "properties": {
        "@id": "node/11826422210",
        "addr:city": "Salta",
        "addr:full": "Álvarez Thomas 969/989 Barrio Grand Bourg A4410DJD",
        "addr:postcode": "4400",
        "addr:street": "Ignacio Álvarez Thomas",
        "amenity": "place_of_worship",
        "name": "Parroquía María Inmaculada",
        "official_name": "Vacaría María Inmaculada",
        "religion": "christian"
      },
      "geometry": {
        "type": "Point",
        "coordinates": [
          -65.4447791,
          -24.7762821
        ]
      },
      "id": "node/11826422210"
    },
    {
      "type": "Feature",
      "properties": {
        "@id": "node/11826447772",
        "addr:city": "Salta",
        "addr:postcode": "4400",
        "addr:street": "San Francisco de Asís",
        "amenity": "place_of_worship",
        "name": "Capilla San Silvestre",
        "official_name": "Vicaría San Silvestre",
        "religion": "christian"
      },
      "geometry": {
        "type": "Point",
        "coordinates": [
          -65.448836,
          -24.7833403
        ]
      },
      "id": "node/11826447772"
    },
    {
      "type": "Feature",
      "properties": {
        "@id": "node/11832960517",
        "addr:city": "Salta",
        "addr:postcode": "4400",
        "addr:street": "Junín",
        "amenity": "place_of_worship",
        "name": "La Iglesia de Jesucristo de los Santos de los Últimos Día",
        "religion": "christian"
      },
      "geometry": {
        "type": "Point",
        "coordinates": [
          -65.4282802,
          -24.7776444
        ]
      },
      "id": "node/11832960517"
    },
    {
      "type": "Feature",
      "properties": {
        "@id": "node/11850654344",
        "highway": "traffic_signals",
        "traffic_signals": "signal"
      },
      "geometry": {
        "type": "Point",
        "coordinates": [
          -65.3993264,
          -24.7947228
        ]
      },
      "id": "node/11850654344"
    },
    {
      "type": "Feature",
      "properties": {
        "@id": "node/11973660513",
        "amenity": "place_of_worship",
        "name": "Parroquía Santa Rita",
        "religion": "christian"
      },
      "geometry": {
        "type": "Point",
        "coordinates": [
          -65.4043397,
          -24.7546729
        ]
      },
      "id": "node/11973660513"
    },
    {
      "type": "Feature",
      "properties": {
        "@id": "node/12254111085",
        "addr:city": "Salta",
        "addr:housenumber": "26",
        "addr:postcode": "4400",
        "addr:street": "Los Inciensos",
        "fee": "yes",
        "leisure": "sports_centre",
        "name": "Vivi Dib Ashur Natación",
        "sport": "swimming"
      },
      "geometry": {
        "type": "Point",
        "coordinates": [
          -65.394327,
          -24.7702522
        ]
      },
      "id": "node/12254111085"
    },
    {
      "type": "Feature",
      "properties": {
        "@id": "node/12259994732",
        "highway": "traffic_signals",
        "traffic_signals": "signal"
      },
      "geometry": {
        "type": "Point",
        "coordinates": [
          -65.3984242,
          -24.7963239
        ]
      },
      "id": "node/12259994732"
    },
    {
      "type": "Feature",
      "properties": {
        "@id": "node/12260394360",
        "highway": "traffic_signals",
        "traffic_signals": "signal"
      },
      "geometry": {
        "type": "Point",
        "coordinates": [
          -65.4093311,
          -24.8280131
        ]
      },
      "id": "node/12260394360"
    },
    {
      "type": "Feature",
      "properties": {
        "@id": "node/12873412807",
        "leisure": "park",
        "name": "Paseo Lucrecia Barquet"
      },
      "geometry": {
        "type": "Point",
        "coordinates": [
          -65.4008661,
          -24.7939925
        ]
      },
      "id": "node/12873412807"
    },
    {
      "type": "Feature",
      "properties": {
        "@id": "node/12873412817",
        "amenity": "recycling",
        "recycling_type": "centre"
      },
      "geometry": {
        "type": "Point",
        "coordinates": [
          -65.4020383,
          -24.7940559
        ]
      },
      "id": "node/12873412817"
    },
    {
      "type": "Feature",
      "properties": {
        "@id": "node/12873412819",
        "leisure": "park",
        "name": "Plazoleta Cuzco",
        "opening_hours": "Mo-Su 07:00-22:00"
      },
      "geometry": {
        "type": "Point",
        "coordinates": [
          -65.4024172,
          -24.7939118
        ]
      },
      "id": "node/12873412819"
    },
    {
      "type": "Feature",
      "properties": {
        "@id": "node/12873412820",
        "leisure": "park",
        "name": "Paseo de la Diversidad"
      },
      "geometry": {
        "type": "Point",
        "coordinates": [
          -65.4026144,
          -24.7935035
        ]
      },
      "id": "node/12873412820"
    },
    {
      "type": "Feature",
      "properties": {
        "@id": "node/12873412824",
        "leisure": "park",
        "name": "Paseo de la Memoria"
      },
      "geometry": {
        "type": "Point",
        "coordinates": [
          -65.4012273,
          -24.7936767
        ]
      },
      "id": "node/12873412824"
    },
    {
      "type": "Feature",
      "properties": {
        "@id": "node/12873752400",
        "leisure": "playground",
        "opening_hours": "Mo-Su 07:00-22:00"
      },
      "geometry": {
        "type": "Point",
        "coordinates": [
          -65.4042742,
          -24.7935402
        ]
      },
      "id": "node/12873752400"
    },
    {
      "type": "Feature",
      "properties": {
        "@id": "node/12873870165",
        "leisure": "playground"
      },
      "geometry": {
        "type": "Point",
        "coordinates": [
          -65.4028212,
          -24.7951994
        ]
      },
      "id": "node/12873870165"
    },
    {
      "type": "Feature",
      "properties": {
        "@id": "node/12873870174",
        "leisure": "playground"
      },
      "geometry": {
        "type": "Point",
        "coordinates": [
          -65.4040685,
          -24.7947923
        ]
      },
      "id": "node/12873870174"
    },
    {
      "type": "Feature",
      "properties": {
        "@id": "node/12874282588",
        "leisure": "playground"
      },
      "geometry": {
        "type": "Point",
        "coordinates": [
          -65.4052077,
          -24.7948179
        ]
      },
      "id": "node/12874282588"
    },
    {
      "type": "Feature",
      "properties": {
        "@id": "node/12874282590",
        "leisure": "playground"
      },
      "geometry": {
        "type": "Point",
        "coordinates": [
          -65.4049597,
          -24.7946924
        ]
      },
      "id": "node/12874282590"
    },
    {
      "type": "Feature",
      "properties": {
        "@id": "node/12874282592",
        "leisure": "playground"
      },
      "geometry": {
        "type": "Point",
        "coordinates": [
          -65.4052499,
          -24.7943858
        ]
      },
      "id": "node/12874282592"
    },
    {
      "type": "Feature",
      "properties": {
        "@id": "node/12874338414",
        "leisure": "playground"
      },
      "geometry": {
        "type": "Point",
        "coordinates": [
          -65.4054329,
          -24.7946315
        ]
      },
      "id": "node/12874338414"
    },
    {
      "type": "Feature",
      "properties": {
        "@id": "node/12874338489",
        "leisure": "playground"
      },
      "geometry": {
        "type": "Point",
        "coordinates": [
          -65.404135,
          -24.7960777
        ]
      },
      "id": "node/12874338489"
    },
    {
      "type": "Feature",
      "properties": {
        "@id": "node/12874634213",
        "leisure": "playground"
      },
      "geometry": {
        "type": "Point",
        "coordinates": [
          -65.4062238,
          -24.794611
        ]
      },
      "id": "node/12874634213"
    },
    {
      "type": "Feature",
      "properties": {
        "@id": "node/12874634305",
        "leisure": "playground"
      },
      "geometry": {
        "type": "Point",
        "coordinates": [
          -65.4081302,
          -24.7940453
        ]
      },
      "id": "node/12874634305"
    },
    {
      "type": "Feature",
      "properties": {
        "@id": "node/12875844273",
        "leisure": "playground"
      },
      "geometry": {
        "type": "Point",
        "coordinates": [
          -65.4036118,
          -24.7949905
        ]
      },
      "id": "node/12875844273"
    },
    {
      "type": "Feature",
      "properties": {
        "@id": "node/12877511702",
        "access": "yes",
        "amenity": "toilets"
      },
      "geometry": {
        "type": "Point",
        "coordinates": [
          -65.4016756,
          -24.7937851
        ]
      },
      "id": "node/12877511702"
    },
    {
      "type": "Feature",
      "properties": {
        "@id": "node/12877511783",
        "name": "Mirador",
        "tourism": "viewpoint"
      },
      "geometry": {
        "type": "Point",
        "coordinates": [
          -65.3900867,
          -24.7984655
        ]
      },
      "id": "node/12877511783"
    },
    {
      "type": "Feature",
      "properties": {
        "@id": "node/12884512143",
        "leisure": "playground"
      },
      "geometry": {
        "type": "Point",
        "coordinates": [
          -65.4156855,
          -24.773866
        ]
      },
      "id": "node/12884512143"
    },
    {
      "type": "Feature",
      "properties": {
        "@id": "node/12886803227",
        "leisure": "playground"
      },
      "geometry": {
        "type": "Point",
        "coordinates": [
          -65.425894,
          -24.7804126
        ]
      },
      "id": "node/12886803227"
    },
    {
      "type": "Feature",
      "properties": {
        "@id": "node/12886803234",
        "leisure": "playground"
      },
      "geometry": {
        "type": "Point",
        "coordinates": [
          -65.4256346,
          -24.780515
        ]
      },
      "id": "node/12886803234"
    },
    {
      "type": "Feature",
      "properties": {
        "@id": "node/12886803235",
        "leisure": "playground"
      },
      "geometry": {
        "type": "Point",
        "coordinates": [
          -65.4258797,
          -24.7805701
        ]
      },
      "id": "node/12886803235"
    },
    {
      "type": "Feature",
      "properties": {
        "@id": "node/12887630886",
        "leisure": "playground"
      },
      "geometry": {
        "type": "Point",
        "coordinates": [
          -65.3989991,
          -24.7975805
        ]
      },
      "id": "node/12887630886"
    },
    {
      "type": "Feature",
      "properties": {
        "@id": "node/12887932923",
        "amenity": "toilets"
      },
      "geometry": {
        "type": "Point",
        "coordinates": [
          -65.4029512,
          -24.7800893
        ]
      },
      "id": "node/12887932923"
    },
    {
      "type": "Feature",
      "properties": {
        "@id": "node/12889336125",
        "leisure": "park",
        "name": "Plaza Doctor Bernardo Frías"
      },
      "geometry": {
        "type": "Point",
        "coordinates": [
          -65.3982507,
          -24.7627501
        ]
      },
      "id": "node/12889336125"
    },
    {
      "type": "Feature",
      "properties": {
        "@id": "node/12893847203",
        "highway": "traffic_signals"
      },
      "geometry": {
        "type": "Point",
        "coordinates": [
          -65.4239692,
          -24.7803282
        ]
      },
      "id": "node/12893847203"
    },
    {
      "type": "Feature",
      "properties": {
        "@id": "node/13241688513",
        "leisure": "playground"
      },
      "geometry": {
        "type": "Point",
        "coordinates": [
          -65.3921995,
          -24.7954313
        ]
      },
      "id": "node/13241688513"
    },
    {
      "type": "Feature",
      "properties": {
        "@id": "node/13301566901",
        "amenity": "drinking_water",
        "name": "av. autodromo. tapia"
      },
      "geometry": {
        "type": "Point",
        "coordinates": [
          -65.3725029,
          -24.7947813
        ]
      },
      "id": "node/13301566901"
    }
  ]
}