{
  "type": "FeatureCollection",
  "generator": "overpass-turbo",
  "copyright": "The data included in this document is from www.openstreetmap.org. The data is made available under ODbL.",
  "timestamp": "2026-10-08T18:51:50Z",
  "features": [
    {
      "type": "Feature",
      "properties": {
        "@id": "node/272176609",
        "amenity": "fuel",
        "brand": "YPF",
        "brand:wikidata": "Q2006989",
        "fuel:diesel": "yes",
        "fuel:octane_95": "yes",
        "fuel:octane_98": "yes",
        "name": "YPF",
        "operator": "ESTACION VISION SRL"
      },
      "geometry": {
        "type": "Point",
        "coordinates": [
          -65.3962743,
          -24.7955053
        ]
      },
      "id": "node/272176609"
    },
    {
      "type": "Feature",
      "properties": {
        "@id": "node/272176827",
        "addr:city": "Salta",
        "addr:housenumber": "3500",
        "addr:postcode": "4400",
        "addr:street": "Avenida Bolivia",
        "amenity": "fuel",
        "brand": "YPF",
        "brand:wikidata": "Q2006989",
        "brand:wikipedia": "es:YPF",
        "fuel:cng": "yes",
        "fuel:diesel": "yes",
        "fuel:octane_95": "yes",
        "fuel:octane_98": "yes",
        "name": "YPF",
        "operator": "MAGNETO S.R.L."
      },
      "geometry": {
        "type": "Point",
        "coordinates": [
          -65.4115803,
          -24.7460963
        ]
      },
      "id": "node/272176827"
    },
    {
      "type": "Feature",
      "properties": {
        "@id": "node/272176830",
        "addr:city": "Salta",
        "addr:housenumber": "4",
        "addr:postcode": "A4400",
        "addr:street": "General Martín Miguel de Güemes",
        "amenity": "fuel",
        "brand": "YPF",
        "brand:wikidata": "Q2006989",
        "compressed_air": "yes",
        "fuel:cng": "yes",
        "fuel:diesel": "yes",
        "fuel:octane_95": "yes",
        "fuel:octane_98": "yes",
        "name": "YPF",
        "opening_hours": "24/7",
        "operator": "FLORENCIA S.R.L.",
        "phone": "+54 387 244 5379",
        "self_service": "no",
        "website": "https://www.ypf.com/"
      },
      "geometry": {
        "type": "Point",
        "coordinates": [
          -65.40282,
          -24.78667
        ]
      },
      "id": "node/272176830"
    },
    {
      "type": "Feature",
      "properties": {
        "@id": "node/1167269944",
        "addr:city": "Salta",
        "addr:housenumber": "295",
        "addr:postcode": "4400",
        "addr:street": "General Martín Miguel de Güemes",
        "amenity": "police",
        "check_date": "2026-02-16",
        "name": "Comisaría Primera",
        "operator": "Policía De La Provincia De Salta",
        "phone": "+54 387 421 2222"
      },
      "geometry": {
        "type": "Point",
        "coordinates": [
          -65.4084325,
          -24.7866844
        ]
      },
      "id": "node/1167269944"
    },
    {
      "type": "Feature",
      "properties": {
        "@id": "node/1167270097",
        "amenity": "bar",
        "name": "Bar del MAAM"
      },
      "geometry": {
        "type": "Point",
        "coordinates": [
          -65.4109258,
          -24.7889615
        ]
      },
      "id": "node/1167270097"
    },
    {
      "type": "Feature",
      "properties": {
        "@id": "node/1169013956",
        "addr:city": "Salta",
        "addr:housenumber": "646",
        "addr:street": "Rudecindo Alvarado",
        "name": "Hotel Posada del Sol",
        "phone": "+54 387 431 7300",
        "tourism": "hotel",
        "website": "http://www.hotelposadadelsol.com",
        "wheelchair": "yes"
      },
      "geometry": {
        "type": "Point",
        "coordinates": [
          -65.4105659,
          -24.791033
        ]
      },
      "id": "node/1169013956"
    },
    {
      "type": "Feature",
      "properties": {
        "@id": "node/1176386782",
        "amenity": "fast_food",
        "name": "Bigotes"
      },
      "geometry": {
        "type": "Point",
        "coordinates": [
          -65.4020737,
          -24.7881882
        ]
      },
      "id": "node/1176386782"
    },
    {
      "type": "Feature",
      "properties": {
        "@id": "node/1176386843",
        "amenity": "fast_food",
        "name": "El Nacional"
      },
      "geometry": {
        "type": "Point",
        "coordinates": [
          -65.4026762,
          -24.7872509
        ]
      },
      "id": "node/1176386843"
    },
    {
      "type": "Feature",
      "properties": {
        "@id": "node/1194373385",
        "addr:housenumber": "1798",
        "addr:street": "Avenida Entre Ríos",
        "amenity": "cafe",
        "cuisine": "coffee_shop",
        "name": "Crocante"
      },
      "geometry": {
        "type": "Point",
        "coordinates": [
          -65.4268457,
          -24.7800183
        ]
      },
      "id": "node/1194373385"
    },
    {
      "type": "Feature",
      "properties": {
        "@id": "node/1194395386",
        "amenity": "cafe",
        "cuisine": "regional",
        "name": "el buen gusto"
      },
      "geometry": {
        "type": "Point",
        "coordinates": [
          -65.4093033,
          -24.7761848
        ]
      },
      "id": "node/1194395386"
    },
    {
      "type": "Feature",
      "properties": {
        "@id": "node/1260435045",
        "name": "Alejandro I",
        "tourism": "hotel"
      },
      "geometry": {
        "type": "Point",
        "coordinates": [
          -65.4119854,
          -24.7868418
        ]
      },
      "id": "node/1260435045"
    },
    {
      "type": "Feature",
      "properties": {
        "@id": "node/1345855500",
        "addr:housenumber": "1",
        "addr:postcode": "4400",
        "addr:street": "Luis Burela",
        "amenity": "restaurant",
        "name": "La Casona del Molino",
        "phone": "+54 387 434 2835"
      },
      "geometry": {
        "type": "Point",
        "coordinates": [
          -65.4369962,
          -24.787919
        ]
      },
      "id": "node/1345855500"
    },
    {
      "type": "Feature",
      "properties": {
        "@id": "node/1387597768",
        "shop": "convenience"
      },
      "geometry": {
        "type": "Point",
        "coordinates": [
          -65.404704,
          -24.7965907
        ]
      },
      "id": "node/1387597768"
    },
    {
      "type": "Feature",
      "properties": {
        "@id": "node/1390751792",
        "amenity": "fuel",
        "brand": "YPF",
        "fuel:cng": "yes",
        "fuel:diesel": "yes",
        "fuel:octane_95": "yes",
        "fuel:octane_98": "yes",
        "operator": "PETRASOL S.R.L."
      },
      "geometry": {
        "type": "Point",
        "coordinates": [
          -65.3961458,
          -24.8083591
        ]
      },
      "id": "node/1390751792"
    },
    {
      "type": "Feature",
      "properties": {
        "@id": "node/1430932403",
        "addr:housename": "Avenida Virrey Toledo",
        "addr:housenumber": "702",
        "amenity": "restaurant",
        "int_name": "Alto Noa Shopping Center",
        "name": "Alto Noa Shopping Center"
      },
      "geometry": {
        "type": "Point",
        "coordinates": [
          -65.4021304,
          -24.7808091
        ]
      },
      "id": "node/1430932403"
    },
    {
      "type": "Feature",
      "properties": {
        "@id": "node/1512454455",
        "name": "Hotel Salta",
        "tourism": "hotel"
      },
      "geometry": {
        "type": "Point",
        "coordinates": [
          -65.4096108,
          -24.7900238
        ]
      },
      "id": "node/1512454455"
    },
    {
      "type": "Feature",
      "properties": {
        "@id": "node/1512454459",
        "amenity": "bank",
        "atm": "yes",
        "brand": "Santander",
        "brand:wikidata": "Q3385268",
        "brand:wikipedia": "es:Banco Santander (Argentina)",
        "check_date": "2026-06-14",
        "name": "Santander",
        "old_name": "Santander Río",
        "website": "https://www.santander.com.ar"
      },
      "geometry": {
        "type": "Point",
        "coordinates": [
          -65.4115935,
          -24.7885444
        ]
      },
      "id": "node/1512454459"
    },
    {
      "type": "Feature",
      "properties": {
        "@id": "node/1512454460",
        "amenity": "bank",
        "atm": "yes",
        "brand": "Galicia",
        "brand:wikidata": "Q5717952",
        "brand:wikipedia": "es:Banco Galicia",
        "check_date": "2026-06-14",
        "name": "Galicia"
      },
      "geometry": {
        "type": "Point",
        "coordinates": [
          -65.4124024,
          -24.7883401
        ]
      },
      "id": "node/1512454460"
    },
    {
      "type": "Feature",
      "properties": {
        "@id": "node/1512454465",
        "amenity": "bank",
        "brand": "Galicia",
        "brand:wikidata": "Q5717952",
        "brand:wikipedia": "es:Banco Galicia",
        "name": "Galicia"
      },
      "geometry": {
        "type": "Point",
        "coordinates": [
          -65.412567,
          -24.7895687
        ]
      },
      "id": "node/1512454465"
    },
    {
      "type": "Feature",
      "properties": {
        "@id": "node/1512454468",
        "name": "Hotel Victoria Plaza",
        "tourism": "hotel"
      },
      "geometry": {
        "type": "Point",
        "coordinates": [
          -65.4095796,
          -24.7895472
        ]
      },
      "id": "node/1512454468"
    },
    {
      "type": "Feature",
      "properties": {
        "@id": "node/1512454479",
        "name": "Hotel Regidor",
        "tourism": "hotel"
      },
      "geometry": {
        "type": "Point",
        "coordinates": [
          -65.4097808,
          -24.790104
        ]
      },
      "id": "node/1512454479"
    },
    {
      "type": "Feature",
      "properties": {
        "@id": "node/1512454481",
        "addr:city": "Salta",
        "addr:postcode": "4400",
        "addr:street": "Facundo de Zuviría",
        "email": "reservas@saltahotelcolonial.com.ar",
        "internet_access": "wlan",
        "name": "Hotel Colonial",
        "phone": "+54 (387) 4310805; +54 (387) 4211740; +54 (387) 4314249",
        "tourism": "hotel",
        "website": "https://saltahotelcolonial.com.ar/"
      },
      "geometry": {
        "type": "Point",
        "coordinates": [
          -65.4095797,
          -24.7897546
        ]
      },
      "id": "node/1512454481"
    },
    {
      "type": "Feature",
      "properties": {
        "@id": "node/1512454483",
        "amenity": "bank",
        "atm": "yes",
        "check_date": "2026-06-14",
        "name": "Banco MasVentas"
      },
      "geometry": {
        "type": "Point",
        "coordinates": [
          -65.4111404,
          -24.788494
        ]
      },
      "id": "node/1512454483"
    },
    {
      "type": "Feature",
      "properties": {
        "@id": "node/1512454486",
        "amenity": "atm",
        "brand": "Banco Macro"
      },
      "geometry": {
        "type": "Point",
        "coordinates": [
          -65.4095693,
          -24.7891375
        ]
      },
      "id": "node/1512454486"
    },
    {
      "type": "Feature",
      "properties": {
        "@id": "node/1512454487",
        "amenity": "school",
        "name": "Colegio de Jesús"
      },
      "geometry": {
        "type": "Point",
        "coordinates": [
          -65.4114487,
          -24.7864194
        ]
      },
      "id": "node/1512454487"
    },
    {
      "type": "Feature",
      "properties": {
        "@id": "node/1512454488",
        "amenity": "restaurant",
        "check_date": "2026-02-08",
        "cuisine": "pizza",
        "name": "Pipa´s"
      },
      "geometry": {
        "type": "Point",
        "coordinates": [
          -65.4111418,
          -24.7901525
        ]
      },
      "id": "node/1512454488"
    },
    {
      "type": "Feature",
      "properties": {
        "@id": "node/1512454490",
        "amenity": "school",
        "name": "Escuela Zorrilla"
      },
      "geometry": {
        "type": "Point",
        "coordinates": [
          -65.4139151,
          -24.789364
        ]
      },
      "id": "node/1512454490"
    },
    {
      "type": "Feature",
      "properties": {
        "@id": "node/1513597211",
        "amenity": "police",
        "name": "Sub Comisaría Barrio San Remo"
      },
      "geometry": {
        "type": "Point",
        "coordinates": [
          -65.4236581,
          -24.8293012
        ]
      },
      "id": "node/1513597211"
    },
    {
      "type": "Feature",
      "properties": {
        "@id": "node/1551398763",
        "name": "Cumbre",
        "tourism": "hotel"
      },
      "geometry": {
        "type": "Point",
        "coordinates": [
          -65.4142748,
          -24.7968642
        ]
      },
      "id": "node/1551398763"
    },
    {
      "type": "Feature",
      "properties": {
        "@id": "node/1559491312",
        "amenity": "fuel",
        "brand": "YPF",
        "fuel:cng": "yes",
        "fuel:diesel": "yes",
        "fuel:octane_95": "yes",
        "fuel:octane_98": "yes",
        "operator": "SERVISUR S.R.L."
      },
      "geometry": {
        "type": "Point",
        "coordinates": [
          -65.4337878,
          -24.8411649
        ]
      },
      "id": "node/1559491312"
    },
    {
      "type": "Feature",
      "properties": {
        "@id": "node/1791241445",
        "amenity": "atm",
        "check_date": "2024-01-24"
      },
      "geometry": {
        "type": "Point",
        "coordinates": [
          -65.4159649,
          -24.7822094
        ]
      },
      "id": "node/1791241445"
    },
    {
      "type": "Feature",
      "properties": {
        "@id": "node/1871784889",
        "amenity": "pharmacy",
        "dispensing": "no",
        "healthcare": "pharmacy"
      },
      "geometry": {
        "type": "Point",
        "coordinates": [
          -65.4130156,
          -24.7895851
        ]
      },
      "id": "node/1871784889"
    },
    {
      "type": "Feature",
      "properties": {
        "@id": "node/1871784906",
        "amenity": "pharmacy",
        "healthcare": "pharmacy",
        "name": "Farmar"
      },
      "geometry": {
        "type": "Point",
        "coordinates": [
          -65.411685,
          -24.7909473
        ]
      },
      "id": "node/1871784906"
    },
    {
      "type": "Feature",
      "properties": {
        "@id": "node/1871784910",
        "amenity": "pharmacy",
        "dispensing": "no",
        "healthcare": "pharmacy"
      },
      "geometry": {
        "type": "Point",
        "coordinates": [
          -65.4109792,
          -24.7935119
        ]
      },
      "id": "node/1871784910"
    },
    {
      "type": "Feature",
      "properties": {
        "@id": "node/1880511841",
        "addr:city": "Salta",
        "addr:housenumber": "444",
        "addr:postcode": "4400",
        "addr:street": "Buenos Aires",
        "internet_access": "wlan",
        "name": "Hotel Samka",
        "tourism": "hotel",
        "website": "http://hotelsamka.com"
      },
      "geometry": {
        "type": "Point",
        "coordinates": [
          -65.4102921,
          -24.7953511
        ]
      },
      "id": "node/1880511841"
    },
    {
      "type": "Feature",
      "properties": {
        "@id": "node/1913609302",
        "internet_access": "wlan",
        "name": "Che Quara",
        "source": "survey",
        "tourism": "hostel"
      },
      "geometry": {
        "type": "Point",
        "coordinates": [
          -65.4043656,
          -24.7856067
        ]
      },
      "id": "node/1913609302"
    },
    {
      "type": "Feature",
      "properties": {
        "@id": "node/1991225494",
        "amenity": "fuel",
        "brand": "Axion",
        "fuel:cng": "yes",
        "fuel:octane_95": "yes",
        "fuel:octane_98": "yes",
        "name": "Axion",
        "operator": "OCTANO S.R.L."
      },
      "geometry": {
        "type": "Point",
        "coordinates": [
          -65.4235226,
          -24.8130113
        ]
      },
      "id": "node/1991225494"
    },
    {
      "type": "Feature",
      "properties": {
        "@id": "node/2042815084",
        "contact:instagram": "hotelhuaico.coloniabp",
        "name": "Hotel Huaico",
        "tourism": "hotel"
      },
      "geometry": {
        "type": "Point",
        "coordinates": [
          -65.4121123,
          -24.7386384
        ]
      },
      "id": "node/2042815084"
    },
    {
      "type": "Feature",
      "properties": {
        "@id": "node/2068445554",
        "bench": "no",
        "bus": "yes",
        "check_date:bench": "2023-10-12",
        "highway": "bus_stop",
        "local_ref": "2B",
        "public_transport": "platform",
        "shelter": "yes",
        "tactile_paving": "no"
      },
      "geometry": {
        "type": "Point",
        "coordinates": [
          -65.4103602,
          -24.7830942
        ]
      },
      "id": "node/2068445554"
    },
    {
      "type": "Feature",
      "properties": {
        "@id": "node/2068445557",
        "bus": "yes",
        "highway": "bus_stop",
        "local_ref": "1B",
        "public_transport": "platform"
      },
      "geometry": {
        "type": "Point",
        "coordinates": [
          -65.4115901,
          -24.7836433
        ]
      },
      "id": "node/2068445557"
    },
    {
      "type": "Feature",
      "properties": {
        "@id": "node/2068477158",
        "bus": "yes",
        "highway": "bus_stop",
        "local_ref": "4A",
        "public_transport": "platform"
      },
      "geometry": {
        "type": "Point",
        "coordinates": [
          -65.4131247,
          -24.7809544
        ]
      },
      "id": "node/2068477158"
    },
    {
      "type": "Feature",
      "properties": {
        "@id": "node/2068477162",
        "bus": "yes",
        "highway": "bus_stop",
        "local_ref": "4A",
        "public_transport": "platform",
        "shelter": "no"
      },
      "geometry": {
        "type": "Point",
        "coordinates": [
          -65.4089815,
          -24.7812346
        ]
      },
      "id": "node/2068477162"
    },
    {
      "type": "Feature",
      "properties": {
        "@id": "node/2068477165",
        "bus": "yes",
        "highway": "bus_stop",
        "local_ref": "4A",
        "public_transport": "platform"
      },
      "geometry": {
        "type": "Point",
        "coordinates": [
          -65.4145845,
          -24.7838637
        ]
      },
      "id": "node/2068477165"
    },
    {
      "type": "Feature",
      "properties": {
        "@id": "node/2068477171",
        "bus": "yes",
        "highway": "bus_stop",
        "local_ref": "4A",
        "public_transport": "platform"
      },
      "geometry": {
        "type": "Point",
        "coordinates": [
          -65.4149283,
          -24.7871896
        ]
      },
      "id": "node/2068477171"
    },
    {
      "type": "Feature",
      "properties": {
        "@id": "node/2068477174",
        "bus": "yes",
        "highway": "bus_stop",
        "local_ref": "4A",
        "public_transport": "platform"
      },
      "geometry": {
        "type": "Point",
        "coordinates": [
          -65.4080644,
          -24.7874455
        ]
      },
      "id": "node/2068477174"
    },
    {
      "type": "Feature",
      "properties": {
        "@id": "node/2068477177",
        "bus": "yes",
        "highway": "bus_stop",
        "local_ref": "4A",
        "public_transport": "platform"
      },
      "geometry": {
        "type": "Point",
        "coordinates": [
          -65.401861,
          -24.7911994
        ]
      },
      "id": "node/2068477177"
    },
    {
      "type": "Feature",
      "properties": {
        "@id": "node/2068477181",
        "bus": "yes",
        "highway": "bus_stop",
        "local_ref": "4A",
        "public_transport": "platform"
      },
      "geometry": {
        "type": "Point",
        "coordinates": [
          -65.4152692,
          -24.7916926
        ]
      },
      "id": "node/2068477181"
    },
    {
      "type": "Feature",
      "properties": {
        "@id": "node/2068477184",
        "bus": "yes",
        "highway": "bus_stop",
        "local_ref": "4A",
        "public_transport": "platform"
      },
      "geometry": {
        "type": "Point",
        "coordinates": [
          -65.4146251,
          -24.793225
        ]
      },
      "id": "node/2068477184"
    },
    {
      "type": "Feature",
      "properties": {
        "@id": "node/2068477187",
        "bus": "yes",
        "highway": "bus_stop",
        "local_ref": "4A",
        "public_transport": "platform"
      },
      "geometry": {
        "type": "Point",
        "coordinates": [
          -65.4098147,
          -24.7937876
        ]
      },
      "id": "node/2068477187"
    },
    {
      "type": "Feature",
      "properties": {
        "@id": "node/2068477196",
        "bus": "yes",
        "highway": "bus_stop",
        "local_ref": "4A",
        "public_transport": "platform"
      },
      "geometry": {
        "type": "Point",
        "coordinates": [
          -65.4043273,
          -24.7940422
        ]
      },
      "id": "node/2068477196"
    },
    {
      "type": "Feature",
      "properties": {
        "@id": "node/2068477199",
        "bus": "yes",
        "highway": "bus_stop",
        "local_ref": "4A",
        "public_transport": "platform"
      },
      "geometry": {
        "type": "Point",
        "coordinates": [
          -65.4170552,
          -24.7948566
        ]
      },
      "id": "node/2068477199"
    },
    {
      "type": "Feature",
      "properties": {
        "@id": "node/2068477202",
        "bus": "yes",
        "highway": "bus_stop",
        "local_ref": "4A",
        "public_transport": "platform"
      },
      "geometry": {
        "type": "Point",
        "coordinates": [
          -65.4156324,
          -24.7949263
        ]
      },
      "id": "node/2068477202"
    },
    {
      "type": "Feature",
      "properties": {
        "@id": "node/2071066600",
        "addr:housenumber": "330",
        "addr:street": "Coronel Francisco de Uriondo",
        "name": "Hotel Sheraton",
        "toilets:wheelchair": "yes",
        "tourism": "hotel",
        "wheelchair": "yes"
      },
      "geometry": {
        "type": "Point",
        "coordinates": [
          -65.3983904,
          -24.7854375
        ]
      },
      "id": "node/2071066600"
    },
    {
      "type": "Feature",
      "properties": {
        "@id": "node/2078825370",
        "amenity": "fuel",
        "brand": "Shell",
        "brand:wikidata": "Q110716465",
        "fuel:cng": "yes",
        "fuel:diesel": "yes",
        "fuel:octane_95": "yes",
        "fuel:octane_98": "yes",
        "name": "Shell",
        "operator": "MONTERO JOSE S.A.C.A.F.I.E.I."
      },
      "geometry": {
        "type": "Point",
        "coordinates": [
          -65.3969913,
          -24.7956759
        ]
      },
      "id": "node/2078825370"
    },
    {
      "type": "Feature",
      "properties": {
        "@id": "node/2079097752",
        "bus": "yes",
        "highway": "bus_stop",
        "public_transport": "platform",
        "ref": "6A"
      },
      "geometry": {
        "type": "Point",
        "coordinates": [
          -65.410359,
          -24.7272263
        ]
      },
      "id": "node/2079097752"
    },
    {
      "type": "Feature",
      "properties": {
        "@id": "node/2080105893",
        "amenity": "school",
        "name": "Colegio del Milagro"
      },
      "geometry": {
        "type": "Point",
        "coordinates": [
          -65.4083873,
          -24.7919749
        ]
      },
      "id": "node/2080105893"
    },
    {
      "type": "Feature",
      "properties": {
        "@id": "node/2081357165",
        "amenity": "pharmacy",
        "healthcare": "pharmacy",
        "name": "Del Valle"
      },
      "geometry": {
        "type": "Point",
        "coordinates": [
          -65.3988411,
          -24.7951072
        ]
      },
      "id": "node/2081357165"
    },
    {
      "type": "Feature",
      "properties": {
        "@id": "node/2083421871",
        "amenity": "parking"
      },
      "geometry": {
        "type": "Point",
        "coordinates": [
          -65.4132927,
          -24.7872422
        ]
      },
      "id": "node/2083421871"
    },
    {
      "type": "Feature",
      "properties": {
        "@id": "node/2083515187",
        "amenity": "hospital",
        "healthcare": "hospital",
        "name": "Clínica Santa Clara de Asís"
      },
      "geometry": {
        "type": "Point",
        "coordinates": [
          -65.4159506,
          -24.7918506
        ]
      },
      "id": "node/2083515187"
    },
    {
      "type": "Feature",
      "properties": {
        "@id": "node/2083515205",
        "amenity": "pharmacy",
        "healthcare": "pharmacy"
      },
      "geometry": {
        "type": "Point",
        "coordinates": [
          -65.4140961,
          -24.7927317
        ]
      },
      "id": "node/2083515205"
    },
    {
      "type": "Feature",
      "properties": {
        "@id": "node/2087560314",
        "addr:city": "Salta",
        "addr:housenumber": "502",
        "addr:postcode": "A4400",
        "addr:street": "España",
        "amenity": "cafe",
        "internet_access": "wlan",
        "name": "Van Gogh",
        "opening_hours": "Mo-Su 07:00-01:00"
      },
      "geometry": {
        "type": "Point",
        "coordinates": [
          -65.4096822,
          -24.7886051
        ]
      },
      "id": "node/2087560314"
    },
    {
      "type": "Feature",
      "properties": {
        "@id": "node/2087560317",
        "amenity": "cafe",
        "name": "Bar del MAC"
      },
      "geometry": {
        "type": "Point",
        "coordinates": [
          -65.4095336,
          -24.7888868
        ]
      },
      "id": "node/2087560317"
    },
    {
      "type": "Feature",
      "properties": {
        "@id": "node/2117000672",
        "name": "Premier",
        "tourism": "hotel"
      },
      "geometry": {
        "type": "Point",
        "coordinates": [
          -65.4167356,
          -24.7932621
        ]
      },
      "id": "node/2117000672"
    },
    {
      "type": "Feature",
      "properties": {
        "@id": "node/2117000677",
        "name": "El Alcazar",
        "tourism": "hostel"
      },
      "geometry": {
        "type": "Point",
        "coordinates": [
          -65.4124582,
          -24.7888676
        ]
      },
      "id": "node/2117000677"
    },
    {
      "type": "Feature",
      "properties": {
        "@id": "node/2117000694",
        "name": "Backpackers' Suites",
        "tourism": "hostel"
      },
      "geometry": {
        "type": "Point",
        "coordinates": [
          -65.4175385,
          -24.7920336
        ]
      },
      "id": "node/2117000694"
    },
    {
      "type": "Feature",
      "properties": {
        "@id": "node/2117000701",
        "name": "Crystal",
        "tourism": "hotel"
      },
      "geometry": {
        "type": "Point",
        "coordinates": [
          -65.4114445,
          -24.792189
        ]
      },
      "id": "node/2117000701"
    },
    {
      "type": "Feature",
      "properties": {
        "@id": "node/2117057667",
        "amenity": "restaurant"
      },
      "geometry": {
        "type": "Point",
        "coordinates": [
          -65.4111012,
          -24.7893715
        ]
      },
      "id": "node/2117057667"
    },
    {
      "type": "Feature",
      "properties": {
        "@id": "node/2117057670",
        "amenity": "restaurant"
      },
      "geometry": {
        "type": "Point",
        "coordinates": [
          -65.4112353,
          -24.7787033
        ]
      },
      "id": "node/2117057670"
    },
    {
      "type": "Feature",
      "properties": {
        "@id": "node/2117057671",
        "amenity": "restaurant"
      },
      "geometry": {
        "type": "Point",
        "coordinates": [
          -65.4114365,
          -24.7893107
        ]
      },
      "id": "node/2117057671"
    },
    {
      "type": "Feature",
      "properties": {
        "@id": "node/2117057673",
        "amenity": "restaurant",
        "name": "El Andén de las Nubes"
      },
      "geometry": {
        "type": "Point",
        "coordinates": [
          -65.4110924,
          -24.777653
        ]
      },
      "id": "node/2117057673"
    },
    {
      "type": "Feature",
      "properties": {
        "@id": "node/2117057685",
        "amenity": "restaurant",
        "name": "Adelina"
      },
      "geometry": {
        "type": "Point",
        "coordinates": [
          -65.4112992,
          -24.7797105
        ]
      },
      "id": "node/2117057685"
    },
    {
      "type": "Feature",
      "properties": {
        "@id": "node/2117057687",
        "amenity": "restaurant",
        "name": "Café del Tiempo"
      },
      "geometry": {
        "type": "Point",
        "coordinates": [
          -65.4114928,
          -24.7784307
        ]
      },
      "id": "node/2117057687"
    },
    {
      "type": "Feature",
      "properties": {
        "@id": "node/2117057695",
        "amenity": "restaurant",
        "name": "Ibiza"
      },
      "geometry": {
        "type": "Point",
        "coordinates": [
          -65.4111803,
          -24.7784519
        ]
      },
      "id": "node/2117057695"
    },
    {
      "type": "Feature",
      "properties": {
        "@id": "node/2117057702",
        "amenity": "restaurant",
        "check_date": "2026-02-08",
        "name": "New Time"
      },
      "geometry": {
        "type": "Point",
        "coordinates": [
          -65.411136,
          -24.7896954
        ]
      },
      "id": "node/2117057702"
    },
    {
      "type": "Feature",
      "properties": {
        "@id": "node/2117057709",
        "amenity": "restaurant"
      },
      "geometry": {
        "type": "Point",
        "coordinates": [
          -65.411104,
          -24.7893277
        ]
      },
      "id": "node/2117057709"
    },
    {
      "type": "Feature",
      "properties": {
        "@id": "node/2117067433",
        "amenity": "bank",
        "atm": "yes",
        "name": "Galicia Más",
        "old_name": "HSBC",
        "operator": "Grupo Financiero Galicia",
        "website": "https://www.galiciamas.com.ar/",
        "wikidata": "Q130642790",
        "wikipedia": "es:Galicia Más"
      },
      "geometry": {
        "type": "Point",
        "coordinates": [
          -65.4120131,
          -24.7883976
        ]
      },
      "id": "node/2117067433"
    },
    {
      "type": "Feature",
      "properties": {
        "@id": "node/2118016409",
        "amenity": "police"
      },
      "geometry": {
        "type": "Point",
        "coordinates": [
          -65.4458351,
          -24.7759028
        ]
      },
      "id": "node/2118016409"
    },
    {
      "type": "Feature",
      "properties": {
        "@id": "node/2118016410",
        "addr:city": "Salta",
        "addr:postcode": "4400",
        "addr:street": "Avenida Manuel Belgrano",
        "name": "Hotel La Giralda",
        "tourism": "hotel"
      },
      "geometry": {
        "type": "Point",
        "coordinates": [
          -65.4115452,
          -24.7877686
        ]
      },
      "id": "node/2118016410"
    },
    {
      "type": "Feature",
      "properties": {
        "@id": "node/2118016413",
        "amenity": "pharmacy",
        "healthcare": "pharmacy"
      },
      "geometry": {
        "type": "Point",
        "coordinates": [
          -65.4415173,
          -24.7691517
        ]
      },
      "id": "node/2118016413"
    },
    {
      "type": "Feature",
      "properties": {
        "@id": "node/2118016415",
        "amenity": "atm",
        "network": "Link"
      },
      "geometry": {
        "type": "Point",
        "coordinates": [
          -65.4418708,
          -24.7692934
        ]
      },
      "id": "node/2118016415"
    },
    {
      "type": "Feature",
      "properties": {
        "@id": "node/2118016418",
        "amenity": "cafe"
      },
      "geometry": {
        "type": "Point",
        "coordinates": [
          -65.4418494,
          -24.7691863
        ]
      },
      "id": "node/2118016418"
    },
    {
      "type": "Feature",
      "properties": {
        "@id": "node/2118016428",
        "amenity": "cafe"
      },
      "geometry": {
        "type": "Point",
        "coordinates": [
          -65.4425146,
          -24.7741691
        ]
      },
      "id": "node/2118016428"
    },
    {
      "type": "Feature",
      "properties": {
        "@id": "node/2118016435",
        "amenity": "restaurant"
      },
      "geometry": {
        "type": "Point",
        "coordinates": [
          -65.4421128,
          -24.769186
        ]
      },
      "id": "node/2118016435"
    },
    {
      "type": "Feature",
      "properties": {
        "@id": "node/2118016436",
        "amenity": "atm",
        "network": "Banelco"
      },
      "geometry": {
        "type": "Point",
        "coordinates": [
          -65.4414041,
          -24.7692545
        ]
      },
      "id": "node/2118016436"
    },
    {
      "type": "Feature",
      "properties": {
        "@id": "node/2118115148",
        "amenity": "pharmacy",
        "healthcare": "pharmacy"
      },
      "geometry": {
        "type": "Point",
        "coordinates": [
          -65.4140132,
          -24.7933988
        ]
      },
      "id": "node/2118115148"
    },
    {
      "type": "Feature",
      "properties": {
        "@id": "node/2124600839",
        "highway": "bus_stop",
        "name": "6B 7AB"
      },
      "geometry": {
        "type": "Point",
        "coordinates": [
          -65.4078867,
          -24.7726244
        ]
      },
      "id": "node/2124600839"
    },
    {
      "type": "Feature",
      "properties": {
        "@id": "node/2124602856",
        "addr:housenumber": "1998",
        "addr:street": "Avenida Juan Domingo Perón",
        "amenity": "restaurant",
        "cuisine": "argentinian",
        "internet_access": "wlan",
        "name": "Roque Garcia Espacio Gourmet"
      },
      "geometry": {
        "type": "Point",
        "coordinates": [
          -65.4292854,
          -24.7793264
        ]
      },
      "id": "node/2124602856"
    },
    {
      "type": "Feature",
      "properties": {
        "@id": "node/2124603629",
        "addr:city": "Salta",
        "addr:housenumber": "801",
        "addr:postcode": "4400",
        "addr:street": "Juan Martín Leguizamón",
        "amenity": "cafe",
        "cuisine": "coffee_shop",
        "name": "La Martina Panaderia"
      },
      "geometry": {
        "type": "Point",
        "coordinates": [
          -65.4133034,
          -24.783618
        ]
      },
      "id": "node/2124603629"
    },
    {
      "type": "Feature",
      "properties": {
        "@id": "node/2124603631",
        "addr:city": "Salta",
        "addr:housenumber": "799",
        "addr:postcode": "4400",
        "addr:street": "Juan Martín Leguizamón",
        "description": "Venta de huevos",
        "name": "Huevos K",
        "shop": "convenience"
      },
      "geometry": {
        "type": "Point",
        "coordinates": [
          -65.4130202,
          -24.7836524
        ]
      },
      "id": "node/2124603631"
    },
    {
      "type": "Feature",
      "properties": {
        "@id": "node/2124604966",
        "addr:city": "Salta",
        "addr:street": "Lavalle",
        "amenity": "bar",
        "check_date": "2026-02-17",
        "name": "Bier",
        "name:es": "Bier"
      },
      "geometry": {
        "type": "Point",
        "coordinates": [
          -65.4026887,
          -24.7915222
        ]
      },
      "id": "node/2124604966"
    },
    {
      "type": "Feature",
      "properties": {
        "@id": "node/2124643822",
        "addr:city": "Salta",
        "addr:postcode": "4400",
        "addr:street": "Manuel Antonio Castro",
        "name": "Design Suites Salta",
        "phone": "+54 11 4896-6340",
        "tourism": "hotel",
        "website": "https://www.designsuites.com/salta.php"
      },
      "geometry": {
        "type": "Point",
        "coordinates": [
          -65.4129637,
          -24.7870013
        ]
      },
      "id": "node/2124643822"
    },
    {
      "type": "Feature",
      "properties": {
        "@id": "node/2124643823",
        "name": "Altos de Balcarce",
        "tourism": "hotel"
      },
      "geometry": {
        "type": "Point",
        "coordinates": [
          -65.4117741,
          -24.7804926
        ]
      },
      "id": "node/2124643823"
    },
    {
      "type": "Feature",
      "properties": {
        "@id": "node/2124643824",
        "building": "hotel",
        "building:levels": "5",
        "name": "Ayres de Salta Hotel",
        "tourism": "hotel"
      },
      "geometry": {
        "type": "Point",
        "coordinates": [
          -65.41129,
          -24.7864217
        ]
      },
      "id": "node/2124643824"
    },
    {
      "type": "Feature",
      "properties": {
        "@id": "node/2124643825",
        "name": "General Güemes",
        "tourism": "hotel"
      },
      "geometry": {
        "type": "Point",
        "coordinates": [
          -65.4091228,
          -24.7885649
        ]
      },
      "id": "node/2124643825"
    },
    {
      "type": "Feature",
      "properties": {
        "@id": "node/2124643826",
        "name": "Cumbre",
        "tourism": "hotel"
      },
      "geometry": {
        "type": "Point",
        "coordinates": [
          -65.4146913,
          -24.7967995
        ]
      },
      "id": "node/2124643826"
    },
    {
      "type": "Feature",
      "properties": {
        "@id": "node/2124643827",
        "name": "Amerian Salta Hotel",
        "tourism": "hotel"
      },
      "geometry": {
        "type": "Point",
        "coordinates": [
          -65.404327,
          -24.7921782
        ]
      },
      "id": "node/2124643827"
    },
    {
      "type": "Feature",
      "properties": {
        "@id": "node/2124643829",
        "name": "Ghala",
        "tourism": "hotel"
      },
      "geometry": {
        "type": "Point",
        "coordinates": [
          -65.4072669,
          -24.7921536
        ]
      },
      "id": "node/2124643829"
    },
    {
      "type": "Feature",
      "properties": {
        "@id": "node/2124643830",
        "name": "Shauard",
        "tourism": "hotel"
      },
      "geometry": {
        "type": "Point",
        "coordinates": [
          -65.4165926,
          -24.7929916
        ]
      },
      "id": "node/2124643830"
    },
    {
      "type": "Feature",
      "properties": {
        "@id": "node/2124643831",
        "name": "Alto Parque",
        "tourism": "hotel"
      },
      "geometry": {
        "type": "Point",
        "coordinates": [
          -65.4067141,
          -24.7937951
        ]
      },
      "id": "node/2124643831"
    },
    {
      "type": "Feature",
      "properties": {
        "@id": "node/2124643832",
        "addr:housenumber": "950",
        "addr:postcode": "A4400",
        "addr:street": "Rudecindo Alvarado",
        "internet_access": "wlan",
        "name": "Wilson",
        "tourism": "hotel",
        "website": "https://wilsonhotel.com.ar/"
      },
      "geometry": {
        "type": "Point",
        "coordinates": [
          -65.4145515,
          -24.7906734
        ]
      },
      "id": "node/2124643832"
    },
    {
      "type": "Feature",
      "properties": {
        "@id": "node/2124643833",
        "addr:housenumber": "172",
        "addr:street": "Buenos Aires",
        "name": "Hotel Marilian",
        "tourism": "hotel"
      },
      "geometry": {
        "type": "Point",
        "coordinates": [
          -65.4099247,
          -24.7921371
        ]
      },
      "id": "node/2124643833"
    },
    {
      "type": "Feature",
      "properties": {
        "@id": "node/2124643834",
        "name": "Portal de Salta",
        "tourism": "hotel"
      },
      "geometry": {
        "type": "Point",
        "coordinates": [
          -65.4062689,
          -24.7915256
        ]
      },
      "id": "node/2124643834"
    },
    {
      "type": "Feature",
      "properties": {
        "@id": "node/2124643835",
        "name": "Presidente Plaza",
        "tourism": "hotel"
      },
      "geometry": {
        "type": "Point",
        "coordinates": [
          -65.4136342,
          -24.7895027
        ]
      },
      "id": "node/2124643835"
    },
    {
      "type": "Feature",
      "properties": {
        "@id": "node/2124643837",
        "addr:housenumber": "669",
        "addr:street": "Juan Martín Leguizamón",
        "name": "Solar de la Plaza",
        "tourism": "hotel"
      },
      "geometry": {
        "type": "Point",
        "coordinates": [
          -65.4113865,
          -24.783792
        ]
      },
      "id": "node/2124643837"
    },
    {
      "type": "Feature",
      "properties": {
        "@id": "node/2124643838",
        "addr:housenumber": "1",
        "addr:street": "Av Turistica",
        "name": "Portezuelo Hotel",
        "tourism": "hotel",
        "website": "https://portezuelo.com.ar/"
      },
      "geometry": {
        "type": "Point",
        "coordinates": [
          -65.3911361,
          -24.7947948
        ]
      },
      "id": "node/2124643838"
    },
    {
      "type": "Feature",
      "properties": {
        "@id": "node/2124643839",
        "name": "Las Vegas",
        "tourism": "hotel"
      },
      "geometry": {
        "type": "Point",
        "coordinates": [
          -65.4140097,
          -24.7906054
        ]
      },
      "id": "node/2124643839"
    },
    {
      "type": "Feature",
      "properties": {
        "@id": "node/2124651280",
        "name": "Cristian",
        "tourism": "hotel"
      },
      "geometry": {
        "type": "Point",
        "coordinates": [
          -65.4183207,
          -24.7914572
        ]
      },
      "id": "node/2124651280"
    },
    {
      "type": "Feature",
      "properties": {
        "@id": "node/2124651283",
        "name": "Andalucía",
        "tourism": "hotel"
      },
      "geometry": {
        "type": "Point",
        "coordinates": [
          -65.411703,
          -24.7980029
        ]
      },
      "id": "node/2124651283"
    },
    {
      "type": "Feature",
      "properties": {
        "@id": "node/2124651286",
        "name": "Casablanca",
        "tourism": "hotel"
      },
      "geometry": {
        "type": "Point",
        "coordinates": [
          -65.4081679,
          -24.7853213
        ]
      },
      "id": "node/2124651286"
    },
    {
      "type": "Feature",
      "properties": {
        "@id": "node/2124651289",
        "email": "info@continentalsalta.com",
        "internet_access": "wlan",
        "name": "Continental",
        "phone": "+54 387 431 1083",
        "tourism": "hotel",
        "website": "https://www.continentalsalta.com/"
      },
      "geometry": {
        "type": "Point",
        "coordinates": [
          -65.400199,
          -24.7937804
        ]
      },
      "id": "node/2124651289"
    },
    {
      "type": "Feature",
      "properties": {
        "@id": "node/2124657193",
        "name": "Posada del Marqués",
        "tourism": "hotel"
      },
      "geometry": {
        "type": "Point",
        "coordinates": [
          -65.408412,
          -24.792401
        ]
      },
      "id": "node/2124657193"
    },
    {
      "type": "Feature",
      "properties": {
        "@id": "node/2124657195",
        "name": "Del Virrey",
        "tourism": "hotel"
      },
      "geometry": {
        "type": "Point",
        "coordinates": [
          -65.4131246,
          -24.7845472
        ]
      },
      "id": "node/2124657195"
    },
    {
      "type": "Feature",
      "properties": {
        "@id": "node/2124657198",
        "name": "Charbel",
        "tourism": "hotel"
      },
      "geometry": {
        "type": "Point",
        "coordinates": [
          -65.4144553,
          -24.794686
        ]
      },
      "id": "node/2124657198"
    },
    {
      "type": "Feature",
      "properties": {
        "@id": "node/2124657200",
        "name": "Mirador del Cerro",
        "tourism": "hotel"
      },
      "geometry": {
        "type": "Point",
        "coordinates": [
          -65.4021115,
          -24.7915354
        ]
      },
      "id": "node/2124657200"
    },
    {
      "type": "Feature",
      "properties": {
        "@id": "node/2124657203",
        "name": "OCY",
        "tourism": "hotel"
      },
      "geometry": {
        "type": "Point",
        "coordinates": [
          -65.4059465,
          -24.7920421
        ]
      },
      "id": "node/2124657203"
    },
    {
      "type": "Feature",
      "properties": {
        "@id": "node/2124657205",
        "name": "Empleados de Farmacia",
        "tourism": "hotel"
      },
      "geometry": {
        "type": "Point",
        "coordinates": [
          -65.3999496,
          -24.7940873
        ]
      },
      "id": "node/2124657205"
    },
    {
      "type": "Feature",
      "properties": {
        "@id": "node/2124657207",
        "name": "La Beltraneja",
        "tourism": "hotel"
      },
      "geometry": {
        "type": "Point",
        "coordinates": [
          -65.4302097,
          -24.788399
        ]
      },
      "id": "node/2124657207"
    },
    {
      "type": "Feature",
      "properties": {
        "@id": "node/2124657210",
        "name": "Del Pilar",
        "tourism": "hotel"
      },
      "geometry": {
        "type": "Point",
        "coordinates": [
          -65.4312234,
          -24.7869134
        ]
      },
      "id": "node/2124657210"
    },
    {
      "type": "Feature",
      "properties": {
        "@id": "node/2124657212",
        "name": "Los Pinos",
        "tourism": "hotel"
      },
      "geometry": {
        "type": "Point",
        "coordinates": [
          -65.4165581,
          -24.791521
        ]
      },
      "id": "node/2124657212"
    },
    {
      "type": "Feature",
      "properties": {
        "@id": "node/2129162675",
        "amenity": "pharmacy",
        "healthcare": "pharmacy"
      },
      "geometry": {
        "type": "Point",
        "coordinates": [
          -65.4005814,
          -24.7921073
        ]
      },
      "id": "node/2129162675"
    },
    {
      "type": "Feature",
      "properties": {
        "@id": "node/2129167262",
        "amenity": "pharmacy",
        "healthcare": "pharmacy"
      },
      "geometry": {
        "type": "Point",
        "coordinates": [
          -65.406916,
          -24.7911833
        ]
      },
      "id": "node/2129167262"
    },
    {
      "type": "Feature",
      "properties": {
        "@id": "node/2129202002",
        "amenity": "clinic",
        "healthcare": "clinic",
        "name": "Sanatorio Parque"
      },
      "geometry": {
        "type": "Point",
        "coordinates": [
          -65.4003826,
          -24.7935719
        ]
      },
      "id": "node/2129202002"
    },
    {
      "type": "Feature",
      "properties": {
        "@id": "node/2147501589",
        "brand": "Carrefour",
        "brand:wikidata": "Q217599",
        "brand:wikipedia": "fr:Carrefour (enseigne)",
        "name": "Carrefour",
        "shop": "supermarket"
      },
      "geometry": {
        "type": "Point",
        "coordinates": [
          -65.4021482,
          -24.7812015
        ]
      },
      "id": "node/2147501589"
    },
    {
      "type": "Feature",
      "properties": {
        "@id": "node/2177772060",
        "bus": "yes",
        "highway": "bus_stop",
        "public_transport": "platform"
      },
      "geometry": {
        "type": "Point",
        "coordinates": [
          -65.3795691,
          -24.8083782
        ]
      },
      "id": "node/2177772060"
    },
    {
      "type": "Feature",
      "properties": {
        "@id": "node/2177773412",
        "bus": "yes",
        "highway": "bus_stop",
        "public_transport": "platform"
      },
      "geometry": {
        "type": "Point",
        "coordinates": [
          -65.3786571,
          -24.8075991
        ]
      },
      "id": "node/2177773412"
    },
    {
      "type": "Feature",
      "properties": {
        "@id": "node/2183198369",
        "addr:city": "Salta",
        "addr:housenumber": "512",
        "addr:street": "España",
        "amenity": "bar",
        "cuisine": "breakfast;coffee_shop;sandwich;argentinian",
        "name": "Monaco",
        "name:en": "Monaco"
      },
      "geometry": {
        "type": "Point",
        "coordinates": [
          -65.4097904,
          -24.7885991
        ]
      },
      "id": "node/2183198369"
    },
    {
      "type": "Feature",
      "properties": {
        "@id": "node/2183199303",
        "amenity": "restaurant",
        "name": "Victoria Plaza"
      },
      "geometry": {
        "type": "Point",
        "coordinates": [
          -65.4095744,
          -24.7896523
        ]
      },
      "id": "node/2183199303"
    },
    {
      "type": "Feature",
      "properties": {
        "@id": "node/2183253155",
        "addr:housenumber": "747",
        "addr:street": "Avenida Entre Ríos",
        "amenity": "restaurant"
      },
      "geometry": {
        "type": "Point",
        "coordinates": [
          -65.4118655,
          -24.7817243
        ]
      },
      "id": "node/2183253155"
    },
    {
      "type": "Feature",
      "properties": {
        "@id": "node/2183267681",
        "addr:housenumber": "601",
        "addr:street": "Bartolomé Mitre",
        "amenity": "cafe",
        "name": "Café y Bar Los Tribunales"
      },
      "geometry": {
        "type": "Point",
        "coordinates": [
          -65.4105029,
          -24.7823063
        ]
      },
      "id": "node/2183267681"
    },
    {
      "type": "Feature",
      "properties": {
        "@id": "node/2183303892",
        "name": "El Palacio Escondido",
        "tourism": "hotel"
      },
      "geometry": {
        "type": "Point",
        "coordinates": [
          -65.4007209,
          -24.7809718
        ]
      },
      "id": "node/2183303892"
    },
    {
      "type": "Feature",
      "properties": {
        "@id": "node/2241506577",
        "addr:street": "Bartolomé Mitre",
        "name": "Casa Real",
        "tourism": "hotel"
      },
      "geometry": {
        "type": "Point",
        "coordinates": [
          -65.4104959,
          -24.7816492
        ]
      },
      "id": "node/2241506577"
    },
    {
      "type": "Feature",
      "properties": {
        "@id": "node/2241517354",
        "amenity": "pharmacy",
        "healthcare": "pharmacy"
      },
      "geometry": {
        "type": "Point",
        "coordinates": [
          -65.4123073,
          -24.7880697
        ]
      },
      "id": "node/2241517354"
    },
    {
      "type": "Feature",
      "properties": {
        "@id": "node/2241536070",
        "addr:street": "Peatonal Juan Bautista Alberdi",
        "amenity": "fast_food",
        "brand": "McDonald's",
        "brand:wikidata": "Q38076",
        "brand:wikipedia": "es:McDonald's",
        "check_date": "2026-02-08",
        "cuisine": "burger",
        "name": "McDonald's",
        "name:es": "McDonald's",
        "takeaway": "yes"
      },
      "geometry": {
        "type": "Point",
        "coordinates": [
          -65.4109661,
          -24.7901622
        ]
      },
      "id": "node/2241536070"
    },
    {
      "type": "Feature",
      "properties": {
        "@id": "node/2261843920",
        "amenity": "fuel",
        "brand": "Refinor",
        "fuel:cng": "yes",
        "fuel:diesel": "yes",
        "fuel:octane_95": "yes",
        "fuel:octane_98": "yes",
        "name": "Refinor",
        "opening_hours": "Su-Fr 07:00-23:00; Sa 00:00-24:00+",
        "operator": "MERPE S.R.L."
      },
      "geometry": {
        "type": "Point",
        "coordinates": [
          -65.41182,
          -24.75764
        ]
      },
      "id": "node/2261843920"
    },
    {
      "type": "Feature",
      "properties": {
        "@id": "node/2279007253",
        "name": "Hostel Huayruro",
        "tourism": "hostel"
      },
      "geometry": {
        "type": "Point",
        "coordinates": [
          -65.4084004,
          -24.7934087
        ]
      },
      "id": "node/2279007253"
    },
    {
      "type": "Feature",
      "properties": {
        "@id": "node/2363359629",
        "addr:housenumber": "1126",
        "addr:street": "Avenida San Martín",
        "amenity": "restaurant",
        "contact:instagram": "bolichebalderrama",
        "cuisine": "regional",
        "name": "Boliche Balderrama"
      },
      "geometry": {
        "type": "Point",
        "coordinates": [
          -65.4190209,
          -24.7928287
        ]
      },
      "id": "node/2363359629"
    },
    {
      "type": "Feature",
      "properties": {
        "@id": "node/2390525954",
        "amenity": "fuel",
        "brand": "YPF",
        "brand:wikidata": "Q2006989",
        "brand:wikipedia": "es:YPF",
        "fuel:cng": "yes",
        "fuel:diesel": "yes",
        "fuel:octane_95": "yes",
        "fuel:octane_98": "yes",
        "name": "YPF",
        "operator": "SERVIGAS S.R.L."
      },
      "geometry": {
        "type": "Point",
        "coordinates": [
          -65.4497171,
          -24.8384734
        ]
      },
      "id": "node/2390525954"
    },
    {
      "type": "Feature",
      "properties": {
        "@id": "node/2390527264",
        "amenity": "fuel",
        "brand": "Shell",
        "fuel:cng": "yes",
        "operator": "EL CONVOY S.R.L."
      },
      "geometry": {
        "type": "Point",
        "coordinates": [
          -65.4300377,
          -24.8287434
        ]
      },
      "id": "node/2390527264"
    },
    {
      "type": "Feature",
      "properties": {
        "@id": "node/2390530208",
        "amenity": "fuel",
        "brand": "YPF",
        "fuel:cng": "yes",
        "fuel:diesel": "yes",
        "fuel:octane_91": "yes",
        "fuel:octane_95": "yes",
        "fuel:octane_98": "yes",
        "operator": "EL CHANGO S.R.L."
      },
      "geometry": {
        "type": "Point",
        "coordinates": [
          -65.4198929,
          -24.805913
        ]
      },
      "id": "node/2390530208"
    },
    {
      "type": "Feature",
      "properties": {
        "@id": "node/2445307248",
        "bus": "yes",
        "highway": "bus_stop",
        "operator": "3A",
        "public_transport": "platform",
        "shelter": "no"
      },
      "geometry": {
        "type": "Point",
        "coordinates": [
          -65.4427488,
          -24.7785878
        ]
      },
      "id": "node/2445307248"
    },
    {
      "type": "Feature",
      "properties": {
        "@id": "node/2465937922",
        "addr:city": "Salta",
        "addr:housenumber": "1502",
        "addr:postcode": "4400",
        "addr:street": "Juan Martín Leguizamón",
        "name": "La Cordobesa",
        "shop": "supermarket"
      },
      "geometry": {
        "type": "Point",
        "coordinates": [
          -65.4230289,
          -24.7827704
        ]
      },
      "id": "node/2465937922"
    },
    {
      "type": "Feature",
      "properties": {
        "@id": "node/2471659941",
        "amenity": "police",
        "name": "Comisaría Del Sol"
      },
      "geometry": {
        "type": "Point",
        "coordinates": [
          -65.3914272,
          -24.8186417
        ]
      },
      "id": "node/2471659941"
    },
    {
      "type": "Feature",
      "properties": {
        "@id": "node/2537454962",
        "amenity": "police",
        "name": "Comisaría 10ma"
      },
      "geometry": {
        "type": "Point",
        "coordinates": [
          -65.3978664,
          -24.8291416
        ]
      },
      "id": "node/2537454962"
    },
    {
      "type": "Feature",
      "properties": {
        "@id": "node/2553354187",
        "amenity": "cafe",
        "brand": "Bonafide",
        "brand:wikidata": "Q62122746",
        "cuisine": "coffee_shop",
        "internet_access": "yes",
        "name": "Bonafide",
        "takeaway": "yes"
      },
      "geometry": {
        "type": "Point",
        "coordinates": [
          -65.4131697,
          -24.7849595
        ]
      },
      "id": "node/2553354187"
    },
    {
      "type": "Feature",
      "properties": {
        "@id": "node/2559834855",
        "addr:street": "Córdoba",
        "internet_access": "wlan",
        "name": "la andalusia",
        "name:en": "El Andaluz",
        "name:es": "El Andaluz",
        "name:fr": "El Andaluz",
        "opening_hours": "24/7",
        "tourism": "hostel"
      },
      "geometry": {
        "type": "Point",
        "coordinates": [
          -65.4083963,
          -24.792373
        ]
      },
      "id": "node/2559834855"
    },
    {
      "type": "Feature",
      "properties": {
        "@id": "node/2619617200",
        "amenity": "restaurant",
        "cuisine": "regional",
        "name": "El viejo Jack"
      },
      "geometry": {
        "type": "Point",
        "coordinates": [
          -65.4023742,
          -24.7886516
        ]
      },
      "id": "node/2619617200"
    },
    {
      "type": "Feature",
      "properties": {
        "@id": "node/2941933817",
        "addr:city": "Salta",
        "addr:housenumber": "427",
        "addr:street": "Justo José de Urquiza",
        "name": "Hotel Bonarda",
        "phone": "+54 387 4215786",
        "smoking": "no",
        "tourism": "hotel",
        "website": "https://www.hotelbonarda.com/"
      },
      "geometry": {
        "type": "Point",
        "coordinates": [
          -65.408999,
          -24.7926699
        ]
      },
      "id": "node/2941933817"
    },
    {
      "type": "Feature",
      "properties": {
        "@id": "node/2958079320",
        "addr:housenumber": "48",
        "addr:street": "Peatonal Florida",
        "brand": "Vea",
        "brand:wikidata": "Q5858167",
        "brand:wikipedia": "es:Vea (supermercado)",
        "name": "Vea Cencosud",
        "opening_hours": "Mo-Sa 08:00-22:00; Su 09:00-21:00",
        "shop": "supermarket"
      },
      "geometry": {
        "type": "Point",
        "coordinates": [
          -65.4125319,
          -24.7902846
        ]
      },
      "id": "node/2958079320"
    },
    {
      "type": "Feature",
      "properties": {
        "@id": "node/2958079321",
        "addr:housenumber": "37",
        "addr:postcode": "A4400",
        "addr:street": "20 de Febrero",
        "brand": "Carrefour",
        "brand:wikidata": "Q217599",
        "brand:wikipedia": "fr:Carrefour (enseigne)",
        "internet_access": "wlan",
        "name": "Carrefour",
        "opening_hours": "Mo-Sa 08:00-22:00; Su 09:00-21:00",
        "shop": "supermarket",
        "website": "https://www.carrefour.com.ar/"
      },
      "geometry": {
        "type": "Point",
        "coordinates": [
          -65.4138539,
          -24.7890394
        ]
      },
      "id": "node/2958079321"
    },
    {
      "type": "Feature",
      "properties": {
        "@id": "node/3032513573",
        "amenity": "restaurant",
        "name": "Crunch"
      },
      "geometry": {
        "type": "Point",
        "coordinates": [
          -65.4093189,
          -24.8035862
        ]
      },
      "id": "node/3032513573"
    },
    {
      "type": "Feature",
      "properties": {
        "@id": "node/3125311107",
        "amenity": "police",
        "name": "Destacamento Policial Villa Palacios"
      },
      "geometry": {
        "type": "Point",
        "coordinates": [
          -65.4296264,
          -24.8104355
        ]
      },
      "id": "node/3125311107"
    },
    {
      "type": "Feature",
      "properties": {
        "@id": "node/3128142728",
        "internet_access": "yes",
        "internet_access:fee": "no",
        "name": "Hostel La Salamanca",
        "tourism": "hostel",
        "wheelchair": "no"
      },
      "geometry": {
        "type": "Point",
        "coordinates": [
          -65.4048175,
          -24.7938847
        ]
      },
      "id": "node/3128142728"
    },
    {
      "type": "Feature",
      "properties": {
        "@id": "node/3128631854",
        "addr:street": "Buenos Aires",
        "amenity": "parking",
        "name": "Buenos Aires"
      },
      "geometry": {
        "type": "Point",
        "coordinates": [
          -65.4098377,
          -24.79069
        ]
      },
      "id": "node/3128631854"
    },
    {
      "type": "Feature",
      "properties": {
        "@id": "node/3128631855",
        "addr:street": "Catamarca",
        "amenity": "pharmacy",
        "check_date": "2026-02-09",
        "dispensing": "no",
        "healthcare": "pharmacy",
        "name": "Catamarca"
      },
      "geometry": {
        "type": "Point",
        "coordinates": [
          -65.40592,
          -24.7925736
        ]
      },
      "id": "node/3128631855"
    },
    {
      "type": "Feature",
      "properties": {
        "@id": "node/3128631859",
        "addr:street": "Buenos Aires",
        "amenity": "pharmacy",
        "dispensing": "no",
        "healthcare": "pharmacy",
        "name": "Del Valle Jujuy"
      },
      "geometry": {
        "type": "Point",
        "coordinates": [
          -65.4098865,
          -24.791109
        ]
      },
      "id": "node/3128631859"
    },
    {
      "type": "Feature",
      "properties": {
        "@id": "node/3128631860",
        "brand": "Dia Market",
        "brand:wikidata": "Q925132",
        "brand:wikipedia": "es:Supermercados DIA",
        "name": "Dia Market",
        "shop": "supermarket"
      },
      "geometry": {
        "type": "Point",
        "coordinates": [
          -65.4141748,
          -24.7814731
        ]
      },
      "id": "node/3128631860"
    },
    {
      "type": "Feature",
      "properties": {
        "@id": "node/3128631861",
        "addr:street": "20 de Febrero 502",
        "amenity": "pharmacy",
        "dispensing": "no",
        "healthcare": "pharmacy",
        "name": "Don Bosco"
      },
      "geometry": {
        "type": "Point",
        "coordinates": [
          -65.4130326,
          -24.7834345
        ]
      },
      "id": "node/3128631861"
    },
    {
      "type": "Feature",
      "properties": {
        "@id": "node/3128631863",
        "addr:street": "Avenida del Bicentenario de la Batalla de Salta",
        "amenity": "pharmacy",
        "dispensing": "no",
        "healthcare": "pharmacy"
      },
      "geometry": {
        "type": "Point",
        "coordinates": [
          -65.4020821,
          -24.7908967
        ]
      },
      "id": "node/3128631863"
    },
    {
      "type": "Feature",
      "properties": {
        "@id": "node/3128631865",
        "addr:street": "Lema",
        "name": "Hostal Las Marías",
        "tourism": "hostel"
      },
      "geometry": {
        "type": "Point",
        "coordinates": [
          -65.4070586,
          -24.7932148
        ]
      },
      "id": "node/3128631865"
    },
    {
      "type": "Feature",
      "properties": {
        "@id": "node/3128631866",
        "addr:street": "Avenida del Bicentenario de la Batalla de Salta",
        "name": "Hostel Travellers",
        "tourism": "hostel"
      },
      "geometry": {
        "type": "Point",
        "coordinates": [
          -65.4018707,
          -24.7924271
        ]
      },
      "id": "node/3128631866"
    },
    {
      "type": "Feature",
      "properties": {
        "@id": "node/3128631867",
        "addr:street": "Avenida del Bicentenario de la Batalla de Salta",
        "amenity": "pharmacy",
        "dispensing": "no",
        "healthcare": "pharmacy",
        "name": "Integral"
      },
      "geometry": {
        "type": "Point",
        "coordinates": [
          -65.4022434,
          -24.7899775
        ]
      },
      "id": "node/3128631867"
    },
    {
      "type": "Feature",
      "properties": {
        "@id": "node/3128631868",
        "addr:street": "Bartolomé Mitre",
        "amenity": "bank",
        "atm": "yes",
        "fixme": "verificar que es actualmente",
        "name": "Itau"
      },
      "geometry": {
        "type": "Point",
        "coordinates": [
          -65.4106383,
          -24.7870049
        ]
      },
      "id": "node/3128631868"
    },
    {
      "type": "Feature",
      "properties": {
        "@id": "node/3128631869",
        "addr:housenumber": "200",
        "addr:street": "Avenida San Martín",
        "amenity": "restaurant",
        "name": "La Rinconada Parilla"
      },
      "geometry": {
        "type": "Point",
        "coordinates": [
          -65.4060024,
          -24.7938453
        ]
      },
      "id": "node/3128631869"
    },
    {
      "type": "Feature",
      "properties": {
        "@id": "node/3128631870",
        "addr:street": "Avenida San Martín",
        "amenity": "fast_food",
        "name": "La Torre de Pizza"
      },
      "geometry": {
        "type": "Point",
        "coordinates": [
          -65.4049438,
          -24.7938832
        ]
      },
      "id": "node/3128631870"
    },
    {
      "type": "Feature",
      "properties": {
        "@id": "node/3128631872",
        "addr:street": "Avenida del Bicentenario de la Batalla de Salta",
        "amenity": "fast_food",
        "cuisine": "pizza",
        "name": "Qué Mama"
      },
      "geometry": {
        "type": "Point",
        "coordinates": [
          -65.4023241,
          -24.7893563
        ]
      },
      "id": "node/3128631872"
    },
    {
      "type": "Feature",
      "properties": {
        "@id": "node/3128631873",
        "amenity": "cafe",
        "name": "Rocío",
        "shop": "coffee"
      },
      "geometry": {
        "type": "Point",
        "coordinates": [
          -65.4076092,
          -24.7840977
        ]
      },
      "id": "node/3128631873"
    },
    {
      "type": "Feature",
      "properties": {
        "@id": "node/3128631876",
        "amenity": "restaurant",
        "name": "Trattoria"
      },
      "geometry": {
        "type": "Point",
        "coordinates": [
          -65.4024584,
          -24.7883075
        ]
      },
      "id": "node/3128631876"
    },
    {
      "type": "Feature",
      "properties": {
        "@id": "node/3128631878",
        "addr:housenumber": "459",
        "addr:street": "Bartolomé Mitre",
        "brand": "Vea",
        "brand:wikidata": "Q5858167",
        "brand:wikipedia": "es:Vea (supermercado)",
        "name": "Vea Cencosud",
        "opening_hours": "Mo-Sa 08:00-22:00; Su 09:00-21:00",
        "phone": "+54 387 4311428",
        "shop": "supermarket",
        "website": "https://supermercadosvea.com.ar/"
      },
      "geometry": {
        "type": "Point",
        "coordinates": [
          -65.4106754,
          -24.7842056
        ]
      },
      "id": "node/3128631878"
    },
    {
      "type": "Feature",
      "properties": {
        "@id": "node/3128631879",
        "addr:street": "Mendoza",
        "brand": "Vea",
        "brand:wikidata": "Q5858167",
        "brand:wikipedia": "es:Vea (supermercado)",
        "name": "Vea",
        "shop": "supermarket"
      },
      "geometry": {
        "type": "Point",
        "coordinates": [
          -65.4067555,
          -24.7952427
        ]
      },
      "id": "node/3128631879"
    },
    {
      "type": "Feature",
      "properties": {
        "@id": "node/3128631880",
        "addr:city": "Salta",
        "addr:housenumber": "522",
        "addr:postcode": "A4400",
        "addr:street": "Avenida del Bicentenario de la Batalla de Salta",
        "amenity": "fuel",
        "brand": "Refinor",
        "brand:wikidata": "Q10358460",
        "fuel:diesel": "yes",
        "fuel:octane_95": "yes",
        "fuel:octane_98": "yes",
        "name": "Refinor",
        "operator": "LUMER S.R.L.",
        "self_service": "no"
      },
      "geometry": {
        "type": "Point",
        "coordinates": [
          -65.40272,
          -24.78402
        ]
      },
      "id": "node/3128631880"
    },
    {
      "type": "Feature",
      "properties": {
        "@id": "node/3128631881",
        "addr:street": "Bartolomé Mitre",
        "amenity": "parking"
      },
      "geometry": {
        "type": "Point",
        "coordinates": [
          -65.4106147,
          -24.7867906
        ]
      },
      "id": "node/3128631881"
    },
    {
      "type": "Feature",
      "properties": {
        "@id": "node/3128631882",
        "bus": "yes",
        "highway": "bus_stop",
        "public_transport": "platform"
      },
      "geometry": {
        "type": "Point",
        "coordinates": [
          -65.4056378,
          -24.7938626
        ]
      },
      "id": "node/3128631882"
    },
    {
      "type": "Feature",
      "properties": {
        "@id": "node/3128631883",
        "addr:street": "Avenida San Martín",
        "bus": "yes",
        "highway": "bus_stop",
        "public_transport": "platform"
      },
      "geometry": {
        "type": "Point",
        "coordinates": [
          -65.4027265,
          -24.7940601
        ]
      },
      "id": "node/3128631883"
    },
    {
      "type": "Feature",
      "properties": {
        "@id": "node/3131286481",
        "amenity": "atm",
        "brand": "Macro",
        "brand:wikidata": "Q2335199",
        "network": "Banelco",
        "operator": "Macro",
        "operator:wikidata": "Q2335199"
      },
      "geometry": {
        "type": "Point",
        "coordinates": [
          -65.3967173,
          -24.7957113
        ]
      },
      "id": "node/3131286481"
    },
    {
      "type": "Feature",
      "properties": {
        "@id": "node/3132205321",
        "addr:city": "Salta",
        "addr:housenumber": "930",
        "addr:street": "Buenos Aires",
        "internet_access": "wlan",
        "name": "Backpacker's Home",
        "phone": "+54 387 423 5910",
        "smoking": "separated",
        "tourism": "hostel",
        "wheelchair": "no"
      },
      "geometry": {
        "type": "Point",
        "coordinates": [
          -65.4108731,
          -24.801595
        ]
      },
      "id": "node/3132205321"
    },
    {
      "type": "Feature",
      "properties": {
        "@id": "node/3132304031",
        "addr:city": "Salta",
        "addr:housenumber": "386",
        "addr:street": "Vicente López",
        "email": "alquimiahostel@gmail.com",
        "internet_access": "yes",
        "name": "Alquimia Hostel",
        "phone": "+54 387 431 1442",
        "tourism": "hostel",
        "website": "http://alquimiahostel.blogspot.com.ar/"
      },
      "geometry": {
        "type": "Point",
        "coordinates": [
          -65.4051745,
          -24.7857014
        ]
      },
      "id": "node/3132304031"
    },
    {
      "type": "Feature",
      "properties": {
        "@id": "node/3217497436",
        "name": "Damesco",
        "shop": "supermarket"
      },
      "geometry": {
        "type": "Point",
        "coordinates": [
          -65.4193137,
          -24.8050694
        ]
      },
      "id": "node/3217497436"
    },
    {
      "type": "Feature",
      "properties": {
        "@id": "node/3217499926",
        "brand": "Jumbo",
        "name": "Jumbo",
        "not:brand:wikidata": "Q6310864",
        "opening_hours": "Mo-Su 10:00-22:00",
        "operator": "Cencosud",
        "shop": "supermarket"
      },
      "geometry": {
        "type": "Point",
        "coordinates": [
          -65.4130819,
          -24.7729222
        ]
      },
      "id": "node/3217499926"
    },
    {
      "type": "Feature",
      "properties": {
        "@id": "node/3217499928",
        "amenity": "fuel",
        "brand": "Bandera Blanca",
        "fuel:cng": "yes",
        "fuel:octane_95": "yes",
        "operator": "ACTION VIS S.A."
      },
      "geometry": {
        "type": "Point",
        "coordinates": [
          -65.41646,
          -24.7871
        ]
      },
      "id": "node/3217499928"
    },
    {
      "type": "Feature",
      "properties": {
        "@id": "node/3217500166",
        "name": "Damesco",
        "shop": "supermarket"
      },
      "geometry": {
        "type": "Point",
        "coordinates": [
          -65.4117382,
          -24.75824
        ]
      },
      "id": "node/3217500166"
    },
    {
      "type": "Feature",
      "properties": {
        "@id": "node/3220396103",
        "addr:city": "Salta",
        "addr:housenumber": "953",
        "addr:postcode": "4400",
        "addr:street": "Carlos Pellegrini",
        "contact:facebook": "https://www.facebook.com/supermercadoscomodin/",
        "contact:instagram": "https://www.instagram.com/supermercadoscomodin/",
        "contact:twitter": "https://twitter.com/supercomodin",
        "email": "info@supermercadoscomodin.com",
        "name": "Comodin",
        "shop": "supermarket",
        "website": "https://supermercadoscomodin.com/"
      },
      "geometry": {
        "type": "Point",
        "coordinates": [
          -65.4160592,
          -24.8015284
        ]
      },
      "id": "node/3220396103"
    },
    {
      "type": "Feature",
      "properties": {
        "@id": "node/3220401952",
        "amenity": "fuel",
        "brand": "YPF",
        "brand:wikidata": "Q2006989",
        "brand:wikipedia": "es:YPF",
        "fuel:cng": "yes",
        "fuel:diesel": "yes",
        "fuel:octane_95": "yes",
        "fuel:octane_98": "yes",
        "name": "YPF",
        "operator": "BUCCOLINI Y CIA. S.R.L."
      },
      "geometry": {
        "type": "Point",
        "coordinates": [
          -65.4162168,
          -24.8025454
        ]
      },
      "id": "node/3220401952"
    },
    {
      "type": "Feature",
      "properties": {
        "@id": "node/3220401954",
        "name": "Chango Mas",
        "shop": "supermarket"
      },
      "geometry": {
        "type": "Point",
        "coordinates": [
          -65.4196436,
          -24.805512
        ]
      },
      "id": "node/3220401954"
    },
    {
      "type": "Feature",
      "properties": {
        "@id": "node/3452585758",
        "amenity": "fuel",
        "brand": "Shell",
        "brand:wikidata": "Q110716465",
        "fuel:cng": "yes",
        "name": "Shell",
        "operator": "AMARU S.R.L."
      },
      "geometry": {
        "type": "Point",
        "coordinates": [
          -65.3976575,
          -24.7709023
        ]
      },
      "id": "node/3452585758"
    },
    {
      "type": "Feature",
      "properties": {
        "@id": "node/3452595324",
        "brand": "Vea",
        "brand:wikidata": "Q5858167",
        "brand:wikipedia": "es:Vea (supermercado)",
        "name": "Vea",
        "shop": "supermarket"
      },
      "geometry": {
        "type": "Point",
        "coordinates": [
          -65.3975396,
          -24.7714486
        ]
      },
      "id": "node/3452595324"
    },
    {
      "type": "Feature",
      "properties": {
        "@id": "node/3452705205",
        "amenity": "fuel",
        "brand": "YPF",
        "fuel:cng": "yes",
        "fuel:diesel": "yes",
        "fuel:octane_95": "yes",
        "fuel:octane_98": "yes",
        "operator": "GEMINIS S.A."
      },
      "geometry": {
        "type": "Point",
        "coordinates": [
          -65.424477,
          -24.8154721
        ]
      },
      "id": "node/3452705205"
    },
    {
      "type": "Feature",
      "properties": {
        "@id": "node/3452713987",
        "amenity": "fuel",
        "brand": "Refinor",
        "fuel:cng": "yes",
        "fuel:diesel": "yes",
        "fuel:octane_95": "yes",
        "fuel:octane_98": "yes",
        "name": "Refinor",
        "operator": "MULTILUB S.R.L."
      },
      "geometry": {
        "type": "Point",
        "coordinates": [
          -65.4331974,
          -24.8409384
        ]
      },
      "id": "node/3452713987"
    },
    {
      "type": "Feature",
      "properties": {
        "@id": "node/3452761970",
        "amenity": "fuel",
        "brand": "YPF",
        "fuel:cng": "yes",
        "fuel:diesel": "yes",
        "fuel:octane_95": "yes",
        "fuel:octane_98": "yes",
        "operator": "PETRO GAS S.R.L."
      },
      "geometry": {
        "type": "Point",
        "coordinates": [
          -65.43238,
          -24.79874
        ]
      },
      "id": "node/3452761970"
    },
    {
      "type": "Feature",
      "properties": {
        "@id": "node/3452834686",
        "amenity": "fuel",
        "brand": "YPF",
        "fuel:cng": "yes",
        "operator": "SERVISUR S.R.L."
      },
      "geometry": {
        "type": "Point",
        "coordinates": [
          -65.427478,
          -24.786262
        ]
      },
      "id": "node/3452834686"
    },
    {
      "type": "Feature",
      "properties": {
        "@id": "node/3452837789",
        "amenity": "pharmacy",
        "healthcare": "pharmacy"
      },
      "geometry": {
        "type": "Point",
        "coordinates": [
          -65.4272085,
          -24.7859539
        ]
      },
      "id": "node/3452837789"
    },
    {
      "type": "Feature",
      "properties": {
        "@id": "node/3452951772",
        "amenity": "fuel",
        "brand": "YPF",
        "brand:wikidata": "Q2006989",
        "fuel:diesel": "yes",
        "fuel:octane_95": "yes",
        "fuel:octane_98": "yes",
        "name": "YPF",
        "operator": "LARRAN CARLOS A Y MEDINA DE MUSSO MARIA E SH"
      },
      "geometry": {
        "type": "Point",
        "coordinates": [
          -65.4052421,
          -24.7193702
        ]
      },
      "id": "node/3452951772"
    },
    {
      "type": "Feature",
      "properties": {
        "@id": "node/3454722803",
        "addr:housenumber": "1620",
        "addr:street": "Avenida Bolivia",
        "amenity": "fuel",
        "brand": "YPF",
        "fuel:cng": "yes",
        "fuel:diesel": "yes",
        "fuel:octane_95": "yes",
        "fuel:octane_98": "yes",
        "internet_access": "wlan",
        "name": "YPF",
        "opening_hours": "24/7",
        "operator": "SERVINORTE LOS NIETOS S.R.L."
      },
      "geometry": {
        "type": "Point",
        "coordinates": [
          -65.411859,
          -24.76886
        ]
      },
      "id": "node/3454722803"
    },
    {
      "type": "Feature",
      "properties": {
        "@id": "node/3454801030",
        "amenity": "fuel",
        "brand": "Refiplus Energía YPF",
        "fuel:cng": "yes",
        "fuel:diesel": "yes",
        "fuel:diesel_G2": "no",
        "fuel:octane_95": "yes",
        "fuel:octane_98": "yes",
        "name": "Refiplus",
        "operator": "Petro Gas S.R.L."
      },
      "geometry": {
        "type": "Point",
        "coordinates": [
          -65.39926,
          -24.79459
        ]
      },
      "id": "node/3454801030"
    },
    {
      "type": "Feature",
      "properties": {
        "@id": "node/3454802542",
        "amenity": "fuel",
        "brand": "Bandera Blanca",
        "fuel:cng": "yes",
        "fuel:diesel": "no",
        "fuel:diesel_G2": "no",
        "fuel:octane_95": "no",
        "fuel:octane_98": "no",
        "name": "Bandera Blanca",
        "operator": "PLANTA REVESA S.R.L",
        "source": "https://www.enargas.gov.ar/secciones/gas-natural-comprimido/sujetos.php"
      },
      "geometry": {
        "type": "Point",
        "coordinates": [
          -65.4115879,
          -24.8191686
        ]
      },
      "id": "node/3454802542"
    },
    {
      "type": "Feature",
      "properties": {
        "@id": "node/3454822331",
        "amenity": "fuel",
        "brand": "Axion",
        "brand:wikidata": "Q62131749",
        "fixme": "check operator",
        "fuel:cng": "yes",
        "fuel:diesel": "yes",
        "fuel:octane_95": "yes",
        "fuel:octane_98": "yes",
        "name": "Axion",
        "operator": "LA CONSTRUCTORA S.A."
      },
      "geometry": {
        "type": "Point",
        "coordinates": [
          -65.4049539,
          -24.7954191
        ]
      },
      "id": "node/3454822331"
    },
    {
      "type": "Feature",
      "properties": {
        "@id": "node/3454879423",
        "amenity": "fuel",
        "brand": "Bandera Blanca",
        "fuel:cng": "yes",
        "name": "Car Gas GNC",
        "operator": "SION S.R.L."
      },
      "geometry": {
        "type": "Point",
        "coordinates": [
          -65.4105901,
          -24.8235869
        ]
      },
      "id": "node/3454879423"
    },
    {
      "type": "Feature",
      "properties": {
        "@id": "node/3454883993",
        "amenity": "fuel",
        "brand": "YPF",
        "fuel:cng": "yes",
        "operator": "SURTIDORES LOS NIETOS S.R.L."
      },
      "geometry": {
        "type": "Point",
        "coordinates": [
          -65.4098551,
          -24.827253
        ]
      },
      "id": "node/3454883993"
    },
    {
      "type": "Feature",
      "properties": {
        "@id": "node/3455015779",
        "addr:city": "Salta",
        "addr:housenumber": "1550",
        "addr:postcode": "4400",
        "addr:street": "Bernardo O'Higgins",
        "amenity": "school",
        "description": "ESCUELA  DEL NIVEL  INICIAL Y PRIMARIA  ",
        "name": "Escuela 4008 Bartolomé Mitre",
        "official_name": "Escuela Nº 4008 Bartolomé Mitre",
        "ref:cue": "660027400"
      },
      "geometry": {
        "type": "Point",
        "coordinates": [
          -65.4230114,
          -24.7749573
        ]
      },
      "id": "node/3455015779"
    },
    {
      "type": "Feature",
      "properties": {
        "@id": "node/3455059908",
        "addr:city": "Salta",
        "addr:housenumber": "1555",
        "addr:street": "Avenida Entre Ríos",
        "amenity": "school",
        "name": "Escuela Remedios Escalada de San Matin N° 4015"
      },
      "geometry": {
        "type": "Point",
        "coordinates": [
          -65.4234553,
          -24.7805297
        ]
      },
      "id": "node/3455059908"
    },
    {
      "type": "Feature",
      "properties": {
        "@id": "node/3456725848",
        "addr:city": "Salta",
        "addr:housenumber": "288",
        "addr:postcode": "4400",
        "addr:street": "Facundo de Zuviría",
        "amenity": "restaurant",
        "capacity": "50",
        "cuisine": "regional",
        "name": "De Paso",
        "opening_hours": "24/7"
      },
      "geometry": {
        "type": "Point",
        "coordinates": [
          -65.4093454,
          -24.7871574
        ]
      },
      "id": "node/3456725848"
    },
    {
      "type": "Feature",
      "properties": {
        "@id": "node/3458673552",
        "addr:city": "Salta",
        "addr:housenumber": "590",
        "addr:street": "Río Medina",
        "amenity": "school",
        "name": "Escuela \"Miguel de Cervantes Saavedra\"- Villa Lavalle- Salta capital"
      },
      "geometry": {
        "type": "Point",
        "coordinates": [
          -65.4073755,
          -24.818976
        ]
      },
      "id": "node/3458673552"
    },
    {
      "type": "Feature",
      "properties": {
        "@id": "node/3486896699",
        "addr:city": "Salta",
        "addr:housenumber": "426",
        "addr:postcode": "4400",
        "addr:street": "España",
        "amenity": "cafe",
        "cuisine": "regional",
        "internet_access": "yes",
        "name": "Don Welindo",
        "opening_hours": "08:00-15:00,17:00-22:00",
        "payment:coins": "yes",
        "smoking": "separated"
      },
      "geometry": {
        "type": "Point",
        "coordinates": [
          -65.4086375,
          -24.7885972
        ]
      },
      "id": "node/3486896699"
    },
    {
      "type": "Feature",
      "properties": {
        "@id": "node/3593580680",
        "addr:city": "Salta",
        "addr:housenumber": "317",
        "addr:postcode": "4400",
        "addr:street": "Coronel Manuel Isidoro Suárez",
        "amenity": "school",
        "name": "Escuela Santa María Eufrasia Pelletier",
        "note": "Escuela Nº 4010. Institución pública de Nivel Primario y Nivel Inicial. A la tarde en el mismo edificio funciona una escuela de manualidades, en horas simultáneas con la primaria. Por la noche funciona una escuela primaria de adultos."
      },
      "geometry": {
        "type": "Point",
        "coordinates": [
          -65.4316707,
          -24.7845063
        ]
      },
      "id": "node/3593580680"
    },
    {
      "type": "Feature",
      "properties": {
        "@id": "node/3594361394",
        "addr:city": "Salta",
        "addr:housenumber": "48",
        "addr:postcode": "4400",
        "addr:street": "El Jardín",
        "amenity": "school",
        "name": "Esc.4025Dr. Miguel Ortiz"
      },
      "geometry": {
        "type": "Point",
        "coordinates": [
          -65.405102,
          -24.7542683
        ]
      },
      "id": "node/3594361394"
    },
    {
      "type": "Feature",
      "properties": {
        "@id": "node/3595269479",
        "amenity": "bank",
        "atm": "yes",
        "brand": "Macro",
        "brand:wikidata": "Q2335199",
        "brand:wikipedia": "en:Banco Macro",
        "name": "Macro"
      },
      "geometry": {
        "type": "Point",
        "coordinates": [
          -65.4099723,
          -24.7774853
        ]
      },
      "id": "node/3595269479"
    },
    {
      "type": "Feature",
      "properties": {
        "@id": "node/3595275347",
        "amenity": "cafe",
        "cuisine": "spanish",
        "name": "Virgen del Saliente"
      },
      "geometry": {
        "type": "Point",
        "coordinates": [
          -65.4085797,
          -24.777583
        ]
      },
      "id": "node/3595275347"
    },
    {
      "type": "Feature",
      "properties": {
        "@id": "node/3595278026",
        "name": "Del Vino",
        "tourism": "hotel"
      },
      "geometry": {
        "type": "Point",
        "coordinates": [
          -65.4091241,
          -24.7775746
        ]
      },
      "id": "node/3595278026"
    },
    {
      "type": "Feature",
      "properties": {
        "@id": "node/3595278558",
        "amenity": "police",
        "designation": "911",
        "name": "911"
      },
      "geometry": {
        "type": "Point",
        "coordinates": [
          -65.4099492,
          -24.7769848
        ]
      },
      "id": "node/3595278558"
    },
    {
      "type": "Feature",
      "properties": {
        "@id": "node/3607709450",
        "addr:city": "Salta",
        "addr:street": "Vincente Lopez",
        "amenity": "pharmacy",
        "check_date": "2026-02-08",
        "healthcare": "pharmacy",
        "name": "farmacia Vincente Lopez"
      },
      "geometry": {
        "type": "Point",
        "coordinates": [
          -65.4054701,
          -24.7900543
        ]
      },
      "id": "node/3607709450"
    },
    {
      "type": "Feature",
      "properties": {
        "@id": "node/3611744124",
        "bus": "yes",
        "highway": "bus_stop",
        "name": "Parada Linea 6A, Transversal, Troncal, 5A",
        "public_transport": "platform"
      },
      "geometry": {
        "type": "Point",
        "coordinates": [
          -65.410356,
          -24.7272062
        ]
      },
      "id": "node/3611744124"
    },
    {
      "type": "Feature",
      "properties": {
        "@id": "node/3611744125",
        "bus": "yes",
        "highway": "bus_stop",
        "name": "Parada colectivo 6A, Transversal, Troncal, 5A",
        "public_transport": "platform"
      },
      "geometry": {
        "type": "Point",
        "coordinates": [
          -65.4098522,
          -24.7252824
        ]
      },
      "id": "node/3611744125"
    },
    {
      "type": "Feature",
      "properties": {
        "@id": "node/3657251545",
        "addr:city": "salta capital",
        "addr:housenumber": "158",
        "addr:postcode": "4400",
        "addr:street": "Doctor José Evaristo Uriburu",
        "amenity": "hospital",
        "healthcare": "hospital",
        "name": "Centro de salud Villa Soledad",
        "operator": "Victoria Bravo"
      },
      "geometry": {
        "type": "Point",
        "coordinates": [
          -65.4015744,
          -24.8011054
        ]
      },
      "id": "node/3657251545"
    },
    {
      "type": "Feature",
      "properties": {
        "@id": "node/3730609496",
        "addr:city": "Salta",
        "addr:housenumber": "Sin numero",
        "addr:postcode": "4400",
        "addr:street": "Ciudad de Asunción",
        "amenity": "school",
        "name": "Escuela N°4642 Campaña del Desierto"
      },
      "geometry": {
        "type": "Point",
        "coordinates": [
          -65.377622,
          -24.7982539
        ]
      },
      "id": "node/3730609496"
    },
    {
      "type": "Feature",
      "properties": {
        "@id": "node/3731219345",
        "addr:city": "Salta",
        "addr:full": "Avenida Bolivia y avenida YPF.Barrio Lamadrid",
        "addr:postcode": "4400",
        "addr:street": "Avenida YPF",
        "amenity": "school",
        "name": "Escuela 4728 Alba Coronel de Pereyra Rozas",
        "note": "Escuela Publica. Zona Norte",
        "official_name": "Escuela Nº 4728 Alba Coronel de Pereyra Rozas"
      },
      "geometry": {
        "type": "Point",
        "coordinates": [
          -65.411356,
          -24.7479432
        ]
      },
      "id": "node/3731219345"
    },
    {
      "type": "Feature",
      "properties": {
        "@id": "node/3733418030",
        "addr:city": "Salta",
        "addr:housenumber": "190",
        "addr:postcode": "4400",
        "addr:street": "Avenida Los Lirios",
        "amenity": "school",
        "name": "Escuela Doctor Joaquín Castellanos",
        "phone": "+54 387 428 0762"
      },
      "geometry": {
        "type": "Point",
        "coordinates": [
          -65.3944186,
          -24.805088
        ]
      },
      "id": "node/3733418030"
    },
    {
      "type": "Feature",
      "properties": {
        "@id": "node/3733923697",
        "name": "Hostal El Cerrito",
        "tourism": "hotel"
      },
      "geometry": {
        "type": "Point",
        "coordinates": [
          -65.4088504,
          -24.7877121
        ]
      },
      "id": "node/3733923697"
    },
    {
      "type": "Feature",
      "properties": {
        "@id": "node/3733923698",
        "access": "yes",
        "amenity": "parking"
      },
      "geometry": {
        "type": "Point",
        "coordinates": [
          -65.4086725,
          -24.787741
        ]
      },
      "id": "node/3733923698"
    },
    {
      "type": "Feature",
      "properties": {
        "@id": "node/3735299504",
        "addr:city": "Salta",
        "addr:housenumber": "427",
        "addr:postcode": "4400",
        "addr:street": "Rudecindo Alvarado",
        "amenity": "school",
        "building": "school",
        "isced:level": "0;1",
        "name": "Domingo Faustino Sarmiento",
        "phone": "513874223491"
      },
      "geometry": {
        "type": "Point",
        "coordinates": [
          -65.4075935,
          -24.7914101
        ]
      },
      "id": "node/3735299504"
    },
    {
      "type": "Feature",
      "properties": {
        "@id": "node/3740279830",
        "addr:city": "Salta",
        "addr:housenumber": "1243",
        "addr:postcode": "4400",
        "addr:street": "Juan Esteban Pedernera",
        "amenity": "school",
        "isced:level": "0;1",
        "name": "Escuela 8065 Parroquial Martín Fierro",
        "operator:type": "private",
        "ref:cue": "660056800"
      },
      "geometry": {
        "type": "Point",
        "coordinates": [
          -65.4287323,
          -24.7731755
        ]
      },
      "id": "node/3740279830"
    },
    {
      "type": "Feature",
      "properties": {
        "@id": "node/3741182601",
        "addr:city": "Salta",
        "addr:postcode": "4400",
        "addr:street": "Avenida Independencia",
        "amenity": "school",
        "isced:level": "0;1",
        "name": "La Escuela N° 4028 \"Brigadier Juan Álvarez de Arenales\"",
        "note": "La Escuela 4028 Brigadier Juan Álvarez de Arenales fue creada por el Consejo General de Educación, Resolución Nº 41 en el año 1972.",
        "phone": "+3874954652"
      },
      "geometry": {
        "type": "Point",
        "coordinates": [
          -65.4173168,
          -24.809229
        ]
      },
      "id": "node/3741182601"
    },
    {
      "type": "Feature",
      "properties": {
        "@id": "node/3741185610",
        "addr:city": "Salta",
        "addr:housenumber": "836",
        "addr:postcode": "4400",
        "addr:street": "España",
        "amenity": "school",
        "description": "El Colegio San Lucas ofrece una excelente formación humana y académica.",
        "email": "sanlucascolegio@gmail.com",
        "isced:level": "0;1;2",
        "name": "Colegio San Lucas",
        "phone": "+3874314030"
      },
      "geometry": {
        "type": "Point",
        "coordinates": [
          -65.4144597,
          -24.7881428
        ]
      },
      "id": "node/3741185610"
    },
    {
      "type": "Feature",
      "properties": {
        "@id": "node/3743599255",
        "addr:city": "Salta",
        "addr:postcode": "4400",
        "addr:street": "Pasaje sin nombre",
        "amenity": "school",
        "isced:level": "2",
        "name": "Colegio Secundario N° 5147 \"Dr. Salvador Mazza\"",
        "official_name": "Colegio Secundario Nº 5147 Dr.  Salvador Mazza"
      },
      "geometry": {
        "type": "Point",
        "coordinates": [
          -65.4022292,
          -24.7613719
        ]
      },
      "id": "node/3743599255"
    },
    {
      "type": "Feature",
      "properties": {
        "@id": "node/3743615241",
        "addr:city": "Salta",
        "addr:postcode": "4400",
        "amenity": "school",
        "name": "Escuela N° 4734 \"Dr. Rene Favaloro\""
      },
      "geometry": {
        "type": "Point",
        "coordinates": [
          -65.398438,
          -24.7384443
        ]
      },
      "id": "node/3743615241"
    },
    {
      "type": "Feature",
      "properties": {
        "@id": "node/3745501468",
        "addr:city": "Salta- Capital",
        "addr:postcode": "4400",
        "addr:street": "Avenida Roberto Romero",
        "amenity": "school",
        "isced:level": "1",
        "name": "Escuela 4030 Doctor Mariano Moreno",
        "note": "Escuela de Nivel Primario e Inicial. Ubicada en el Bº El Tribuno, en la zona sur de la capital de la ciudad de Salta",
        "official_name": "Escuela Nº 4030 Doctor Mariano Moreno",
        "operator": "Claudia Cortéz Padilla",
        "operator:type": "public"
      },
      "geometry": {
        "type": "Point",
        "coordinates": [
          -65.4433991,
          -24.8462815
        ]
      },
      "id": "node/3745501468"
    },
    {
      "type": "Feature",
      "properties": {
        "@id": "node/3763237834",
        "name": "Despensa Aye",
        "shop": "convenience"
      },
      "geometry": {
        "type": "Point",
        "coordinates": [
          -65.3924736,
          -24.7355037
        ]
      },
      "id": "node/3763237834"
    },
    {
      "type": "Feature",
      "properties": {
        "@id": "node/3771226803",
        "amenity": "cafe"
      },
      "geometry": {
        "type": "Point",
        "coordinates": [
          -65.4196119,
          -24.8132431
        ]
      },
      "id": "node/3771226803"
    },
    {
      "type": "Feature",
      "properties": {
        "@id": "node/3772020283",
        "name": "Hostal de Illaq",
        "tourism": "hotel"
      },
      "geometry": {
        "type": "Point",
        "coordinates": [
          -65.4190172,
          -24.7893141
        ]
      },
      "id": "node/3772020283"
    },
    {
      "type": "Feature",
      "properties": {
        "@id": "node/3802853255",
        "amenity": "fuel",
        "brand": "Bandera Blanca",
        "fuel:cng": "yes",
        "operator": "Siloe S.R.L."
      },
      "geometry": {
        "type": "Point",
        "coordinates": [
          -65.40033,
          -24.81348
        ]
      },
      "id": "node/3802853255"
    },
    {
      "type": "Feature",
      "properties": {
        "@id": "node/3813304955",
        "amenity": "fuel",
        "brand": "Axion",
        "brand:wikidata": "Q62131749",
        "fuel:cng": "yes",
        "fuel:diesel": "yes",
        "fuel:octane_95": "yes",
        "fuel:octane_98": "yes",
        "name": "Axion",
        "operator": "OCTANO S.R.L."
      },
      "geometry": {
        "type": "Point",
        "coordinates": [
          -65.4308564,
          -24.8303796
        ]
      },
      "id": "node/3813304955"
    },
    {
      "type": "Feature",
      "properties": {
        "@id": "node/3814792371",
        "addr:city": "Atocha",
        "addr:postcode": "4401",
        "addr:street": "Atocha I",
        "amenity": "school",
        "name": "Escuela 4848 Nuestra Señora de Atocha",
        "official_name": "Escuela N° 4848 Nuestra Señora de Atocha",
        "operator": "ruth00",
        "wheelchair": "yes"
      },
      "geometry": {
        "type": "Point",
        "coordinates": [
          -65.4622344,
          -24.8159586
        ]
      },
      "id": "node/3814792371"
    },
    {
      "type": "Feature",
      "properties": {
        "@id": "node/3815901488",
        "addr:city": "Salta",
        "addr:street": "La Tacunga",
        "name": "Negocio",
        "shop": "convenience"
      },
      "geometry": {
        "type": "Point",
        "coordinates": [
          -65.3767567,
          -24.8000159
        ]
      },
      "id": "node/3815901488"
    },
    {
      "type": "Feature",
      "properties": {
        "@id": "node/3818176860",
        "addr:city": "Salta",
        "addr:housenumber": "520",
        "addr:postcode": "4400",
        "addr:street": "Florentino Ameghino",
        "amenity": "school",
        "name": "Escuela General José de San Martín.",
        "note": "Escuela de nivel inicial, primaria turno mañana y tarde, secundario (BSPA) turno noche.",
        "operator": "Mónica Patricia Ibañez",
        "phone": "+54 387 421 5418"
      },
      "geometry": {
        "type": "Point",
        "coordinates": [
          -65.4087884,
          -24.7772037
        ]
      },
      "id": "node/3818176860"
    },
    {
      "type": "Feature",
      "properties": {
        "@id": "node/3818192018",
        "addr:city": "Salta",
        "addr:postcode": "4400",
        "addr:street": "Florentino Ameghino",
        "amenity": "pharmacy",
        "healthcare": "pharmacy",
        "name": "Farmacity",
        "operator": "Mónica Ibañez"
      },
      "geometry": {
        "type": "Point",
        "coordinates": [
          -65.4096866,
          -24.7775159
        ]
      },
      "id": "node/3818192018"
    },
    {
      "type": "Feature",
      "properties": {
        "@id": "node/3818192019",
        "addr:city": "Salta",
        "addr:postcode": "4400",
        "addr:street": "Florentino Ameghino",
        "amenity": "restaurant",
        "cuisine": "empanada;pizza",
        "name": "Pizzeria El Pingüino"
      },
      "geometry": {
        "type": "Point",
        "coordinates": [
          -65.4095781,
          -24.7773066
        ]
      },
      "id": "node/3818192019"
    },
    {
      "type": "Feature",
      "properties": {
        "@id": "node/3819748483",
        "amenity": "school",
        "name": "Instituto Jean Peaget"
      },
      "geometry": {
        "type": "Point",
        "coordinates": [
          -65.4115965,
          -24.7976457
        ]
      },
      "id": "node/3819748483"
    },
    {
      "type": "Feature",
      "properties": {
        "@id": "node/3819992071",
        "addr:city": "Salta",
        "addr:postcode": "4400",
        "addr:street": "Facundo de Zuviría",
        "amenity": "restaurant",
        "cuisine": "regional_y_otras",
        "name": "Paseo Ameghino"
      },
      "geometry": {
        "type": "Point",
        "coordinates": [
          -65.4082208,
          -24.7772807
        ]
      },
      "id": "node/3819992071"
    },
    {
      "type": "Feature",
      "properties": {
        "@id": "node/3822178886",
        "name": "Hotel Napole",
        "name:es": "Hotel Napole",
        "tourism": "hotel"
      },
      "geometry": {
        "type": "Point",
        "coordinates": [
          -65.4095857,
          -24.7768706
        ]
      },
      "id": "node/3822178886"
    },
    {
      "type": "Feature",
      "properties": {
        "@id": "node/3824539925",
        "addr:city": "Salta",
        "addr:housenumber": "243",
        "addr:postcode": "4400",
        "addr:street": "Doctor Martín Gabriel Güemes y Güemes",
        "amenity": "school",
        "contact:phone": "+54 387 4951200",
        "isced:level": "0;1",
        "name": "Escuela 4731 Fray Roque Chielli",
        "operator:type": "public",
        "ref:cue": "660121800"
      },
      "geometry": {
        "type": "Point",
        "coordinates": [
          -65.4321815,
          -24.8172424
        ]
      },
      "id": "node/3824539925"
    },
    {
      "type": "Feature",
      "properties": {
        "@id": "node/3825362557",
        "addr:city": "Salta",
        "addr:housename": "Rocio",
        "addr:street": "Fortín Angastaco",
        "amenity": "school",
        "name": "Escuela 4811 2 de Mayo Crucero A.R.A. General Belgrano",
        "ref": "Escuela N° 4811"
      },
      "geometry": {
        "type": "Point",
        "coordinates": [
          -65.3911976,
          -24.84236
        ]
      },
      "id": "node/3825362557"
    },
    {
      "type": "Feature",
      "properties": {
        "@id": "node/3832560359",
        "amenity": "school",
        "name": "Escuela nuestra Sra de Atocha"
      },
      "geometry": {
        "type": "Point",
        "coordinates": [
          -65.4808591,
          -24.819034
        ]
      },
      "id": "node/3832560359"
    },
    {
      "type": "Feature",
      "properties": {
        "@id": "node/3836804222",
        "addr:city": "Salta-Capital",
        "addr:housenumber": "1688",
        "addr:postcode": "4400",
        "addr:street": "Caseros",
        "amenity": "school",
        "name": "Colegio Nº 5026 Bº 20 de Febrero"
      },
      "geometry": {
        "type": "Point",
        "coordinates": [
          -65.4284239,
          -24.7884784
        ]
      },
      "id": "node/3836804222"
    },
    {
      "type": "Feature",
      "properties": {
        "@id": "node/3836804224",
        "shop": "convenience"
      },
      "geometry": {
        "type": "Point",
        "coordinates": [
          -65.4404164,
          -24.7981902
        ]
      },
      "id": "node/3836804224"
    },
    {
      "type": "Feature",
      "properties": {
        "@id": "node/3840102370",
        "name": "Colores de Salta",
        "tourism": "hostel"
      },
      "geometry": {
        "type": "Point",
        "coordinates": [
          -65.4082586,
          -24.7812072
        ]
      },
      "id": "node/3840102370"
    },
    {
      "type": "Feature",
      "properties": {
        "@id": "node/3840105657",
        "amenity": "atm"
      },
      "geometry": {
        "type": "Point",
        "coordinates": [
          -65.4036737,
          -24.7809482
        ]
      },
      "id": "node/3840105657"
    },
    {
      "type": "Feature",
      "properties": {
        "@id": "node/3840105934",
        "amenity": "atm"
      },
      "geometry": {
        "type": "Point",
        "coordinates": [
          -65.4035893,
          -24.7797172
        ]
      },
      "id": "node/3840105934"
    },
    {
      "type": "Feature",
      "properties": {
        "@id": "node/3841537296",
        "amenity": "fuel",
        "brand": "YPF",
        "fuel:diesel": "yes",
        "fuel:octane_95": "yes",
        "fuel:octane_98": "yes",
        "operator": "ACA SALTA"
      },
      "geometry": {
        "type": "Point",
        "coordinates": [
          -65.4101646,
          -24.7823041
        ]
      },
      "id": "node/3841537296"
    },
    {
      "type": "Feature",
      "properties": {
        "@id": "node/3849267640",
        "addr:city": "Salta",
        "addr:housenumber": "714",
        "addr:postcode": "4400",
        "addr:street": "España",
        "amenity": "restaurant",
        "cuisine": "sandwich",
        "name": "Confiterìa San José",
        "phone": "+54 387 422 1246",
        "smoking": "isolated",
        "source": "survey"
      },
      "geometry": {
        "type": "Point",
        "coordinates": [
          -65.4125378,
          -24.78834
        ]
      },
      "id": "node/3849267640"
    },
    {
      "type": "Feature",
      "properties": {
        "@id": "node/3898511705",
        "tourism": "hotel"
      },
      "geometry": {
        "type": "Point",
        "coordinates": [
          -65.3952623,
          -24.7951851
        ]
      },
      "id": "node/3898511705"
    },
    {
      "type": "Feature",
      "properties": {
        "@id": "node/3903407891",
        "addr:city": "Salta",
        "addr:housenumber": "1024",
        "addr:postcode": "4400",
        "addr:street": "Avenida Uruguay",
        "amenity": "fast_food",
        "brand": "Burger King",
        "brand:wikidata": "Q177054",
        "brand:wikipedia": "en:Burger King",
        "cuisine": "burger",
        "name": "Avenida Uruguay;Burger King",
        "name:es": "Burger King",
        "takeaway": "yes"
      },
      "geometry": {
        "type": "Point",
        "coordinates": [
          -65.4015681,
          -24.7778033
        ]
      },
      "id": "node/3903407891"
    },
    {
      "type": "Feature",
      "properties": {
        "@id": "node/3905777242",
        "amenity": "restaurant",
        "name": "IRA"
      },
      "geometry": {
        "type": "Point",
        "coordinates": [
          -65.4082144,
          -24.7878257
        ]
      },
      "id": "node/3905777242"
    },
    {
      "type": "Feature",
      "properties": {
        "@id": "node/3906464352",
        "amenity": "atm",
        "brand": "Banco Macro"
      },
      "geometry": {
        "type": "Point",
        "coordinates": [
          -65.3995281,
          -24.7908226
        ]
      },
      "id": "node/3906464352"
    },
    {
      "type": "Feature",
      "properties": {
        "@id": "node/3915241279",
        "amenity": "pharmacy",
        "healthcare": "pharmacy",
        "name": "Farmacia Fleming"
      },
      "geometry": {
        "type": "Point",
        "coordinates": [
          -65.4117307,
          -24.7874391
        ]
      },
      "id": "node/3915241279"
    },
    {
      "type": "Feature",
      "properties": {
        "@id": "node/3919089836",
        "amenity": "fuel",
        "brand": "YPF",
        "fuel:diesel": "yes",
        "fuel:octane_95": "yes",
        "fuel:octane_98": "yes",
        "operator": "NUEVA ESTACION DE SERVICIO BOLIVAR SRL"
      },
      "geometry": {
        "type": "Point",
        "coordinates": [
          -65.420415,
          -24.7877384
        ]
      },
      "id": "node/3919089836"
    },
    {
      "type": "Feature",
      "properties": {
        "@id": "node/3919089837",
        "amenity": "fuel",
        "brand": "YPF",
        "fuel:octane_95": "yes",
        "fuel:octane_98": "yes",
        "operator": "E/S EL TRIUNFO SRL"
      },
      "geometry": {
        "type": "Point",
        "coordinates": [
          -65.43263,
          -24.79711
        ]
      },
      "id": "node/3919089837"
    },
    {
      "type": "Feature",
      "properties": {
        "@id": "node/4039042373",
        "addr:housenumber": "1668",
        "addr:street": "Alvarado",
        "name": "Hostal Balcon del Valle",
        "phone": "+54 387 422 8065",
        "tourism": "hostel",
        "website": "www.elbalcondelvalle.com.ar"
      },
      "geometry": {
        "type": "Point",
        "coordinates": [
          -65.4243196,
          -24.7899943
        ]
      },
      "id": "node/4039042373"
    },
    {
      "type": "Feature",
      "properties": {
        "@id": "node/4100108090",
        "amenity": "police",
        "name": "Puesto Policial Catolica"
      },
      "geometry": {
        "type": "Point",
        "coordinates": [
          -65.3956595,
          -24.7415293
        ]
      },
      "id": "node/4100108090"
    },
    {
      "type": "Feature",
      "properties": {
        "@id": "node/4100108091",
        "amenity": "atm",
        "brand": "Macro",
        "brand:wikidata": "Q2335199",
        "brand:wikipedia": "en:Banco Macro",
        "name": "Macro",
        "network": "Banelco",
        "operator": "Macro",
        "operator:wikidata": "Q2335199",
        "operator:wikipedia": "en:Banco Macro"
      },
      "geometry": {
        "type": "Point",
        "coordinates": [
          -65.3940384,
          -24.7415865
        ]
      },
      "id": "node/4100108091"
    },
    {
      "type": "Feature",
      "properties": {
        "@id": "node/4100153872",
        "amenity": "school",
        "name": "\"Dr. Arturo Oñativia\"",
        "operator": "Patricia C"
      },
      "geometry": {
        "type": "Point",
        "coordinates": [
          -65.3905895,
          -24.8179214
        ]
      },
      "id": "node/4100153872"
    },
    {
      "type": "Feature",
      "properties": {
        "@id": "node/4100153873",
        "amenity": "clinic",
        "healthcare": "clinic",
        "name": "Centro de salud \"Padre Lali\""
      },
      "geometry": {
        "type": "Point",
        "coordinates": [
          -65.3914189,
          -24.8176336
        ]
      },
      "id": "node/4100153873"
    },
    {
      "type": "Feature",
      "properties": {
        "@id": "node/4100394412",
        "amenity": "police",
        "name": "Comisaría Limache"
      },
      "geometry": {
        "type": "Point",
        "coordinates": [
          -65.4315825,
          -24.8527052
        ]
      },
      "id": "node/4100394412"
    },
    {
      "type": "Feature",
      "properties": {
        "@id": "node/4100431612",
        "name": "Súper Día",
        "shop": "supermarket"
      },
      "geometry": {
        "type": "Point",
        "coordinates": [
          -65.4521879,
          -24.8480481
        ]
      },
      "id": "node/4100431612"
    },
    {
      "type": "Feature",
      "properties": {
        "@id": "node/4100498354",
        "amenity": "school",
        "name": "Éscuela Clara Saravia Linares de Arias"
      },
      "geometry": {
        "type": "Point",
        "coordinates": [
          -65.4501505,
          -24.8455973
        ]
      },
      "id": "node/4100498354"
    },
    {
      "type": "Feature",
      "properties": {
        "@id": "node/4100821197",
        "addr:city": "Salta",
        "addr:housenumber": "295",
        "addr:postcode": "4400",
        "addr:street": "Deán Funes",
        "amenity": "fire_station",
        "check_date": "2026-02-17",
        "name": "Departamento Bomberos",
        "name:es": "Departamento Bomberos"
      },
      "geometry": {
        "type": "Point",
        "coordinates": [
          -65.4081193,
          -24.7868621
        ]
      },
      "id": "node/4100821197"
    },
    {
      "type": "Feature",
      "properties": {
        "@id": "node/4103908523",
        "amenity": "police",
        "name": "Destacamento policial Demi"
      },
      "geometry": {
        "type": "Point",
        "coordinates": [
          -65.4220411,
          -24.7755848
        ]
      },
      "id": "node/4103908523"
    },
    {
      "type": "Feature",
      "properties": {
        "@id": "node/4106970827",
        "amenity": "school",
        "name": "Escuela \"Betania del Sagrado Corazón\"",
        "operator": "Patricia C"
      },
      "geometry": {
        "type": "Point",
        "coordinates": [
          -65.3899556,
          -24.8192024
        ]
      },
      "id": "node/4106970827"
    },
    {
      "type": "Feature",
      "properties": {
        "@id": "node/4122144254",
        "addr:city": "Salta-Argentina",
        "addr:street": "El Condor",
        "amenity": "school",
        "name": "Escuela Evaristo Piñon Arias",
        "operator": "Lorena Paz"
      },
      "geometry": {
        "type": "Point",
        "coordinates": [
          -65.4470461,
          -24.8128977
        ]
      },
      "id": "node/4122144254"
    },
    {
      "type": "Feature",
      "properties": {
        "@id": "node/4137000789",
        "amenity": "parking"
      },
      "geometry": {
        "type": "Point",
        "coordinates": [
          -65.4094895,
          -24.7871796
        ]
      },
      "id": "node/4137000789"
    },
    {
      "type": "Feature",
      "properties": {
        "@id": "node/4166686689",
        "addr:street": "Santiago del Estero",
        "amenity": "fast_food",
        "name": "Paseo la Boca"
      },
      "geometry": {
        "type": "Point",
        "coordinates": [
          -65.4226291,
          -24.7842259
        ]
      },
      "id": "node/4166686689"
    },
    {
      "type": "Feature",
      "properties": {
        "@id": "node/4172889893",
        "addr:housenumber": "333",
        "addr:street": "General Martín Miguel de Güemes",
        "name": "Pachá Hostel Backpack",
        "tourism": "hotel"
      },
      "geometry": {
        "type": "Point",
        "coordinates": [
          -65.4072813,
          -24.7867917
        ]
      },
      "id": "node/4172889893"
    },
    {
      "type": "Feature",
      "properties": {
        "@id": "node/4175081524",
        "addr:housenumber": "256",
        "addr:street": "Buenos Aires",
        "name": "Residencial Elena",
        "tourism": "hotel"
      },
      "geometry": {
        "type": "Point",
        "coordinates": [
          -65.4100999,
          -24.7931748
        ]
      },
      "id": "node/4175081524"
    },
    {
      "type": "Feature",
      "properties": {
        "@id": "node/4175094964",
        "addr:housenumber": "444",
        "addr:street": "Caseros",
        "amenity": "restaurant",
        "name": "El Solar del Convento"
      },
      "geometry": {
        "type": "Point",
        "coordinates": [
          -65.4085853,
          -24.7899663
        ]
      },
      "id": "node/4175094964"
    },
    {
      "type": "Feature",
      "properties": {
        "@id": "node/4175140493",
        "amenity": "restaurant",
        "name": "Hotel"
      },
      "geometry": {
        "type": "Point",
        "coordinates": [
          -65.410181,
          -24.7965266
        ]
      },
      "id": "node/4175140493"
    },
    {
      "type": "Feature",
      "properties": {
        "@id": "node/4179348118",
        "addr:housenumber": "329",
        "addr:street": "Justo José de Urquiza",
        "name": "Carpe Diem",
        "tourism": "hotel"
      },
      "geometry": {
        "type": "Point",
        "coordinates": [
          -65.4077837,
          -24.7926541
        ]
      },
      "id": "node/4179348118"
    },
    {
      "type": "Feature",
      "properties": {
        "@id": "node/4179366085",
        "addr:housenumber": "325",
        "addr:street": "Justo José de Urquiza",
        "name": "Inti Raymi",
        "tourism": "hotel"
      },
      "geometry": {
        "type": "Point",
        "coordinates": [
          -65.4076795,
          -24.7926624
        ]
      },
      "id": "node/4179366085"
    },
    {
      "type": "Feature",
      "properties": {
        "@id": "node/4179368514",
        "addr:housenumber": "352",
        "addr:street": "Avenida San Martín",
        "amenity": "pharmacy",
        "healthcare": "pharmacy",
        "name": "Bio"
      },
      "geometry": {
        "type": "Point",
        "coordinates": [
          -65.4078433,
          -24.7938684
        ]
      },
      "id": "node/4179368514"
    },
    {
      "type": "Feature",
      "properties": {
        "@id": "node/4179370242",
        "addr:housenumber": "332",
        "addr:street": "Justo José de Urquiza",
        "name": "Andino",
        "tourism": "hostel"
      },
      "geometry": {
        "type": "Point",
        "coordinates": [
          -65.4075714,
          -24.7925438
        ]
      },
      "id": "node/4179370242"
    },
    {
      "type": "Feature",
      "properties": {
        "@id": "node/4195437221",
        "addr:housenumber": "246",
        "addr:street": "Córdoba",
        "name": "Posada de las Farolas",
        "tourism": "hotel"
      },
      "geometry": {
        "type": "Point",
        "coordinates": [
          -65.4086363,
          -24.7930427
        ]
      },
      "id": "node/4195437221"
    },
    {
      "type": "Feature",
      "properties": {
        "@id": "node/4195440397",
        "addr:housenumber": "534",
        "addr:street": "Córdoba",
        "name": "La Casona de la Linda",
        "tourism": "hostel"
      },
      "geometry": {
        "type": "Point",
        "coordinates": [
          -65.4089558,
          -24.7966644
        ]
      },
      "id": "node/4195440397"
    },
    {
      "type": "Feature",
      "properties": {
        "@id": "node/4199692689",
        "addr:housenumber": "465",
        "addr:street": "Catamarca",
        "internet_access": "wlan",
        "name": "la casita de salta",
        "opening_hours": "24/7",
        "phone": "+54 387 422 5193",
        "tourism": "hostel",
        "website": "https://www.lacasitadesalta.com.ar/"
      },
      "geometry": {
        "type": "Point",
        "coordinates": [
          -65.4059437,
          -24.7961871
        ]
      },
      "id": "node/4199692689"
    },
    {
      "type": "Feature",
      "properties": {
        "@id": "node/4201229184",
        "name": "Mil 902",
        "shop": "convenience"
      },
      "geometry": {
        "type": "Point",
        "coordinates": [
          -65.402312,
          -24.7889945
        ]
      },
      "id": "node/4201229184"
    },
    {
      "type": "Feature",
      "properties": {
        "@id": "node/4217434997",
        "amenity": "pharmacy",
        "healthcare": "pharmacy",
        "name": "Farmacia Monserrat"
      },
      "geometry": {
        "type": "Point",
        "coordinates": [
          -65.4093738,
          -24.7885849
        ]
      },
      "id": "node/4217434997"
    },
    {
      "type": "Feature",
      "properties": {
        "@id": "node/4217434998",
        "amenity": "restaurant",
        "cuisine": "pizza",
        "name": "Napoleón"
      },
      "geometry": {
        "type": "Point",
        "coordinates": [
          -65.4094588,
          -24.7863367
        ]
      },
      "id": "node/4217434998"
    },
    {
      "type": "Feature",
      "properties": {
        "@id": "node/4223950993",
        "addr:housenumber": "573",
        "addr:street": "La Rioja",
        "internet_access": "yes",
        "name": "Hostel Namaste",
        "operator": "Really Nice Man - Marcelo",
        "tourism": "hotel"
      },
      "geometry": {
        "type": "Point",
        "coordinates": [
          -65.4113253,
          -24.7987423
        ]
      },
      "id": "node/4223950993"
    },
    {
      "type": "Feature",
      "properties": {
        "@id": "node/4227633819",
        "amenity": "bank",
        "name": "Banco Columbia"
      },
      "geometry": {
        "type": "Point",
        "coordinates": [
          -65.4101714,
          -24.7875521
        ]
      },
      "id": "node/4227633819"
    },
    {
      "type": "Feature",
      "properties": {
        "@id": "node/4230995582",
        "brand": "Dia",
        "brand:wikidata": "Q925132",
        "brand:wikipedia": "es:Supermercados DIA",
        "name": "Dia",
        "shop": "supermarket"
      },
      "geometry": {
        "type": "Point",
        "coordinates": [
          -65.4241909,
          -24.8121478
        ]
      },
      "id": "node/4230995582"
    },
    {
      "type": "Feature",
      "properties": {
        "@id": "node/4236680377",
        "amenity": "bar",
        "name": "El Encuentro",
        "smoking": "outside",
        "wheelchair": "yes"
      },
      "geometry": {
        "type": "Point",
        "coordinates": [
          -65.4116557,
          -24.7986972
        ]
      },
      "id": "node/4236680377"
    },
    {
      "type": "Feature",
      "properties": {
        "@id": "node/4236697382",
        "amenity": "fast_food",
        "name": "El Encuentro"
      },
      "geometry": {
        "type": "Point",
        "coordinates": [
          -65.4117487,
          -24.7986946
        ]
      },
      "id": "node/4236697382"
    },
    {
      "type": "Feature",
      "properties": {
        "@id": "node/4242230090",
        "addr:housenumber": "90",
        "addr:postcode": "4400",
        "addr:street": "Santa Fe",
        "email": "apart@delconvento.com.ar",
        "internet_access": "wlan",
        "name": "Apart del Convento",
        "phone": "+54 387 431 0251",
        "tourism": "hotel",
        "website": "https://www.delconvento.com.ar/"
      },
      "geometry": {
        "type": "Point",
        "coordinates": [
          -65.4044513,
          -24.7914063
        ]
      },
      "id": "node/4242230090"
    },
    {
      "type": "Feature",
      "properties": {
        "@id": "node/4242981994",
        "addr:city": "Salta",
        "addr:housenumber": "630",
        "addr:postcode": "4400",
        "addr:street": "Rudecindo Alvarado",
        "contact:email": "info@hotelluxorsalta.com.ar",
        "name": "Luxor Hotel",
        "phone": "+54 387 4219239",
        "tourism": "hotel",
        "website": "http://www.hotelluxorsalta.com/"
      },
      "geometry": {
        "type": "Point",
        "coordinates": [
          -65.4103575,
          -24.7910658
        ]
      },
      "id": "node/4242981994"
    },
    {
      "type": "Feature",
      "properties": {
        "@id": "node/4243774991",
        "addr:street": "Los Juncos",
        "name": "Tayka Apart Hotel",
        "tourism": "hotel"
      },
      "geometry": {
        "type": "Point",
        "coordinates": [
          -65.392205,
          -24.7640751
        ]
      },
      "id": "node/4243774991"
    },
    {
      "type": "Feature",
      "properties": {
        "@id": "node/4265371989",
        "amenity": "cafe",
        "name": "Cafe Balcarce"
      },
      "geometry": {
        "type": "Point",
        "coordinates": [
          -65.4118476,
          -24.7828502
        ]
      },
      "id": "node/4265371989"
    },
    {
      "type": "Feature",
      "properties": {
        "@id": "node/4279080890",
        "addr:housenumber": "569",
        "addr:street": "General Martín Miguel de Güemes",
        "email": "info@lasrejashostel.com",
        "internet_access": "wlan",
        "name": "Las Rejas",
        "opening_hours": "24/7",
        "phone": "+54 387 422 7959",
        "tourism": "hostel",
        "website": "https://lasrejashostel.com.ar/",
        "wikidata": "Q111118114"
      },
      "geometry": {
        "type": "Point",
        "coordinates": [
          -65.4099509,
          -24.7864971
        ]
      },
      "id": "node/4279080890"
    },
    {
      "type": "Feature",
      "properties": {
        "@id": "node/4308097542",
        "bus": "yes",
        "highway": "bus_stop",
        "name": "tres cerritos",
        "public_transport": "platform"
      },
      "geometry": {
        "type": "Point",
        "coordinates": [
          -65.436291,
          -24.7970948
        ]
      },
      "id": "node/4308097542"
    },
    {
      "type": "Feature",
      "properties": {
        "@id": "node/4322578990",
        "name": "Prisamata",
        "tourism": "hostel",
        "wikidata": "Q111118111"
      },
      "geometry": {
        "type": "Point",
        "coordinates": [
          -65.4101386,
          -24.7794633
        ]
      },
      "id": "node/4322578990"
    },
    {
      "type": "Feature",
      "properties": {
        "@id": "node/4332451991",
        "amenity": "bank",
        "brand": "Macro",
        "brand:wikidata": "Q2335199",
        "brand:wikipedia": "en:Banco Macro",
        "name": "Macro"
      },
      "geometry": {
        "type": "Point",
        "coordinates": [
          -65.4194643,
          -24.8053292
        ]
      },
      "id": "node/4332451991"
    },
    {
      "type": "Feature",
      "properties": {
        "@id": "node/4332491416",
        "addr:street": "25 de Mayo",
        "amenity": "bar",
        "name": "Zeppelin Rockeria Resto Bar",
        "opening_hours": "Tu-Su 20:00-05:00"
      },
      "geometry": {
        "type": "Point",
        "coordinates": [
          -65.4145786,
          -24.7855156
        ]
      },
      "id": "node/4332491416"
    },
    {
      "type": "Feature",
      "properties": {
        "@id": "node/4332492589",
        "amenity": "fast_food",
        "name": "El Pitufo"
      },
      "geometry": {
        "type": "Point",
        "coordinates": [
          -65.4175345,
          -24.8059083
        ]
      },
      "id": "node/4332492589"
    },
    {
      "type": "Feature",
      "properties": {
        "@id": "node/4337135704",
        "addr:housenumber": "350",
        "addr:street": "Juan Martín de Pueyrredón",
        "amenity": "restaurant",
        "cuisine": "mexican",
        "name": "Mexico Lindo",
        "opening_hours": "Fr-Sa 12:00-15:00, 20:00-02:00; Su-Th 12:00-15:00, 20:00-00:00"
      },
      "geometry": {
        "type": "Point",
        "coordinates": [
          -65.4065177,
          -24.7861182
        ]
      },
      "id": "node/4337135704"
    },
    {
      "type": "Feature",
      "properties": {
        "@id": "node/4337180990",
        "addr:street": "Paseo Güemes",
        "amenity": "restaurant",
        "cuisine": "regional",
        "name": "Casa de Oro"
      },
      "geometry": {
        "type": "Point",
        "coordinates": [
          -65.4055801,
          -24.7868295
        ]
      },
      "id": "node/4337180990"
    },
    {
      "type": "Feature",
      "properties": {
        "@id": "node/4346246592",
        "addr:city": "Salta",
        "addr:country": "AR",
        "addr:housenumber": "583",
        "addr:postcode": "4400",
        "addr:province": "Salta",
        "addr:street": "Antonio Balcarce",
        "amenity": "cafe",
        "brand": "Café Martínez",
        "brand:wikidata": "Q16540032",
        "brand:wikipedia": "es:Café Martínez",
        "contact:facebook": "https://www.facebook.com/CafeMartinezSitioOficial/",
        "contact:instagram": "https://www.instagram.com/cafemartinezoficial/",
        "contact:twitter": "https://www.twitter.com/cafemartinez/",
        "cuisine": "coffee_shop",
        "delivery": "no",
        "drive_through": "no",
        "email": "saltabalcarce@cafemartinez.com.ar",
        "internet_access": "wlan",
        "name": "Café Martínez",
        "opening_hours": "Mo-Th 07:00-23:00; Fr 07:00-24:00; Sa 08:00-24:00; Su 08:00-23:00",
        "outdoor_seating": "yes",
        "phone": "+54 387 471-5043",
        "takeaway": "yes",
        "website": "https://www.cafemartinez.com/"
      },
      "geometry": {
        "type": "Point",
        "coordinates": [
          -65.4118334,
          -24.7826872
        ]
      },
      "id": "node/4346246592"
    },
    {
      "type": "Feature",
      "properties": {
        "@id": "node/4351623001",
        "addr:housenumber": "294",
        "addr:street": "Bartolomé Mitre",
        "name": "Sol Huasi II Hostal",
        "name:en": "Sol Huasi II Hostel",
        "tourism": "hostel"
      },
      "geometry": {
        "type": "Point",
        "coordinates": [
          -65.4106119,
          -24.7867489
        ]
      },
      "id": "node/4351623001"
    },
    {
      "type": "Feature",
      "properties": {
        "@id": "node/4354295919",
        "addr:housenumber": "145",
        "addr:postcode": "4400",
        "addr:street": "Benjamín Zorrilla",
        "email": "info@ankarasuites.com",
        "internet_access": "wlan",
        "name": "Ankara suites",
        "phone": "+54 387 421 3969",
        "tourism": "hotel",
        "website": "https://www.ankarasuites.com/"
      },
      "geometry": {
        "type": "Point",
        "coordinates": [
          -65.4046304,
          -24.7880203
        ]
      },
      "id": "node/4354295919"
    },
    {
      "type": "Feature",
      "properties": {
        "@id": "node/4359636257",
        "addr:housenumber": "MZA 449A CASA 1",
        "addr:street": "María Victoria Salgado Battistesa",
        "amenity": "pharmacy",
        "healthcare": "pharmacy",
        "name": "Farmacia Solidaridad"
      },
      "geometry": {
        "type": "Point",
        "coordinates": [
          -65.3952022,
          -24.8431941
        ]
      },
      "id": "node/4359636257"
    },
    {
      "type": "Feature",
      "properties": {
        "@id": "node/4372213494",
        "amenity": "police"
      },
      "geometry": {
        "type": "Point",
        "coordinates": [
          -65.4375061,
          -24.8553936
        ]
      },
      "id": "node/4372213494"
    },
    {
      "type": "Feature",
      "properties": {
        "@id": "node/4372492191",
        "amenity": "school",
        "name": "Escuela Barrio San Carlos",
        "name:es": "Escuela Barrio San Carlos"
      },
      "geometry": {
        "type": "Point",
        "coordinates": [
          -65.4418398,
          -24.8558827
        ]
      },
      "id": "node/4372492191"
    },
    {
      "type": "Feature",
      "properties": {
        "@id": "node/4374766237",
        "addr:city": "Salta",
        "addr:housenumber": "484",
        "addr:postcode": "4400",
        "addr:street": "Felipe Varela",
        "amenity": "hospital",
        "healthcare": "hospital",
        "name": "Centro de Salud 52 Santa Cecilia",
        "official_name": "Centro de Salud N° 52 Santa Cecilia"
      },
      "geometry": {
        "type": "Point",
        "coordinates": [
          -65.3982095,
          -24.8291933
        ]
      },
      "id": "node/4374766237"
    },
    {
      "type": "Feature",
      "properties": {
        "@id": "node/4376443506",
        "addr:city": "Salta",
        "addr:housenumber": "1150",
        "addr:postcode": "4400",
        "addr:street": "25 de Mayo",
        "amenity": "school",
        "name": "Escuela Rivadavia"
      },
      "geometry": {
        "type": "Point",
        "coordinates": [
          -65.4133869,
          -24.7753715
        ]
      },
      "id": "node/4376443506"
    },
    {
      "type": "Feature",
      "properties": {
        "@id": "node/4376469413",
        "addr:city": "SALTA CAPITAL",
        "addr:housenumber": "1000",
        "addr:postcode": "4400",
        "addr:street": "Avenida Domingo Faustino Sarmiento",
        "brand": "Vea",
        "brand:wikidata": "Q5858167",
        "brand:wikipedia": "es:Vea (supermercado)",
        "name": "Vea",
        "shop": "supermarket"
      },
      "geometry": {
        "type": "Point",
        "coordinates": [
          -65.4146422,
          -24.7763213
        ]
      },
      "id": "node/4376469413"
    },
    {
      "type": "Feature",
      "properties": {
        "@id": "node/4378279508",
        "addr:city": "Salta",
        "addr:housenumber": "520",
        "addr:postcode": "4400",
        "addr:street": "Florentino Ameghino",
        "amenity": "school",
        "description": "Establecimiento escolar de nivel inicial, primario y secundario (este ultimo durante el turno noche BSPA)",
        "name": "Escuela General Jose de San Martín"
      },
      "geometry": {
        "type": "Point",
        "coordinates": [
          -65.4088126,
          -24.7771563
        ]
      },
      "id": "node/4378279508"
    },
    {
      "type": "Feature",
      "properties": {
        "@id": "node/4378353661",
        "addr:city": "Salta",
        "addr:housenumber": "1033",
        "addr:postcode": "4400",
        "addr:street": "General Juan Antonio Álvarez de Arenales",
        "amenity": "hospital",
        "healthcare": "hospital",
        "name": "Emergencia Pediatrica"
      },
      "geometry": {
        "type": "Point",
        "coordinates": [
          -65.4155869,
          -24.7714012
        ]
      },
      "id": "node/4378353661"
    },
    {
      "type": "Feature",
      "properties": {
        "@id": "node/4386634265",
        "amenity": "bank"
      },
      "geometry": {
        "type": "Point",
        "coordinates": [
          -65.3997069,
          -24.8214719
        ]
      },
      "id": "node/4386634265"
    },
    {
      "type": "Feature",
      "properties": {
        "@id": "node/4446039991",
        "addr:housenumber": "306",
        "addr:street": "Facundo de Zuviría",
        "amenity": "restaurant",
        "name": "La Criollita",
        "name:es": "La Criollita",
        "opening_hours": "Mo-Su 10:00-15:00, 19:00-00:00",
        "phone": "+54 387 431 7342"
      },
      "geometry": {
        "type": "Point",
        "coordinates": [
          -65.4092149,
          -24.7862785
        ]
      },
      "id": "node/4446039991"
    },
    {
      "type": "Feature",
      "properties": {
        "@id": "node/4446515791",
        "amenity": "atm",
        "operator": "yo"
      },
      "geometry": {
        "type": "Point",
        "coordinates": [
          -65.4180379,
          -24.8397467
        ]
      },
      "id": "node/4446515791"
    },
    {
      "type": "Feature",
      "properties": {
        "@id": "node/4446629792",
        "addr:housenumber": "297",
        "addr:street": "General Martín Miguel de Güemes",
        "amenity": "cafe",
        "name": "Fili Helados",
        "name:es": "Fili Helados"
      },
      "geometry": {
        "type": "Point",
        "coordinates": [
          -65.416382,
          -24.7857878
        ]
      },
      "id": "node/4446629792"
    },
    {
      "type": "Feature",
      "properties": {
        "@id": "node/4446636099",
        "amenity": "atm",
        "network": "Link",
        "opening_hours": "24/7"
      },
      "geometry": {
        "type": "Point",
        "coordinates": [
          -65.40908,
          -24.7852554
        ]
      },
      "id": "node/4446636099"
    },
    {
      "type": "Feature",
      "properties": {
        "@id": "node/4460925589",
        "addr:housenumber": "368",
        "addr:street": "Córdoba",
        "internet_access": "wlan",
        "name": "La Posta",
        "name:es": "La Posta",
        "opening_hours": "24/7",
        "tourism": "hostel"
      },
      "geometry": {
        "type": "Point",
        "coordinates": [
          -65.4087917,
          -24.7947167
        ]
      },
      "id": "node/4460925589"
    },
    {
      "type": "Feature",
      "properties": {
        "@id": "node/4463934189",
        "amenity": "cafe",
        "name:en": "Maciss - Almacen Gourmet"
      },
      "geometry": {
        "type": "Point",
        "coordinates": [
          -65.4029457,
          -24.7919853
        ]
      },
      "id": "node/4463934189"
    },
    {
      "type": "Feature",
      "properties": {
        "@id": "node/4464718993",
        "amenity": "cafe",
        "cuisine": "cake;coffee_shop;sandwich",
        "name:en": "Big Ben"
      },
      "geometry": {
        "type": "Point",
        "coordinates": [
          -65.4103362,
          -24.7862717
        ]
      },
      "id": "node/4464718993"
    },
    {
      "type": "Feature",
      "properties": {
        "@id": "node/4465023196",
        "amenity": "cafe",
        "cuisine": "coffee_shop",
        "name": "Charleston"
      },
      "geometry": {
        "type": "Point",
        "coordinates": [
          -65.4038578,
          -24.7867281
        ]
      },
      "id": "node/4465023196"
    },
    {
      "type": "Feature",
      "properties": {
        "@id": "node/4465898091",
        "amenity": "restaurant"
      },
      "geometry": {
        "type": "Point",
        "coordinates": [
          -65.4059256,
          -24.7870553
        ]
      },
      "id": "node/4465898091"
    },
    {
      "type": "Feature",
      "properties": {
        "@id": "node/4465898190",
        "amenity": "bar",
        "cuisine": "argentinian;tapas",
        "name": "Mulata",
        "name:es": "Mulata"
      },
      "geometry": {
        "type": "Point",
        "coordinates": [
          -65.4054658,
          -24.7855911
        ]
      },
      "id": "node/4465898190"
    },
    {
      "type": "Feature",
      "properties": {
        "@id": "node/4465898890",
        "amenity": "bar",
        "internet_access": "wlan",
        "name:en": "Cafe del Tiempo",
        "name:es": "Cafe del Tiempo"
      },
      "geometry": {
        "type": "Point",
        "coordinates": [
          -65.4054683,
          -24.7868186
        ]
      },
      "id": "node/4465898890"
    },
    {
      "type": "Feature",
      "properties": {
        "@id": "node/4466248789",
        "addr:housenumber": "423",
        "addr:street": "Vicente López",
        "amenity": "restaurant",
        "cuisine": "regional",
        "name": "Viejo Almacén",
        "name:en": "Logros Cafe"
      },
      "geometry": {
        "type": "Point",
        "coordinates": [
          -65.4053374,
          -24.7851496
        ]
      },
      "id": "node/4466248789"
    },
    {
      "type": "Feature",
      "properties": {
        "@id": "node/4474223693",
        "addr:housenumber": "523",
        "addr:street": "Los Juncos",
        "email": "reservas@taykahotelboutique.com",
        "name": "Tayka Salta Suites Apart",
        "phone": "+54 387 495 0703",
        "tourism": "hotel",
        "website": "http://taykahotelboutique.com/"
      },
      "geometry": {
        "type": "Point",
        "coordinates": [
          -65.3921205,
          -24.7639692
        ]
      },
      "id": "node/4474223693"
    },
    {
      "type": "Feature",
      "properties": {
        "@id": "node/4476218990",
        "amenity": "bar",
        "name:en": "Pek's Bar"
      },
      "geometry": {
        "type": "Point",
        "coordinates": [
          -65.4114423,
          -24.7848352
        ]
      },
      "id": "node/4476218990"
    },
    {
      "type": "Feature",
      "properties": {
        "@id": "node/4476218991",
        "amenity": "bar",
        "name": "Mónaco",
        "name:en": "Old Charlie's Bar"
      },
      "geometry": {
        "type": "Point",
        "coordinates": [
          -65.4120881,
          -24.7847743
        ]
      },
      "id": "node/4476218991"
    },
    {
      "type": "Feature",
      "properties": {
        "@id": "node/4476218992",
        "addr:housenumber": "96",
        "addr:street": "Antonio Balcarce",
        "amenity": "cafe",
        "name:en": "Bixi Coffee House",
        "phone": "+54 387 422 4292",
        "website": "http://www.bixicoffeehouse.com"
      },
      "geometry": {
        "type": "Point",
        "coordinates": [
          -65.4122296,
          -24.788751
        ]
      },
      "id": "node/4476218992"
    },
    {
      "type": "Feature",
      "properties": {
        "@id": "node/4476218993",
        "amenity": "cafe",
        "name:en": "Balcarce"
      },
      "geometry": {
        "type": "Point",
        "coordinates": [
          -65.4124705,
          -24.7894236
        ]
      },
      "id": "node/4476218993"
    },
    {
      "type": "Feature",
      "properties": {
        "@id": "node/4476637391",
        "amenity": "pharmacy",
        "healthcare": "pharmacy"
      },
      "geometry": {
        "type": "Point",
        "coordinates": [
          -65.4073949,
          -24.7854524
        ]
      },
      "id": "node/4476637391"
    },
    {
      "type": "Feature",
      "properties": {
        "@id": "node/4476667090",
        "amenity": "cafe",
        "cuisine": "coffee_shop",
        "name:en": "Bonnie Parker"
      },
      "geometry": {
        "type": "Point",
        "coordinates": [
          -65.4066143,
          -24.7852199
        ]
      },
      "id": "node/4476667090"
    },
    {
      "type": "Feature",
      "properties": {
        "@id": "node/4476667092",
        "amenity": "pharmacy",
        "healthcare": "pharmacy"
      },
      "geometry": {
        "type": "Point",
        "coordinates": [
          -65.4093357,
          -24.7849786
        ]
      },
      "id": "node/4476667092"
    },
    {
      "type": "Feature",
      "properties": {
        "@id": "node/4476670592",
        "amenity": "restaurant",
        "name": "Sushi Go",
        "name:en": "Coffee Center"
      },
      "geometry": {
        "type": "Point",
        "coordinates": [
          -65.4077373,
          -24.7853348
        ]
      },
      "id": "node/4476670592"
    },
    {
      "type": "Feature",
      "properties": {
        "@id": "node/4476671291",
        "amenity": "cafe",
        "name": "Petit Cafe"
      },
      "geometry": {
        "type": "Point",
        "coordinates": [
          -65.4098287,
          -24.7906311
        ]
      },
      "id": "node/4476671291"
    },
    {
      "type": "Feature",
      "properties": {
        "@id": "node/4476674791",
        "amenity": "cafe",
        "name:en": "Havanna"
      },
      "geometry": {
        "type": "Point",
        "coordinates": [
          -65.4079965,
          -24.7853219
        ]
      },
      "id": "node/4476674791"
    },
    {
      "type": "Feature",
      "properties": {
        "@id": "node/4476695689",
        "amenity": "cafe",
        "name:en": "Cafe Confiteria",
        "name:es": "Cafe Confiteria"
      },
      "geometry": {
        "type": "Point",
        "coordinates": [
          -65.4093289,
          -24.7852156
        ]
      },
      "id": "node/4476695689"
    },
    {
      "type": "Feature",
      "properties": {
        "@id": "node/4476748889",
        "internet_access": "wlan",
        "name": "Hostal La Catedral",
        "name:es": "Hostal La Catedral",
        "tourism": "hotel"
      },
      "geometry": {
        "type": "Point",
        "coordinates": [
          -65.4090361,
          -24.7911607
        ]
      },
      "id": "node/4476748889"
    },
    {
      "type": "Feature",
      "properties": {
        "@id": "node/4479302102",
        "amenity": "restaurant",
        "name": "Doña Salta",
        "name:es": "Doña Salta"
      },
      "geometry": {
        "type": "Point",
        "coordinates": [
          -65.4084678,
          -24.790577
        ]
      },
      "id": "node/4479302102"
    },
    {
      "type": "Feature",
      "properties": {
        "@id": "node/4489626017",
        "addr:housenumber": "353",
        "addr:street": "Vicente López",
        "amenity": "restaurant",
        "cuisine": "regional",
        "name": "Viracocha",
        "phone": "+54 387 4212916"
      },
      "geometry": {
        "type": "Point",
        "coordinates": [
          -65.4054286,
          -24.7860304
        ]
      },
      "id": "node/4489626017"
    },
    {
      "type": "Feature",
      "properties": {
        "@id": "node/4495847126",
        "addr:housenumber": "456",
        "addr:street": "España",
        "amenity": "restaurant",
        "cuisine": "regional",
        "name": "LaPosta"
      },
      "geometry": {
        "type": "Point",
        "coordinates": [
          -65.409264,
          -24.7885589
        ]
      },
      "id": "node/4495847126"
    },
    {
      "type": "Feature",
      "properties": {
        "@id": "node/4495847128",
        "amenity": "restaurant",
        "cuisine": "regional",
        "name": "Distinto Steakhouse Restaurante Parilla"
      },
      "geometry": {
        "type": "Point",
        "coordinates": [
          -65.4003591,
          -24.7741917
        ]
      },
      "id": "node/4495847128"
    },
    {
      "type": "Feature",
      "properties": {
        "@id": "node/4495847129",
        "amenity": "restaurant",
        "cuisine": "regional",
        "name": "La Monumental"
      },
      "geometry": {
        "type": "Point",
        "coordinates": [
          -65.3974267,
          -24.7727898
        ]
      },
      "id": "node/4495847129"
    },
    {
      "type": "Feature",
      "properties": {
        "@id": "node/4499328773",
        "bus": "yes",
        "highway": "bus_stop",
        "name": "Botta de Nicolai y Calle M",
        "network": "https://saetasalta.com.ar/saetaw/",
        "operator": "Transal S.R.L., Ale Hnos S.R.L.",
        "public_transport": "platform",
        "ref": "6A Nocturno, Huaico Mirasoles (5D-6D)",
        "shelter": "no"
      },
      "geometry": {
        "type": "Point",
        "coordinates": [
          -65.4156516,
          -24.7276346
        ]
      },
      "id": "node/4499328773"
    },
    {
      "type": "Feature",
      "properties": {
        "@id": "node/4502513396",
        "addr:housenumber": "599",
        "addr:street": "General Martín Miguel de Güemes",
        "amenity": "restaurant",
        "name": "Angolo"
      },
      "geometry": {
        "type": "Point",
        "coordinates": [
          -65.4105931,
          -24.7864928
        ]
      },
      "id": "node/4502513396"
    },
    {
      "type": "Feature",
      "properties": {
        "@id": "node/4505126491",
        "amenity": "bank",
        "atm": "yes",
        "name": "Banco Macro"
      },
      "geometry": {
        "type": "Point",
        "coordinates": [
          -65.4118928,
          -24.7876952
        ]
      },
      "id": "node/4505126491"
    },
    {
      "type": "Feature",
      "properties": {
        "@id": "node/4578479897",
        "amenity": "restaurant",
        "name": "Sangucheria Paprika",
        "name:es": "Sangucheria Paprika"
      },
      "geometry": {
        "type": "Point",
        "coordinates": [
          -65.413037,
          -24.7833182
        ]
      },
      "id": "node/4578479897"
    },
    {
      "type": "Feature",
      "properties": {
        "@id": "node/4587447891",
        "amenity": "cafe",
        "name:ko": "인터넷 까페"
      },
      "geometry": {
        "type": "Point",
        "coordinates": [
          -65.4002237,
          -24.7912382
        ]
      },
      "id": "node/4587447891"
    },
    {
      "type": "Feature",
      "properties": {
        "@id": "node/4587587290",
        "amenity": "cafe",
        "name:ko": "아이스크림 도매"
      },
      "geometry": {
        "type": "Point",
        "coordinates": [
          -65.4011763,
          -24.7926782
        ]
      },
      "id": "node/4587587290"
    },
    {
      "type": "Feature",
      "properties": {
        "@id": "node/4595545593",
        "addr:housenumber": "783",
        "addr:street": "Esteco",
        "internet_access": "wlan",
        "name": "Limbo hostel",
        "name:es": "Limbo hostel",
        "opening_hours": "24/7",
        "tourism": "hostel"
      },
      "geometry": {
        "type": "Point",
        "coordinates": [
          -65.4169499,
          -24.7993649
        ]
      },
      "id": "node/4595545593"
    },
    {
      "type": "Feature",
      "properties": {
        "@id": "node/4630296227",
        "addr:housenumber": "159",
        "addr:street": "Jujuy",
        "internet_access": "wlan",
        "name": "Hostel nuevo puesto",
        "name:es": "Hostel nuevo puesto",
        "tourism": "hostel"
      },
      "geometry": {
        "type": "Point",
        "coordinates": [
          -65.416482,
          -24.7899529
        ]
      },
      "id": "node/4630296227"
    },
    {
      "type": "Feature",
      "properties": {
        "@id": "node/4650608289",
        "addr:housenumber": "901",
        "addr:postcode": "4400",
        "addr:street": "Bartolomé Mitre",
        "amenity": "restaurant",
        "internet_access": "wlan",
        "name": "Macacha",
        "name:en": "Macacha",
        "name:es": "Macacha",
        "opening_hours": "Mo-Sa 08:00-22:00",
        "phone": "+54 387 4316183"
      },
      "geometry": {
        "type": "Point",
        "coordinates": [
          -65.4100492,
          -24.77854
        ]
      },
      "id": "node/4650608289"
    },
    {
      "type": "Feature",
      "properties": {
        "@id": "node/4659812091",
        "addr:housenumber": "184",
        "addr:postcode": "4400",
        "addr:street": "Mariano Boedo",
        "name": "Hostal San Bernardo",
        "name:es": "Hostal San Bernardo",
        "opening_hours": "24/7",
        "tourism": "hotel"
      },
      "geometry": {
        "type": "Point",
        "coordinates": [
          -65.3990188,
          -24.7932245
        ]
      },
      "id": "node/4659812091"
    },
    {
      "type": "Feature",
      "properties": {
        "@id": "node/4661318389",
        "addr:housenumber": "590",
        "addr:street": "Necochea",
        "amenity": "restaurant",
        "name": "José Balcarce"
      },
      "geometry": {
        "type": "Point",
        "coordinates": [
          -65.4097974,
          -24.7785261
        ]
      },
      "id": "node/4661318389"
    },
    {
      "type": "Feature",
      "properties": {
        "@id": "node/4695525391",
        "addr:housenumber": "419",
        "addr:street": "Córdoba",
        "email": "hostalelituano@hotmail.com",
        "internet_access": "wlan",
        "name": "El Lituano Hostal",
        "phone": "+54 387 421 2518",
        "tourism": "hostel",
        "website": "https://www.facebook.com/Hostal-El-Lituano-1518284191811121/"
      },
      "geometry": {
        "type": "Point",
        "coordinates": [
          -65.4087188,
          -24.7953075
        ]
      },
      "id": "node/4695525391"
    },
    {
      "type": "Feature",
      "properties": {
        "@id": "node/4746851429",
        "addr:housenumber": "1199",
        "addr:postcode": "4400",
        "addr:street": "Juan Martín Leguizamón",
        "amenity": "fast_food",
        "name:es": "Come Sano!",
        "opening_hours": "Mo-Fr 08:30-16:00"
      },
      "geometry": {
        "type": "Point",
        "coordinates": [
          -65.4186256,
          -24.7833502
        ]
      },
      "id": "node/4746851429"
    },
    {
      "type": "Feature",
      "properties": {
        "@id": "node/4755595359",
        "addr:city": "Salta",
        "addr:housenumber": "62",
        "addr:street": "Abraham Cornejo",
        "internet_access": "yes",
        "internet_access:fee": "no",
        "name": "Tierra Norte",
        "tourism": "hostel"
      },
      "geometry": {
        "type": "Point",
        "coordinates": [
          -65.4024648,
          -24.7969594
        ]
      },
      "id": "node/4755595359"
    },
    {
      "type": "Feature",
      "properties": {
        "@id": "node/4758508224",
        "addr:housenumber": "575",
        "addr:postcode": "4400",
        "addr:street": "Antonio Balcarce",
        "amenity": "restaurant",
        "name": "Plaza de almas",
        "name:en": "Plaza de almas",
        "name:es": "Plaza de almas"
      },
      "geometry": {
        "type": "Point",
        "coordinates": [
          -65.4118396,
          -24.7827721
        ]
      },
      "id": "node/4758508224"
    },
    {
      "type": "Feature",
      "properties": {
        "@id": "node/4797476422",
        "addr:housenumber": "504",
        "addr:street": "Catamarca",
        "amenity": "fast_food",
        "cuisine": "burger;pizza",
        "name": "100% Sabroso",
        "name:es": "100% Sabroso",
        "opening_hours": "Mo-Sa 12:00-01:00; Su 20:00-00:00",
        "phone": "4225388"
      },
      "geometry": {
        "type": "Point",
        "coordinates": [
          -65.4062294,
          -24.7967465
        ]
      },
      "id": "node/4797476422"
    },
    {
      "type": "Feature",
      "properties": {
        "@id": "node/4812005149",
        "amenity": "restaurant",
        "name": "Aluma",
        "name:es": "Aluma"
      },
      "geometry": {
        "type": "Point",
        "coordinates": [
          -65.4115447,
          -24.7793482
        ]
      },
      "id": "node/4812005149"
    },
    {
      "type": "Feature",
      "properties": {
        "@id": "node/4820546821",
        "addr:housenumber": "151",
        "addr:postcode": "A4400ANC",
        "addr:street": "España",
        "amenity": "clinic",
        "email": "laboratorioruiz-moreno@hotmail.com",
        "healthcare": "clinic",
        "internet_access": "wlan",
        "name": "Laboratorio Ruiz Moreno",
        "name:es": "Laboratorio Ruiz Moreno",
        "opening_hours": "Mo-Sa 07:30-18:00",
        "phone": "+54 387 431 4452",
        "website": "https://www.labruizmoreno.com.ar/"
      },
      "geometry": {
        "type": "Point",
        "coordinates": [
          -65.4049435,
          -24.789108
        ]
      },
      "id": "node/4820546821"
    },
    {
      "type": "Feature",
      "properties": {
        "@id": "node/4843936221",
        "addr:housenumber": "396",
        "addr:street": "Caseros",
        "amenity": "cafe",
        "cuisine": "empanada",
        "diet:gluten_free": "no",
        "name": "La Tacita",
        "opening_hours": "Mo-Sa 08:00-23:00; Su 10:00-23:00"
      },
      "geometry": {
        "type": "Point",
        "coordinates": [
          -65.4081647,
          -24.7899348
        ]
      },
      "id": "node/4843936221"
    },
    {
      "type": "Feature",
      "properties": {
        "@id": "node/4850759422",
        "amenity": "restaurant",
        "name:en": "El Chaura"
      },
      "geometry": {
        "type": "Point",
        "coordinates": [
          -65.4050217,
          -24.7868008
        ]
      },
      "id": "node/4850759422"
    },
    {
      "type": "Feature",
      "properties": {
        "@id": "node/4867748421",
        "shop": "convenience"
      },
      "geometry": {
        "type": "Point",
        "coordinates": [
          -65.409035,
          -24.8003392
        ]
      },
      "id": "node/4867748421"
    },
    {
      "type": "Feature",
      "properties": {
        "@id": "node/4870313873",
        "level": "0",
        "name": "La casa de los mil yuyos (Naturalesa)",
        "shop": "convenience"
      },
      "geometry": {
        "type": "Point",
        "coordinates": [
          -65.4100702,
          -24.7928358
        ]
      },
      "id": "node/4870313873"
    },
    {
      "type": "Feature",
      "properties": {
        "@id": "node/4870313875",
        "level": "0",
        "name": "Almacén Naturista",
        "shop": "convenience"
      },
      "geometry": {
        "type": "Point",
        "coordinates": [
          -65.4143025,
          -24.7797191
        ]
      },
      "id": "node/4870313875"
    },
    {
      "type": "Feature",
      "properties": {
        "@id": "node/4870313878",
        "amenity": "restaurant",
        "cuisine": "arab",
        "level": "0",
        "name": "Dubai",
        "opening_hours": "Mo-Sa 12:00-15:00,21:00-24:00"
      },
      "geometry": {
        "type": "Point",
        "coordinates": [
          -65.4062655,
          -24.7838746
        ]
      },
      "id": "node/4870313878"
    },
    {
      "type": "Feature",
      "properties": {
        "@id": "node/4870313880",
        "level": "0",
        "name": "Rio Negro Salud (Naturalesa)",
        "shop": "convenience"
      },
      "geometry": {
        "type": "Point",
        "coordinates": [
          -65.4100569,
          -24.7925949
        ]
      },
      "id": "node/4870313880"
    },
    {
      "type": "Feature",
      "properties": {
        "@id": "node/4880059822",
        "amenity": "restaurant",
        "name": "Jovi Dos",
        "name:es": "Jovi Dos"
      },
      "geometry": {
        "type": "Point",
        "coordinates": [
          -65.4117008,
          -24.7823192
        ]
      },
      "id": "node/4880059822"
    },
    {
      "type": "Feature",
      "properties": {
        "@id": "node/4888300522",
        "amenity": "fast_food",
        "name": "Spiedo Italia"
      },
      "geometry": {
        "type": "Point",
        "coordinates": [
          -65.4098577,
          -24.7875282
        ]
      },
      "id": "node/4888300522"
    },
    {
      "type": "Feature",
      "properties": {
        "@id": "node/4923157482",
        "addr:city": "Salta Capital",
        "addr:postcode": "4400",
        "addr:street": "Pompilio Guzmán",
        "amenity": "police",
        "name": "Comisaría 4ta"
      },
      "geometry": {
        "type": "Point",
        "coordinates": [
          -65.3779815,
          -24.8168501
        ]
      },
      "id": "node/4923157482"
    },
    {
      "type": "Feature",
      "properties": {
        "@id": "node/4972775421",
        "name": "Dani",
        "name:es": "Dani",
        "tourism": "hostel"
      },
      "geometry": {
        "type": "Point",
        "coordinates": [
          -65.4240783,
          -24.780147
        ]
      },
      "id": "node/4972775421"
    },
    {
      "type": "Feature",
      "properties": {
        "@id": "node/4988971932",
        "amenity": "pharmacy",
        "healthcare": "pharmacy"
      },
      "geometry": {
        "type": "Point",
        "coordinates": [
          -65.4216555,
          -24.7703793
        ]
      },
      "id": "node/4988971932"
    },
    {
      "type": "Feature",
      "properties": {
        "@id": "node/4997818621",
        "addr:postcode": "4400",
        "amenity": "pharmacy",
        "healthcare": "pharmacy",
        "name": "Farmacia Del Valle"
      },
      "geometry": {
        "type": "Point",
        "coordinates": [
          -65.4110349,
          -24.8189122
        ]
      },
      "id": "node/4997818621"
    },
    {
      "type": "Feature",
      "properties": {
        "@id": "node/5025219723",
        "amenity": "fast_food",
        "brand": "McDonald's",
        "brand:wikidata": "Q38076",
        "brand:wikipedia": "es:McDonald's",
        "cuisine": "burger",
        "name": "McDonald's",
        "name:es": "McDonald's",
        "takeaway": "yes"
      },
      "geometry": {
        "type": "Point",
        "coordinates": [
          -65.403012,
          -24.7805591
        ]
      },
      "id": "node/5025219723"
    },
    {
      "type": "Feature",
      "properties": {
        "@id": "node/5025795421",
        "amenity": "clinic",
        "healthcare": "clinic",
        "name": "CIOS"
      },
      "geometry": {
        "type": "Point",
        "coordinates": [
          -65.4015955,
          -24.7912568
        ]
      },
      "id": "node/5025795421"
    },
    {
      "type": "Feature",
      "properties": {
        "@id": "node/5025878525",
        "addr:housenumber": "93",
        "addr:postcode": "4400",
        "addr:street": "Avenida Juan B. Justo",
        "amenity": "hospital",
        "healthcare": "hospital",
        "internet_access": "wlan",
        "name": "Hospital Privado Tres Cerrito",
        "opening_hours": "24/7",
        "phone": "+54 387 439 8880",
        "website": "https://hp3c.com.ar/",
        "wikidata": "Q95447608"
      },
      "geometry": {
        "type": "Point",
        "coordinates": [
          -65.4029334,
          -24.7657953
        ]
      },
      "id": "node/5025878525"
    },
    {
      "type": "Feature",
      "properties": {
        "@id": "node/5027151921",
        "addr:city": "Salta",
        "addr:housenumber": "221",
        "addr:postcode": "4400",
        "addr:street": "Caseros",
        "amenity": "restaurant",
        "check_date": "2026-02-08",
        "cuisine": "argentinian",
        "internet_access": "wlan",
        "name": "El Charrúa Restaurante y Parrillada",
        "website": "http://www.parrillaelcharrua.com.ar"
      },
      "geometry": {
        "type": "Point",
        "coordinates": [
          -65.4059407,
          -24.7902288
        ]
      },
      "id": "node/5027151921"
    },
    {
      "type": "Feature",
      "properties": {
        "@id": "node/5027152021",
        "amenity": "restaurant",
        "cuisine": "argentinian",
        "name": "La Posada",
        "name:es": "La Posada"
      },
      "geometry": {
        "type": "Point",
        "coordinates": [
          -65.4064132,
          -24.7901861
        ]
      },
      "id": "node/5027152021"
    },
    {
      "type": "Feature",
      "properties": {
        "@id": "node/5027152221",
        "amenity": "pharmacy",
        "healthcare": "pharmacy",
        "name": "De Valle"
      },
      "geometry": {
        "type": "Point",
        "coordinates": [
          -65.4068922,
          -24.790026
        ]
      },
      "id": "node/5027152221"
    },
    {
      "type": "Feature",
      "properties": {
        "@id": "node/5027272023",
        "amenity": "pharmacy",
        "healthcare": "pharmacy"
      },
      "geometry": {
        "type": "Point",
        "coordinates": [
          -65.4079342,
          -24.7874435
        ]
      },
      "id": "node/5027272023"
    },
    {
      "type": "Feature",
      "properties": {
        "@id": "node/5027395822",
        "addr:housenumber": "237",
        "addr:street": "Santiago del Estero",
        "amenity": "restaurant",
        "cuisine": "argentinian;grill",
        "name": "La Candelaria Parilla",
        "name:es": "Zz",
        "phone": "+54 387 422 3845"
      },
      "geometry": {
        "type": "Point",
        "coordinates": [
          -65.4057377,
          -24.7854833
        ]
      },
      "id": "node/5027395822"
    },
    {
      "type": "Feature",
      "properties": {
        "@id": "node/5043683522",
        "name": "Super dia",
        "name:en": "Super dia",
        "name:es": "Super dia",
        "shop": "supermarket"
      },
      "geometry": {
        "type": "Point",
        "coordinates": [
          -65.4694745,
          -24.8556083
        ]
      },
      "id": "node/5043683522"
    },
    {
      "type": "Feature",
      "properties": {
        "@id": "node/5057405631",
        "name": "Almacén",
        "shop": "convenience"
      },
      "geometry": {
        "type": "Point",
        "coordinates": [
          -65.4044921,
          -24.8346271
        ]
      },
      "id": "node/5057405631"
    },
    {
      "type": "Feature",
      "properties": {
        "@id": "node/5057405642",
        "amenity": "school",
        "name": "Escuela 4843 Bicentenario de la Batalla de Salta"
      },
      "geometry": {
        "type": "Point",
        "coordinates": [
          -65.4048629,
          -24.834584
        ]
      },
      "id": "node/5057405642"
    },
    {
      "type": "Feature",
      "properties": {
        "@id": "node/5057405643",
        "amenity": "police"
      },
      "geometry": {
        "type": "Point",
        "coordinates": [
          -65.4051034,
          -24.8337286
        ]
      },
      "id": "node/5057405643"
    },
    {
      "type": "Feature",
      "properties": {
        "@id": "node/5067269527",
        "addr:housenumber": "1489",
        "addr:postcode": "4400",
        "addr:street": "Toribio Zapata",
        "internet_access": "wlan",
        "name": "Alquiler Residencial",
        "name:es": "Alquiler Residencial",
        "opening_hours": "24/7",
        "tourism": "hostel"
      },
      "geometry": {
        "type": "Point",
        "coordinates": [
          -65.4252061,
          -24.8104544
        ]
      },
      "id": "node/5067269527"
    },
    {
      "type": "Feature",
      "properties": {
        "@id": "node/5109802022",
        "amenity": "fast_food"
      },
      "geometry": {
        "type": "Point",
        "coordinates": [
          -65.4016975,
          -24.7944084
        ]
      },
      "id": "node/5109802022"
    },
    {
      "type": "Feature",
      "properties": {
        "@id": "node/5117767221",
        "amenity": "fast_food",
        "cuisine": "hot_dog",
        "name": "mega panchos",
        "name:en": "mega panchos (hotdogs)",
        "name:nl": "mega panchos (hotdogs)"
      },
      "geometry": {
        "type": "Point",
        "coordinates": [
          -65.4113647,
          -24.7897134
        ]
      },
      "id": "node/5117767221"
    },
    {
      "type": "Feature",
      "properties": {
        "@id": "node/5159384221",
        "addr:housenumber": "1244",
        "addr:street": "Avenida San Martín",
        "amenity": "restaurant",
        "cuisine": "regional",
        "name": "Mikuna Huasi",
        "opening_hours": "Mo-Su 12:00-18:00",
        "phone": "+54 387 503 8158"
      },
      "geometry": {
        "type": "Point",
        "coordinates": [
          -65.4202673,
          -24.7927956
        ]
      },
      "id": "node/5159384221"
    },
    {
      "type": "Feature",
      "properties": {
        "@id": "node/5161982624",
        "amenity": "atm",
        "brand": "Macro",
        "brand:wikidata": "Q2335199",
        "operator": "Macro",
        "operator:wikidata": "Q2335199"
      },
      "geometry": {
        "type": "Point",
        "coordinates": [
          -65.3981566,
          -24.7958297
        ]
      },
      "id": "node/5161982624"
    },
    {
      "type": "Feature",
      "properties": {
        "@id": "node/5162006721",
        "amenity": "restaurant",
        "name:en": "Citybar"
      },
      "geometry": {
        "type": "Point",
        "coordinates": [
          -65.4099527,
          -24.7899351
        ]
      },
      "id": "node/5162006721"
    },
    {
      "type": "Feature",
      "properties": {
        "@id": "node/5163234622",
        "amenity": "cafe",
        "name:en": "Trazos"
      },
      "geometry": {
        "type": "Point",
        "coordinates": [
          -65.4089392,
          -24.7839295
        ]
      },
      "id": "node/5163234622"
    },
    {
      "type": "Feature",
      "properties": {
        "@id": "node/5163237122",
        "amenity": "restaurant",
        "name:en": "Bartz"
      },
      "geometry": {
        "type": "Point",
        "coordinates": [
          -65.4084416,
          -24.7839733
        ]
      },
      "id": "node/5163237122"
    },
    {
      "type": "Feature",
      "properties": {
        "@id": "node/5180429827",
        "amenity": "restaurant",
        "cuisine": "argentinian;pizza;empanada",
        "internet_access": "wlan",
        "name": "El Palacio"
      },
      "geometry": {
        "type": "Point",
        "coordinates": [
          -65.4047494,
          -24.7903407
        ]
      },
      "id": "node/5180429827"
    },
    {
      "type": "Feature",
      "properties": {
        "@id": "node/5181751523",
        "amenity": "fast_food",
        "name": "Sándwicheria Charly",
        "name:es": "Sándwicheria Charly"
      },
      "geometry": {
        "type": "Point",
        "coordinates": [
          -65.4317724,
          -24.7922348
        ]
      },
      "id": "node/5181751523"
    },
    {
      "type": "Feature",
      "properties": {
        "@id": "node/5181760421",
        "amenity": "school",
        "name": "Esc N°4314 Brigadier Gral J. A Álvarez de Arenales",
        "name:es": "Esc N°4314 Brigadier Gral J. A Álvarez de Arenales"
      },
      "geometry": {
        "type": "Point",
        "coordinates": [
          -65.4360497,
          -24.7875651
        ]
      },
      "id": "node/5181760421"
    },
    {
      "type": "Feature",
      "properties": {
        "@id": "node/5192367123",
        "name": "Posada La Casona",
        "tourism": "hotel"
      },
      "geometry": {
        "type": "Point",
        "coordinates": [
          -65.4142071,
          -24.7883623
        ]
      },
      "id": "node/5192367123"
    },
    {
      "type": "Feature",
      "properties": {
        "@id": "node/5196104723",
        "addr:housenumber": "175",
        "addr:street": "Peatonal Juan Bautista Alberdi",
        "internet_access": "wlan",
        "name": "Eco hostel",
        "tourism": "hostel"
      },
      "geometry": {
        "type": "Point",
        "coordinates": [
          -65.4110227,
          -24.7919591
        ]
      },
      "id": "node/5196104723"
    },
    {
      "type": "Feature",
      "properties": {
        "@id": "node/5203465550",
        "addr:city": "Salta",
        "addr:housenumber": "1595",
        "addr:postcode": "4400",
        "addr:street": "Orán",
        "addr:unit": "1595",
        "amenity": "school",
        "name": "Escuela 4038 Armada Nacional",
        "operator:type": "public"
      },
      "geometry": {
        "type": "Point",
        "coordinates": [
          -65.4242363,
          -24.7994015
        ]
      },
      "id": "node/5203465550"
    },
    {
      "type": "Feature",
      "properties": {
        "@id": "node/5203465552",
        "addr:city": "Salta",
        "addr:postcode": "4400",
        "addr:street": "10 de Octubre",
        "amenity": "school",
        "description": "Colegio estatal de primera categoria con mas de 1.000 alumnos. ",
        "name": "Colegio Juan Calchaqui"
      },
      "geometry": {
        "type": "Point",
        "coordinates": [
          -65.4238426,
          -24.7959586
        ]
      },
      "id": "node/5203465552"
    },
    {
      "type": "Feature",
      "properties": {
        "@id": "node/5203465553",
        "addr:street": "10 de Octubre",
        "amenity": "school",
        "description": "Biblioteca para jovenes de creaciòn popular .",
        "name": "Biblioteca Popular"
      },
      "geometry": {
        "type": "Point",
        "coordinates": [
          -65.4238826,
          -24.7958257
        ]
      },
      "id": "node/5203465553"
    },
    {
      "type": "Feature",
      "properties": {
        "@id": "node/5211293021",
        "addr:housenumber": "645",
        "addr:street": "Justo José de Urquiza",
        "amenity": "restaurant",
        "name": "Tuchito"
      },
      "geometry": {
        "type": "Point",
        "coordinates": [
          -65.4118858,
          -24.7923582
        ]
      },
      "id": "node/5211293021"
    },
    {
      "type": "Feature",
      "properties": {
        "@id": "node/5224038312",
        "addr:city": "Salta",
        "addr:postcode": "4400",
        "addr:street": "Avenida Manuel Belgrano",
        "amenity": "fast_food",
        "drive_through": "no",
        "name": "Mc Lukas",
        "opening_hours": "24/7",
        "outdoor_seating": "yes",
        "payment:cash": "only",
        "smoking": "no",
        "takeaway": "yes"
      },
      "geometry": {
        "type": "Point",
        "coordinates": [
          -65.4134082,
          -24.7872508
        ]
      },
      "id": "node/5224038312"
    },
    {
      "type": "Feature",
      "properties": {
        "@id": "node/5225289201",
        "addr:city": "Salta",
        "addr:housenumber": "1800",
        "addr:postcode": "4400",
        "addr:street": "España",
        "amenity": "hospital",
        "healthcare": "hospital",
        "healthcare:speciality": "general",
        "name": "Salita - Centro de Salud Campo Caseros",
        "official_name": "Centro de Salud Nº 02 - Campo Caseros",
        "opening_hours": "Mo-Fr 07:00-20:00",
        "phone": "+54 3874311245"
      },
      "geometry": {
        "type": "Point",
        "coordinates": [
          -65.4286727,
          -24.7876598
        ]
      },
      "id": "node/5225289201"
    },
    {
      "type": "Feature",
      "properties": {
        "@id": "node/5225387153",
        "addr:city": "Salta",
        "addr:housenumber": "2044",
        "addr:postcode": "4400",
        "addr:street": "España",
        "contact:phone": "+54 387 431 0722",
        "description": "Calle España es una zona que se inunda, el agua supera las aceras en días de tormenta. Se forma una laguna desde la vía (España 1900 al 2000).",
        "name": "Super Chagra",
        "opening_hours": "Mo-Su 08:00-21:00",
        "shop": "supermarket"
      },
      "geometry": {
        "type": "Point",
        "coordinates": [
          -65.4309565,
          -24.7870161
        ]
      },
      "id": "node/5225387153"
    },
    {
      "type": "Feature",
      "properties": {
        "@id": "node/5231224021",
        "addr:housenumber": "1660",
        "addr:postcode": "4400",
        "addr:street": "Ruta Nacional 9",
        "name": "Drugstore y Tombola La LINDA",
        "name:en": "Drustore & Tombola La LINDA",
        "opening_hours": "Mo-Sa 09:00-14:00",
        "shop": "convenience"
      },
      "geometry": {
        "type": "Point",
        "coordinates": [
          -65.3751616,
          -24.7979719
        ]
      },
      "id": "node/5231224021"
    },
    {
      "type": "Feature",
      "properties": {
        "@id": "node/5243505323",
        "name": "Esperanto Hostel",
        "tourism": "hostel"
      },
      "geometry": {
        "type": "Point",
        "coordinates": [
          -65.4066215,
          -24.7828205
        ]
      },
      "id": "node/5243505323"
    },
    {
      "type": "Feature",
      "properties": {
        "@id": "node/5268945421",
        "name:en": "Beit Jabad Habad",
        "name:he": "בית חב\"ד סלטה",
        "tourism": "hostel"
      },
      "geometry": {
        "type": "Point",
        "coordinates": [
          -65.4169465,
          -24.7894668
        ]
      },
      "id": "node/5268945421"
    },
    {
      "type": "Feature",
      "properties": {
        "@id": "node/5271783127",
        "amenity": "restaurant",
        "name": "Café Tobías empanadas"
      },
      "geometry": {
        "type": "Point",
        "coordinates": [
          -65.4117133,
          -24.7892884
        ]
      },
      "id": "node/5271783127"
    },
    {
      "type": "Feature",
      "properties": {
        "@id": "node/5271783225",
        "addr:street": "25 de mayo",
        "name": "Hostal pueblo andino",
        "tourism": "hostel"
      },
      "geometry": {
        "type": "Point",
        "coordinates": [
          -65.4147964,
          -24.785323
        ]
      },
      "id": "node/5271783225"
    },
    {
      "type": "Feature",
      "properties": {
        "@id": "node/5294780507",
        "check_date": "2024-05-10",
        "name": "La Covacha",
        "tourism": "hostel"
      },
      "geometry": {
        "type": "Point",
        "coordinates": [
          -65.4043221,
          -24.7888387
        ]
      },
      "id": "node/5294780507"
    },
    {
      "type": "Feature",
      "properties": {
        "@id": "node/5296075715",
        "bus": "yes",
        "highway": "bus_stop",
        "public_transport": "platform"
      },
      "geometry": {
        "type": "Point",
        "coordinates": [
          -65.4227517,
          -24.8121119
        ]
      },
      "id": "node/5296075715"
    },
    {
      "type": "Feature",
      "properties": {
        "@id": "node/5296080033",
        "bus": "yes",
        "highway": "bus_stop",
        "public_transport": "platform"
      },
      "geometry": {
        "type": "Point",
        "coordinates": [
          -65.4445191,
          -24.8535292
        ]
      },
      "id": "node/5296080033"
    },
    {
      "type": "Feature",
      "properties": {
        "@id": "node/5296081501",
        "bus": "yes",
        "highway": "bus_stop",
        "public_transport": "platform"
      },
      "geometry": {
        "type": "Point",
        "coordinates": [
          -65.4539347,
          -24.8597382
        ]
      },
      "id": "node/5296081501"
    },
    {
      "type": "Feature",
      "properties": {
        "@id": "node/5296081792",
        "bus": "yes",
        "highway": "bus_stop",
        "public_transport": "platform"
      },
      "geometry": {
        "type": "Point",
        "coordinates": [
          -65.4584889,
          -24.8648296
        ]
      },
      "id": "node/5296081792"
    },
    {
      "type": "Feature",
      "properties": {
        "@id": "node/5298560731",
        "bus": "yes",
        "highway": "bus_stop",
        "public_transport": "platform"
      },
      "geometry": {
        "type": "Point",
        "coordinates": [
          -65.4055457,
          -24.8509439
        ]
      },
      "id": "node/5298560731"
    },
    {
      "type": "Feature",
      "properties": {
        "@id": "node/5298561386",
        "bus": "yes",
        "highway": "bus_stop",
        "public_transport": "platform"
      },
      "geometry": {
        "type": "Point",
        "coordinates": [
          -65.407038,
          -24.8438877
        ]
      },
      "id": "node/5298561386"
    },
    {
      "type": "Feature",
      "properties": {
        "@id": "node/5303140252",
        "addr:city": "Salta",
        "addr:housenumber": "239",
        "addr:street": "Apolinario Saravia",
        "dog": "yes",
        "internet_access": "wlan",
        "internet_access:fee": "no",
        "name": "El Hogar",
        "phone": "+54 387 4316158",
        "rooms": "9",
        "tourism": "hotel",
        "website": "https://www.residencialelhogar.com.ar"
      },
      "geometry": {
        "type": "Point",
        "coordinates": [
          -65.4002353,
          -24.7892777
        ]
      },
      "id": "node/5303140252"
    },
    {
      "type": "Feature",
      "properties": {
        "@id": "node/5320180323",
        "addr:city": "Salta",
        "addr:housenumber": "550",
        "addr:postcode": "4400",
        "addr:street": "Juan Bautista Alberdi",
        "name": "Hotel La Candelaria",
        "tourism": "hotel",
        "website": "http://www.hotel-lacandelaria.com.ar"
      },
      "geometry": {
        "type": "Point",
        "coordinates": [
          -65.4117616,
          -24.7968028
        ]
      },
      "id": "node/5320180323"
    },
    {
      "type": "Feature",
      "properties": {
        "@id": "node/5349612621",
        "addr:city": "Salta",
        "addr:full": "Juan Bautista Alberdi y San Luis",
        "addr:street": "Juan Bautista Alberdi",
        "amenity": "clinic",
        "email": "pievesalud@pieve.com.ar",
        "healthcare": "clinic",
        "name": "Pieve Salud",
        "phone": "+54 387 4217501",
        "website": "https://www.grupopieve.com/centromedico-sal.html"
      },
      "geometry": {
        "type": "Point",
        "coordinates": [
          -65.411603,
          -24.7972713
        ]
      },
      "id": "node/5349612621"
    },
    {
      "type": "Feature",
      "properties": {
        "@id": "node/5351871033",
        "addr:city": "Salta",
        "addr:housenumber": "168",
        "addr:street": "Ituzaingó",
        "breakfast": "yes",
        "internet_access": "yes",
        "name": "Hostal Alma Mia",
        "phone": "+54 387 4214462",
        "source": "survey",
        "tourism": "hostel",
        "website": "https://www.facebook.com/Salta-Hotel-Alma-Mia-1533547846894599/"
      },
      "geometry": {
        "type": "Point",
        "coordinates": [
          -65.4141575,
          -24.7916931
        ]
      },
      "id": "node/5351871033"
    },
    {
      "type": "Feature",
      "properties": {
        "@id": "node/5485258837",
        "amenity": "pharmacy",
        "healthcare": "pharmacy",
        "name": "Farmacia San Francisco"
      },
      "geometry": {
        "type": "Point",
        "coordinates": [
          -65.4075135,
          -24.7828785
        ]
      },
      "id": "node/5485258837"
    },
    {
      "type": "Feature",
      "properties": {
        "@id": "node/5485258840",
        "amenity": "restaurant",
        "name": "La Fogata"
      },
      "geometry": {
        "type": "Point",
        "coordinates": [
          -65.4096781,
          -24.7906842
        ]
      },
      "id": "node/5485258840"
    },
    {
      "type": "Feature",
      "properties": {
        "@id": "node/5485258841",
        "amenity": "restaurant",
        "name": "Aires Caseros"
      },
      "geometry": {
        "type": "Point",
        "coordinates": [
          -65.4096097,
          -24.7901534
        ]
      },
      "id": "node/5485258841"
    },
    {
      "type": "Feature",
      "properties": {
        "@id": "node/5485258844",
        "name": "Hotel GS",
        "tourism": "hotel"
      },
      "geometry": {
        "type": "Point",
        "coordinates": [
          -65.4081868,
          -24.7894143
        ]
      },
      "id": "node/5485258844"
    },
    {
      "type": "Feature",
      "properties": {
        "@id": "node/5485258852",
        "amenity": "pharmacy",
        "healthcare": "pharmacy"
      },
      "geometry": {
        "type": "Point",
        "coordinates": [
          -65.4109012,
          -24.7886473
        ]
      },
      "id": "node/5485258852"
    },
    {
      "type": "Feature",
      "properties": {
        "@id": "node/5485258865",
        "amenity": "bank",
        "atm": "yes",
        "check_date": "2026-06-14",
        "name": "Banco Frances"
      },
      "geometry": {
        "type": "Point",
        "coordinates": [
          -65.4115878,
          -24.7884233
        ]
      },
      "id": "node/5485258865"
    },
    {
      "type": "Feature",
      "properties": {
        "@id": "node/5486881971",
        "amenity": "restaurant",
        "name": "Elisa"
      },
      "geometry": {
        "type": "Point",
        "coordinates": [
          -65.4015604,
          -24.7919188
        ]
      },
      "id": "node/5486881971"
    },
    {
      "type": "Feature",
      "properties": {
        "@id": "node/5486881977",
        "amenity": "police",
        "name": "Policía de Salta Destacamento San Bernardo D.U.R. 1"
      },
      "geometry": {
        "type": "Point",
        "coordinates": [
          -65.3985348,
          -24.7933165
        ]
      },
      "id": "node/5486881977"
    },
    {
      "type": "Feature",
      "properties": {
        "@id": "node/5486881978",
        "amenity": "pharmacy",
        "healthcare": "pharmacy"
      },
      "geometry": {
        "type": "Point",
        "coordinates": [
          -65.3996399,
          -24.7906915
        ]
      },
      "id": "node/5486881978"
    },
    {
      "type": "Feature",
      "properties": {
        "@id": "node/5486882003",
        "amenity": "pharmacy",
        "healthcare": "pharmacy",
        "name": "Sudamericana"
      },
      "geometry": {
        "type": "Point",
        "coordinates": [
          -65.4112439,
          -24.7911597
        ]
      },
      "id": "node/5486882003"
    },
    {
      "type": "Feature",
      "properties": {
        "@id": "node/5486882004",
        "addr:housenumber": "84",
        "addr:street": "Peatonal Juan Bautista Alberdi",
        "amenity": "pharmacy",
        "check_date": "2026-02-08",
        "healthcare": "pharmacy",
        "name": "farmacity"
      },
      "geometry": {
        "type": "Point",
        "coordinates": [
          -65.4111493,
          -24.7907719
        ]
      },
      "id": "node/5486882004"
    },
    {
      "type": "Feature",
      "properties": {
        "@id": "node/5494315653",
        "addr:city": "Salta",
        "addr:housenumber": "695",
        "addr:street": "Juan Bautista Alberdi",
        "name": "Hostel De La Linda",
        "phone": "11165711097",
        "smoking": "outside",
        "tourism": "hostel",
        "website": "http://www.alojamientobajocosto.com",
        "wheelchair": "yes"
      },
      "geometry": {
        "type": "Point",
        "coordinates": [
          -65.4117421,
          -24.7984706
        ]
      },
      "id": "node/5494315653"
    },
    {
      "type": "Feature",
      "properties": {
        "@id": "node/5526555761",
        "amenity": "fast_food",
        "name": "chango mas"
      },
      "geometry": {
        "type": "Point",
        "coordinates": [
          -65.4028811,
          -24.7260052
        ]
      },
      "id": "node/5526555761"
    },
    {
      "type": "Feature",
      "properties": {
        "@id": "node/5577283721",
        "amenity": "bar",
        "name": "Sports Bar"
      },
      "geometry": {
        "type": "Point",
        "coordinates": [
          -65.414733,
          -24.7860991
        ]
      },
      "id": "node/5577283721"
    },
    {
      "type": "Feature",
      "properties": {
        "@id": "node/5577283821",
        "amenity": "bar",
        "name": "Goblin Irish Pub"
      },
      "geometry": {
        "type": "Point",
        "coordinates": [
          -65.4089248,
          -24.7899204
        ]
      },
      "id": "node/5577283821"
    },
    {
      "type": "Feature",
      "properties": {
        "@id": "node/5618359121",
        "amenity": "atm",
        "check_date": "2021-02-21",
        "operator": "Macro"
      },
      "geometry": {
        "type": "Point",
        "coordinates": [
          -65.4117992,
          -24.7573556
        ]
      },
      "id": "node/5618359121"
    },
    {
      "type": "Feature",
      "properties": {
        "@id": "node/5711929039",
        "addr:city": "Salta",
        "addr:country": "AR",
        "addr:housenumber": "1437",
        "addr:postcode": "4400",
        "addr:province": "Salta",
        "addr:street": "20 de Febrero",
        "amenity": "cafe",
        "brand": "Café Martínez",
        "brand:wikidata": "Q16540032",
        "brand:wikipedia": "es:Café Martínez",
        "contact:facebook": "https://www.facebook.com/CafeMartinezSitioOficial/",
        "contact:instagram": "https://www.instagram.com/cafemartinezoficial/",
        "contact:twitter": "https://www.twitter.com/cafemartinez/",
        "cuisine": "coffee_shop",
        "delivery": "no",
        "drive_through": "no",
        "email": "portalsalta@cafemartinez.com.ar",
        "internet_access": "wlan",
        "name": "Café Martínez",
        "opening_hours": "Mo-Su 08:30-23:00",
        "outdoor_seating": "no",
        "phone": "+54 387 421-8473",
        "ref": "1020",
        "takeaway": "yes",
        "website": "https://www.cafemartinez.com/"
      },
      "geometry": {
        "type": "Point",
        "coordinates": [
          -65.4132628,
          -24.7718892
        ]
      },
      "id": "node/5711929039"
    },
    {
      "type": "Feature",
      "properties": {
        "@id": "node/5711929040",
        "addr:city": "Salta",
        "addr:country": "AR",
        "addr:postcode": "4400",
        "addr:province": "Salta",
        "addr:street": "Avenida Monseñor Tavella",
        "amenity": "cafe",
        "brand": "Café Martínez",
        "brand:wikidata": "Q16540032",
        "brand:wikipedia": "es:Café Martínez",
        "contact:facebook": "https://www.facebook.com/CafeMartinezSitioOficial/",
        "contact:instagram": "https://www.instagram.com/cafemartinezoficial/",
        "contact:twitter": "https://www.twitter.com/cafemartinez/",
        "cuisine": "coffee_shop",
        "delivery": "no",
        "drive_through": "no",
        "email": "saltapaseolibertad@cafemartinez.com.ar",
        "internet_access": "wlan",
        "name": "Café Martínez",
        "opening_hours": "Mo-Su 08:00-24:00",
        "outdoor_seating": "no",
        "phone": "+54 387 427-1660",
        "takeaway": "yes",
        "website": "https://www.cafemartinez.com/"
      },
      "geometry": {
        "type": "Point",
        "coordinates": [
          -65.4285246,
          -24.8320047
        ]
      },
      "id": "node/5711929040"
    },
    {
      "type": "Feature",
      "properties": {
        "@id": "node/5711929041",
        "addr:city": "Salta",
        "addr:country": "AR",
        "addr:housenumber": "1297",
        "addr:postcode": "4400",
        "addr:province": "Salta",
        "addr:street": "Avenida Manuel Belgrano",
        "amenity": "cafe",
        "brand": "Café Martínez",
        "brand:wikidata": "Q16540032",
        "brand:wikipedia": "es:Café Martínez",
        "contact:facebook": "https://www.facebook.com/CafeMartinezSitioOficial/",
        "contact:instagram": "https://www.instagram.com/cafemartinezoficial/",
        "contact:twitter": "https://www.twitter.com/cafemartinez/",
        "cuisine": "coffee_shop",
        "delivery": "no",
        "drive_through": "no",
        "email": "salta@cafemartinez.com.ar",
        "internet_access": "wlan",
        "name": "Café Martínez",
        "opening_hours": "Mo-Fr,Su 07:00-24:00; Sa 07:00-01:00",
        "outdoor_seating": "yes",
        "phone": "+54 387 421-9604",
        "takeaway": "yes",
        "website": "https://www.cafemartinez.com/"
      },
      "geometry": {
        "type": "Point",
        "coordinates": [
          -65.4203599,
          -24.7867394
        ]
      },
      "id": "node/5711929041"
    },
    {
      "type": "Feature",
      "properties": {
        "@id": "node/5750549984",
        "amenity": "clinic",
        "healthcare": "clinic"
      },
      "geometry": {
        "type": "Point",
        "coordinates": [
          -65.429171,
          -24.8105525
        ]
      },
      "id": "node/5750549984"
    },
    {
      "type": "Feature",
      "properties": {
        "@id": "node/5750549989",
        "amenity": "pharmacy",
        "healthcare": "pharmacy",
        "name": "Santa Lucia"
      },
      "geometry": {
        "type": "Point",
        "coordinates": [
          -65.4387331,
          -24.8064671
        ]
      },
      "id": "node/5750549989"
    },
    {
      "type": "Feature",
      "properties": {
        "@id": "node/5750550013",
        "amenity": "school",
        "name": "Escuela"
      },
      "geometry": {
        "type": "Point",
        "coordinates": [
          -65.4482442,
          -24.8016949
        ]
      },
      "id": "node/5750550013"
    },
    {
      "type": "Feature",
      "properties": {
        "@id": "node/5750550121",
        "brand": "Dia",
        "brand:wikidata": "Q925132",
        "brand:wikipedia": "es:Supermercados DIA",
        "name": "Dia",
        "shop": "supermarket"
      },
      "geometry": {
        "type": "Point",
        "coordinates": [
          -65.4371828,
          -24.8036257
        ]
      },
      "id": "node/5750550121"
    },
    {
      "type": "Feature",
      "properties": {
        "@id": "node/5771880356",
        "amenity": "cafe",
        "name": "Teuco Alfajores"
      },
      "geometry": {
        "type": "Point",
        "coordinates": [
          -65.4095948,
          -24.7898282
        ]
      },
      "id": "node/5771880356"
    },
    {
      "type": "Feature",
      "properties": {
        "@id": "node/5777657232",
        "addr:housenumber": "481",
        "addr:street": "Córdoba",
        "amenity": "restaurant",
        "name": "La Cefira",
        "phone": "+54 387 421-4922"
      },
      "geometry": {
        "type": "Point",
        "coordinates": [
          -65.4087079,
          -24.7959923
        ]
      },
      "id": "node/5777657232"
    },
    {
      "type": "Feature",
      "properties": {
        "@id": "node/5832453928",
        "addr:city": "Salta",
        "addr:housenumber": "1381",
        "addr:street": "Magdalena Goyechea",
        "contact:facebook": "https://www.facebook.com/hostelgauchos/",
        "name": "Hostel Gauchos Backpackers",
        "phone": "+54 387 4867238",
        "tourism": "hostel"
      },
      "geometry": {
        "type": "Point",
        "coordinates": [
          -65.4007109,
          -24.8078679
        ]
      },
      "id": "node/5832453928"
    },
    {
      "type": "Feature",
      "properties": {
        "@id": "node/5854776358",
        "amenity": "restaurant",
        "name": "Helados Lomoro"
      },
      "geometry": {
        "type": "Point",
        "coordinates": [
          -65.4132792,
          -24.7836594
        ]
      },
      "id": "node/5854776358"
    },
    {
      "type": "Feature",
      "properties": {
        "@id": "node/5854776359",
        "amenity": "pharmacy",
        "healthcare": "pharmacy"
      },
      "geometry": {
        "type": "Point",
        "coordinates": [
          -65.4189524,
          -24.7830387
        ]
      },
      "id": "node/5854776359"
    },
    {
      "type": "Feature",
      "properties": {
        "@id": "node/5854776474",
        "addr:housenumber": "502",
        "addr:street": "Antonio Balcarce",
        "amenity": "fast_food",
        "name": "La Esquina"
      },
      "geometry": {
        "type": "Point",
        "coordinates": [
          -65.4119133,
          -24.7835126
        ]
      },
      "id": "node/5854776474"
    },
    {
      "type": "Feature",
      "properties": {
        "@id": "node/5854777116",
        "amenity": "fast_food",
        "name": "Domenico Pizza y Pasta"
      },
      "geometry": {
        "type": "Point",
        "coordinates": [
          -65.4272124,
          -24.7825362
        ]
      },
      "id": "node/5854777116"
    },
    {
      "type": "Feature",
      "properties": {
        "@id": "node/5885329285",
        "amenity": "restaurant",
        "cuisine": "argentinian",
        "internet_access": "wlan",
        "name": "Peika"
      },
      "geometry": {
        "type": "Point",
        "coordinates": [
          -65.4077045,
          -24.7900252
        ]
      },
      "id": "node/5885329285"
    },
    {
      "type": "Feature",
      "properties": {
        "@id": "node/5939416946",
        "bench": "yes",
        "bus": "yes",
        "highway": "bus_stop",
        "name": "Legislatura",
        "public_transport": "platform",
        "shelter": "yes",
        "tactile_paving": "no",
        "wheelchair": "no"
      },
      "geometry": {
        "type": "Point",
        "coordinates": [
          -65.4091567,
          -24.782617
        ]
      },
      "id": "node/5939416946"
    },
    {
      "type": "Feature",
      "properties": {
        "@id": "node/5939416947",
        "bench": "yes",
        "bus": "yes",
        "highway": "bus_stop",
        "name": "Rivadavia al 700",
        "public_transport": "platform",
        "shelter": "yes"
      },
      "geometry": {
        "type": "Point",
        "coordinates": [
          -65.4119884,
          -24.782428
        ]
      },
      "id": "node/5939416947"
    },
    {
      "type": "Feature",
      "properties": {
        "@id": "node/5939416948",
        "bench": "no",
        "bin": "no",
        "bus": "yes",
        "highway": "bus_stop",
        "name": "Avenida Sarmiento y Alsina",
        "public_transport": "platform",
        "shelter": "no",
        "tactile_paving": "no",
        "wheelchair": "no"
      },
      "geometry": {
        "type": "Point",
        "coordinates": [
          -65.4156386,
          -24.7793973
        ]
      },
      "id": "node/5939416948"
    },
    {
      "type": "Feature",
      "properties": {
        "@id": "node/5939416951",
        "bench": "no",
        "bin": "no",
        "bus": "yes",
        "highway": "bus_stop",
        "name": "Avenida Sarmiento y Ameghino",
        "public_transport": "platform",
        "shelter": "no",
        "tactile_paving": "no"
      },
      "geometry": {
        "type": "Point",
        "coordinates": [
          -65.4153784,
          -24.7768665
        ]
      },
      "id": "node/5939416951"
    },
    {
      "type": "Feature",
      "properties": {
        "@id": "node/5939416952",
        "bus": "yes",
        "highway": "bus_stop",
        "name": "Nuevo Hospital Del Milagro",
        "public_transport": "platform",
        "tactile_paving": "no"
      },
      "geometry": {
        "type": "Point",
        "coordinates": [
          -65.4152316,
          -24.7732798
        ]
      },
      "id": "node/5939416952"
    },
    {
      "type": "Feature",
      "properties": {
        "@id": "node/5939416955",
        "bus": "yes",
        "highway": "bus_stop",
        "name": "Güemes y O'Higgins",
        "public_transport": "platform",
        "shelter": "no",
        "tactile_paving": "no"
      },
      "geometry": {
        "type": "Point",
        "coordinates": [
          -65.4165733,
          -24.7758853
        ]
      },
      "id": "node/5939416955"
    },
    {
      "type": "Feature",
      "properties": {
        "@id": "node/5941408752",
        "bus": "yes",
        "highway": "bus_stop",
        "public_transport": "platform",
        "tactile_paving": "no",
        "wheelchair": "no"
      },
      "geometry": {
        "type": "Point",
        "coordinates": [
          -65.4073593,
          -24.7838629
        ]
      },
      "id": "node/5941408752"
    },
    {
      "type": "Feature",
      "properties": {
        "@id": "node/5941408753",
        "bus": "yes",
        "highway": "bus_stop",
        "name": "Juramento y Leguizamón",
        "public_transport": "platform",
        "shelter": "no",
        "tactile_paving": "no",
        "wheelchair": "no"
      },
      "geometry": {
        "type": "Point",
        "coordinates": [
          -65.4037423,
          -24.7842586
        ]
      },
      "id": "node/5941408753"
    },
    {
      "type": "Feature",
      "properties": {
        "@id": "node/5941408756",
        "bus": "yes",
        "highway": "bus_stop",
        "public_transport": "platform",
        "tactile_paving": "no",
        "wheelchair": "no"
      },
      "geometry": {
        "type": "Point",
        "coordinates": [
          -65.4021558,
          -24.7896171
        ]
      },
      "id": "node/5941408756"
    },
    {
      "type": "Feature",
      "properties": {
        "@id": "node/5941408757",
        "bench": "no",
        "bin": "yes",
        "bus": "yes",
        "highway": "bus_stop",
        "lit": "yes",
        "name": "5C",
        "public_transport": "platform",
        "shelter": "no",
        "tactile_paving": "no",
        "wheelchair": "no"
      },
      "geometry": {
        "type": "Point",
        "coordinates": [
          -65.402074,
          -24.7900663
        ]
      },
      "id": "node/5941408757"
    },
    {
      "type": "Feature",
      "properties": {
        "@id": "node/5941408759",
        "bus": "yes",
        "highway": "bus_stop",
        "public_transport": "platform",
        "tactile_paving": "no",
        "wheelchair": "no"
      },
      "geometry": {
        "type": "Point",
        "coordinates": [
          -65.4058874,
          -24.7873378
        ]
      },
      "id": "node/5941408759"
    },
    {
      "type": "Feature",
      "properties": {
        "@id": "node/5941408760",
        "bus": "yes",
        "highway": "bus_stop",
        "name": "Dean Funes al 300",
        "public_transport": "platform",
        "tactile_paving": "no",
        "wheelchair": "no"
      },
      "geometry": {
        "type": "Point",
        "coordinates": [
          -65.4077938,
          -24.7842513
        ]
      },
      "id": "node/5941408760"
    },
    {
      "type": "Feature",
      "properties": {
        "@id": "node/5941408762",
        "bus": "yes",
        "highway": "bus_stop",
        "name": "5A",
        "public_transport": "platform",
        "shelter": "no"
      },
      "geometry": {
        "type": "Point",
        "coordinates": [
          -65.4078743,
          -24.7850266
        ]
      },
      "id": "node/5941408762"
    },
    {
      "type": "Feature",
      "properties": {
        "@id": "node/5952786898",
        "addr:city": "Salta - Capital",
        "addr:postcode": "4400",
        "addr:street": "Avenida Juan B. Justo",
        "amenity": "school",
        "name": "Escuela N° 4021 \"20 de Febrero de 1.813\""
      },
      "geometry": {
        "type": "Point",
        "coordinates": [
          -65.4014517,
          -24.7615103
        ]
      },
      "id": "node/5952786898"
    },
    {
      "type": "Feature",
      "properties": {
        "@id": "node/5982135343",
        "check_date": "2025-06-14",
        "name": "Hotel de la Linda",
        "stars": "2",
        "tourism": "hotel"
      },
      "geometry": {
        "type": "Point",
        "coordinates": [
          -65.4081814,
          -24.7893422
        ]
      },
      "id": "node/5982135343"
    },
    {
      "type": "Feature",
      "properties": {
        "@id": "node/6008900630",
        "check_date": "2026-02-08",
        "name": "Hotel San Francisco",
        "tourism": "hotel"
      },
      "geometry": {
        "type": "Point",
        "coordinates": [
          -65.4051741,
          -24.7901501
        ]
      },
      "id": "node/6008900630"
    },
    {
      "type": "Feature",
      "properties": {
        "@id": "node/6014029586",
        "name": "Wang Da Supermercado",
        "shop": "supermarket"
      },
      "geometry": {
        "type": "Point",
        "coordinates": [
          -65.4090347,
          -24.8006936
        ]
      },
      "id": "node/6014029586"
    },
    {
      "type": "Feature",
      "properties": {
        "@id": "node/6077800085",
        "amenity": "restaurant",
        "name": "La Monumental"
      },
      "geometry": {
        "type": "Point",
        "coordinates": [
          -65.404709,
          -24.7817784
        ]
      },
      "id": "node/6077800085"
    },
    {
      "type": "Feature",
      "properties": {
        "@id": "node/6106434989",
        "amenity": "cafe",
        "check_date": "2026-06-14",
        "name": "Sandwicheria David"
      },
      "geometry": {
        "type": "Point",
        "coordinates": [
          -65.4106911,
          -24.7855186
        ]
      },
      "id": "node/6106434989"
    },
    {
      "type": "Feature",
      "properties": {
        "@id": "node/6106772931",
        "addr:city": "Salta",
        "addr:housenumber": "146",
        "addr:postcode": "4400",
        "addr:street": "Vicente López",
        "name": "Hotel Almería",
        "stars": "4",
        "tourism": "hotel"
      },
      "geometry": {
        "type": "Point",
        "coordinates": [
          -65.405193,
          -24.7885284
        ]
      },
      "id": "node/6106772931"
    },
    {
      "type": "Feature",
      "properties": {
        "@id": "node/6179823885",
        "bus": "yes",
        "highway": "bus_stop",
        "name:ja": "８、６B等のバス停",
        "public_transport": "platform"
      },
      "geometry": {
        "type": "Point",
        "coordinates": [
          -65.400849,
          -24.7936924
        ]
      },
      "id": "node/6179823885"
    },
    {
      "type": "Feature",
      "properties": {
        "@id": "node/6223133387",
        "addr:housenumber": "189",
        "addr:postcode": "4400",
        "addr:street": "San Juan",
        "internet_access": "wlan",
        "name": "7 Duendes Base",
        "tourism": "hostel"
      },
      "geometry": {
        "type": "Point",
        "coordinates": [
          -65.4059715,
          -24.796625
        ]
      },
      "id": "node/6223133387"
    },
    {
      "type": "Feature",
      "properties": {
        "@id": "node/6226316486",
        "brand": "Dia",
        "brand:wikidata": "Q925132",
        "brand:wikipedia": "es:Supermercados DIA",
        "name": "Dia",
        "opening_hours": "Mo-Sa 08:00-22:00",
        "shop": "supermarket"
      },
      "geometry": {
        "type": "Point",
        "coordinates": [
          -65.4090359,
          -24.7996042
        ]
      },
      "id": "node/6226316486"
    },
    {
      "type": "Feature",
      "properties": {
        "@id": "node/6235049685",
        "addr:street": "Deán Funes",
        "amenity": "pharmacy",
        "healthcare": "pharmacy",
        "name": "San Francisco"
      },
      "geometry": {
        "type": "Point",
        "coordinates": [
          -65.4078182,
          -24.7843555
        ]
      },
      "id": "node/6235049685"
    },
    {
      "type": "Feature",
      "properties": {
        "@id": "node/6245949989",
        "amenity": "fuel",
        "brand": "Bandera Blanca",
        "fuel:cng": "yes",
        "name": "Bandera Blanca",
        "operator": "MARCELO MEDRANO DE LA SERNA"
      },
      "geometry": {
        "type": "Point",
        "coordinates": [
          -65.4619422,
          -24.8389031
        ]
      },
      "id": "node/6245949989"
    },
    {
      "type": "Feature",
      "properties": {
        "@id": "node/6316562086",
        "addr:housenumber": "25",
        "addr:postcode": "4400",
        "addr:street": "Juan Martín de Pueyrredón",
        "internet_access": "wlan",
        "name": "Posta del Ángel",
        "tourism": "hostel"
      },
      "geometry": {
        "type": "Point",
        "coordinates": [
          -65.4069802,
          -24.7896905
        ]
      },
      "id": "node/6316562086"
    },
    {
      "type": "Feature",
      "properties": {
        "@id": "node/6356330515",
        "addr:city": "Salta",
        "addr:housenumber": "696",
        "addr:postcode": "4400",
        "addr:street": "Avenida Manuel Belgrano",
        "amenity": "restaurant",
        "contact:facebook": "https://www.facebook.com/Bartom-709783842440240/",
        "name": "Bartom",
        "phone": "+54 387 421 3850"
      },
      "geometry": {
        "type": "Point",
        "coordinates": [
          -65.4120662,
          -24.7873869
        ]
      },
      "id": "node/6356330515"
    },
    {
      "type": "Feature",
      "properties": {
        "@id": "node/6360861585",
        "addr:housenumber": "394",
        "addr:postcode": "4400",
        "addr:street": "Caseros",
        "internet_access": "wlan",
        "name": "La San Francisco",
        "opening_hours": "Mo-Su 16:00-22:00",
        "operator": "Belen",
        "phone": "+54 9 387 442-5958",
        "tourism": "hostel"
      },
      "geometry": {
        "type": "Point",
        "coordinates": [
          -65.4081831,
          -24.7899706
        ]
      },
      "id": "node/6360861585"
    },
    {
      "type": "Feature",
      "properties": {
        "@id": "node/6404603987",
        "name": "Hostal Paraje andino",
        "tourism": "hotel"
      },
      "geometry": {
        "type": "Point",
        "coordinates": [
          -65.4005361,
          -24.7986808
        ]
      },
      "id": "node/6404603987"
    },
    {
      "type": "Feature",
      "properties": {
        "@id": "node/6404603989",
        "name": "Hostal",
        "tourism": "hotel"
      },
      "geometry": {
        "type": "Point",
        "coordinates": [
          -65.4132947,
          -24.7921353
        ]
      },
      "id": "node/6404603989"
    },
    {
      "type": "Feature",
      "properties": {
        "@id": "node/6404604586",
        "name": "Hostal Vacazur",
        "tourism": "hotel"
      },
      "geometry": {
        "type": "Point",
        "coordinates": [
          -65.4059858,
          -24.7963253
        ]
      },
      "id": "node/6404604586"
    },
    {
      "type": "Feature",
      "properties": {
        "@id": "node/6407658845",
        "amenity": "cafe",
        "check_date": "2026-02-08",
        "cuisine": "argentinian",
        "internet_access": "wlan",
        "name": "Café del Convento",
        "name:en": "Café del convento"
      },
      "geometry": {
        "type": "Point",
        "coordinates": [
          -65.4042034,
          -24.7900704
        ]
      },
      "id": "node/6407658845"
    },
    {
      "type": "Feature",
      "properties": {
        "@id": "node/6412164586",
        "addr:housenumber": "751",
        "addr:street": "Rudecindo Alvarado",
        "check_date": "2026-02-08",
        "internet_access": "wlan",
        "name": "Ferienhaus Hostel Salta",
        "tourism": "hostel",
        "wikidata": "Q111118113"
      },
      "geometry": {
        "type": "Point",
        "coordinates": [
          -65.4119806,
          -24.7910815
        ]
      },
      "id": "node/6412164586"
    },
    {
      "type": "Feature",
      "properties": {
        "@id": "node/6412374714",
        "amenity": "restaurant",
        "cuisine": "pizza;argentinian;sandwich",
        "internet_access": "wlan",
        "name": "Café Del Valle"
      },
      "geometry": {
        "type": "Point",
        "coordinates": [
          -65.4130779,
          -24.7961553
        ]
      },
      "id": "node/6412374714"
    },
    {
      "type": "Feature",
      "properties": {
        "@id": "node/6415104786",
        "amenity": "restaurant",
        "cuisine": "burger;argentinian;sandwich;coffee_shop",
        "name": "Rustiko Cafetería Bar"
      },
      "geometry": {
        "type": "Point",
        "coordinates": [
          -65.4097196,
          -24.7898826
        ]
      },
      "id": "node/6415104786"
    },
    {
      "type": "Feature",
      "properties": {
        "@id": "node/6416637088",
        "amenity": "restaurant",
        "cuisine": "argentinian",
        "name": "Empenadas al Horno",
        "opening_hours": "Mo-Sa 12:00-15:00,21:00-00:30, Su 12:00+"
      },
      "geometry": {
        "type": "Point",
        "coordinates": [
          -65.4103661,
          -24.801397
        ]
      },
      "id": "node/6416637088"
    },
    {
      "type": "Feature",
      "properties": {
        "@id": "node/6439050489",
        "amenity": "cafe",
        "check_date": "2026-02-08",
        "cuisine": "argentinian;coffee_shop",
        "internet_access": "wlan",
        "name": "Cafe del Convento"
      },
      "geometry": {
        "type": "Point",
        "coordinates": [
          -65.4042077,
          -24.7900877
        ]
      },
      "id": "node/6439050489"
    },
    {
      "type": "Feature",
      "properties": {
        "@id": "node/6443862086",
        "amenity": "fast_food",
        "name": "Alejandra (puesto 6)"
      },
      "geometry": {
        "type": "Point",
        "coordinates": [
          -65.4184939,
          -24.7932487
        ]
      },
      "id": "node/6443862086"
    },
    {
      "type": "Feature",
      "properties": {
        "@id": "node/6443862386",
        "amenity": "fast_food",
        "name": "Elenita (puesto 7)"
      },
      "geometry": {
        "type": "Point",
        "coordinates": [
          -65.418508,
          -24.7932956
        ]
      },
      "id": "node/6443862386"
    },
    {
      "type": "Feature",
      "properties": {
        "@id": "node/6443862387",
        "amenity": "fast_food",
        "name": "Margarita María López (local 5)"
      },
      "geometry": {
        "type": "Point",
        "coordinates": [
          -65.4184881,
          -24.7932066
        ]
      },
      "id": "node/6443862387"
    },
    {
      "type": "Feature",
      "properties": {
        "@id": "node/6443862388",
        "amenity": "fast_food",
        "name": "Maria del castillo (local 4)"
      },
      "geometry": {
        "type": "Point",
        "coordinates": [
          -65.4184932,
          -24.7931788
        ]
      },
      "id": "node/6443862388"
    },
    {
      "type": "Feature",
      "properties": {
        "@id": "node/6443862389",
        "amenity": "fast_food",
        "name": "Charito (local 2)"
      },
      "geometry": {
        "type": "Point",
        "coordinates": [
          -65.4185724,
          -24.7931407
        ]
      },
      "id": "node/6443862389"
    },
    {
      "type": "Feature",
      "properties": {
        "@id": "node/6443863185",
        "amenity": "fast_food",
        "name": "Vázquez (local 3)"
      },
      "geometry": {
        "type": "Point",
        "coordinates": [
          -65.4185283,
          -24.7931445
        ]
      },
      "id": "node/6443863185"
    },
    {
      "type": "Feature",
      "properties": {
        "@id": "node/6463010587",
        "bus": "yes",
        "highway": "bus_stop",
        "name": "5A, 6A, 6C",
        "public_transport": "platform"
      },
      "geometry": {
        "type": "Point",
        "coordinates": [
          -65.4089438,
          -24.7827333
        ]
      },
      "id": "node/6463010587"
    },
    {
      "type": "Feature",
      "properties": {
        "@id": "node/6513485085",
        "amenity": "clinic",
        "email": "clinica_lamerced@yahoo.com.ar",
        "healthcare": "clinic",
        "name": "Clínica de la Merced",
        "opening_hours": "24/7",
        "phone": "0384219212",
        "website": "https://www.clinicadelamerced.com/",
        "wikidata": "Q95447250"
      },
      "geometry": {
        "type": "Point",
        "coordinates": [
          -65.4133667,
          -24.7908592
        ]
      },
      "id": "node/6513485085"
    },
    {
      "type": "Feature",
      "properties": {
        "@id": "node/6547749482",
        "addr:housenumber": "464",
        "addr:street": "Tucumán",
        "name": "Salta Por Siempre",
        "phone": "+5493874895672",
        "tourism": "hostel",
        "website": "https://saltaporsiempre.com/"
      },
      "geometry": {
        "type": "Point",
        "coordinates": [
          -65.4100824,
          -24.8000632
        ]
      },
      "id": "node/6547749482"
    },
    {
      "type": "Feature",
      "properties": {
        "@id": "node/6563926385",
        "addr:housenumber": "791",
        "addr:postcode": "4400",
        "addr:street": "Avenida Domingo Faustino Sarmiento",
        "amenity": "fast_food",
        "cuisine": "argentinian",
        "internet_access": "wlan",
        "name": "La Coya Empanadas",
        "opening_hours": "Tu-Su 11:00-23:30",
        "phone": "+54 387 431-9721"
      },
      "geometry": {
        "type": "Point",
        "coordinates": [
          -65.4156164,
          -24.7796454
        ]
      },
      "id": "node/6563926385"
    },
    {
      "type": "Feature",
      "properties": {
        "@id": "node/6573395474",
        "bus": "yes",
        "highway": "bus_stop",
        "name": "Linea 8a",
        "public_transport": "platform"
      },
      "geometry": {
        "type": "Point",
        "coordinates": [
          -65.412364,
          -24.8204274
        ]
      },
      "id": "node/6573395474"
    },
    {
      "type": "Feature",
      "properties": {
        "@id": "node/6573397937",
        "bus": "yes",
        "highway": "bus_stop",
        "public_transport": "platform"
      },
      "geometry": {
        "type": "Point",
        "coordinates": [
          -65.4234729,
          -24.8263292
        ]
      },
      "id": "node/6573397937"
    },
    {
      "type": "Feature",
      "properties": {
        "@id": "node/6573403166",
        "bus": "yes",
        "highway": "bus_stop",
        "public_transport": "platform"
      },
      "geometry": {
        "type": "Point",
        "coordinates": [
          -65.4251948,
          -24.8273125
        ]
      },
      "id": "node/6573403166"
    },
    {
      "type": "Feature",
      "properties": {
        "@id": "node/6573403167",
        "name": "Supercito",
        "shop": "supermarket"
      },
      "geometry": {
        "type": "Point",
        "coordinates": [
          -65.4000739,
          -24.7848389
        ]
      },
      "id": "node/6573403167"
    },
    {
      "type": "Feature",
      "properties": {
        "@id": "node/6579921755",
        "amenity": "school",
        "name": "Colegio Santa Maria"
      },
      "geometry": {
        "type": "Point",
        "coordinates": [
          -65.4325748,
          -24.7827993
        ]
      },
      "id": "node/6579921755"
    },
    {
      "type": "Feature",
      "properties": {
        "@id": "node/6579921756",
        "name": "Lamanda",
        "shop": "convenience"
      },
      "geometry": {
        "type": "Point",
        "coordinates": [
          -65.4330066,
          -24.7823561
        ]
      },
      "id": "node/6579921756"
    },
    {
      "type": "Feature",
      "properties": {
        "@id": "node/6579921766",
        "name": "Drugstore",
        "shop": "convenience"
      },
      "geometry": {
        "type": "Point",
        "coordinates": [
          -65.4371908,
          -24.7882224
        ]
      },
      "id": "node/6579921766"
    },
    {
      "type": "Feature",
      "properties": {
        "@id": "node/6579921768",
        "amenity": "restaurant",
        "name": "Listo El Pollo"
      },
      "geometry": {
        "type": "Point",
        "coordinates": [
          -65.4367831,
          -24.7879655
        ]
      },
      "id": "node/6579921768"
    },
    {
      "type": "Feature",
      "properties": {
        "@id": "node/6579921769",
        "amenity": "atm",
        "brand": "Macro",
        "check_date": "2026-02-08"
      },
      "geometry": {
        "type": "Point",
        "coordinates": [
          -65.4390697,
          -24.791752
        ]
      },
      "id": "node/6579921769"
    },
    {
      "type": "Feature",
      "properties": {
        "@id": "node/6597734542",
        "amenity": "fast_food",
        "cuisine": "chicken",
        "name": "Matipollo"
      },
      "geometry": {
        "type": "Point",
        "coordinates": [
          -65.3870453,
          -24.8092525
        ]
      },
      "id": "node/6597734542"
    },
    {
      "type": "Feature",
      "properties": {
        "@id": "node/6653020209",
        "amenity": "cafe",
        "check_date": "2026-02-08",
        "name": "Del Convento"
      },
      "geometry": {
        "type": "Point",
        "coordinates": [
          -65.4041633,
          -24.7900715
        ]
      },
      "id": "node/6653020209"
    },
    {
      "type": "Feature",
      "properties": {
        "@id": "node/6689627832",
        "addr:city": "Salta",
        "addr:housenumber": "647",
        "addr:postcode": "4400",
        "addr:street": "Bartolomé Mitre",
        "email": "reservassalta@legadomitico.com",
        "internet_access": "yes",
        "internet_access:fee": "customers",
        "name": "Hotel Legado Mítico Salta",
        "phone": "+543874228786",
        "rooms": "13",
        "tourism": "hotel",
        "website": "https://legadomitico.com/salta/"
      },
      "geometry": {
        "type": "Point",
        "coordinates": [
          -65.4103984,
          -24.7820213
        ]
      },
      "id": "node/6689627832"
    },
    {
      "type": "Feature",
      "properties": {
        "@id": "node/6690690184",
        "addr:city": "Salta",
        "addr:country": "AR",
        "addr:housenumber": "113",
        "addr:postcode": "A4400ANC",
        "addr:street": "Caseros",
        "air_conditioning": "yes",
        "email": "reservashotel@hoteldelconvento.com.ar",
        "internet_access": "yes",
        "internet_access:fee": "no",
        "name": "Hotel del Antiguo Convento",
        "phone": "+54 387 422 7267",
        "stars": "4",
        "tourism": "hotel",
        "website": "https://hoteldelconvento.com.ar/index_en.html"
      },
      "geometry": {
        "type": "Point",
        "coordinates": [
          -65.4046079,
          -24.7903249
        ]
      },
      "id": "node/6690690184"
    },
    {
      "type": "Feature",
      "properties": {
        "@id": "node/6721952590",
        "amenity": "restaurant",
        "internet_access": "wlan",
        "name": "Enigma Resto Bar"
      },
      "geometry": {
        "type": "Point",
        "coordinates": [
          -65.4112597,
          -24.7792082
        ]
      },
      "id": "node/6721952590"
    },
    {
      "type": "Feature",
      "properties": {
        "@id": "node/6728645432",
        "amenity": "school"
      },
      "geometry": {
        "type": "Point",
        "coordinates": [
          -65.3926877,
          -24.7651555
        ]
      },
      "id": "node/6728645432"
    },
    {
      "type": "Feature",
      "properties": {
        "@id": "node/6728645447",
        "amenity": "school"
      },
      "geometry": {
        "type": "Point",
        "coordinates": [
          -65.3926773,
          -24.7653637
        ]
      },
      "id": "node/6728645447"
    },
    {
      "type": "Feature",
      "properties": {
        "@id": "node/6797667285",
        "addr:housenumber": "30",
        "addr:postcode": "4409",
        "addr:street": "Ituzaingó",
        "internet_access": "wlan",
        "name": "Hotel Crillon",
        "opening_hours": "24/7",
        "phone": "+54 387 422 0400",
        "tourism": "hotel"
      },
      "geometry": {
        "type": "Point",
        "coordinates": [
          -65.4138048,
          -24.7897647
        ]
      },
      "id": "node/6797667285"
    },
    {
      "type": "Feature",
      "properties": {
        "@id": "node/6812530586",
        "amenity": "clinic",
        "healthcare": "clinic",
        "name": "Enfermería"
      },
      "geometry": {
        "type": "Point",
        "coordinates": [
          -65.3989496,
          -24.7951114
        ]
      },
      "id": "node/6812530586"
    },
    {
      "type": "Feature",
      "properties": {
        "@id": "node/6812533685",
        "amenity": "police",
        "name": "Policía"
      },
      "geometry": {
        "type": "Point",
        "coordinates": [
          -65.3989225,
          -24.7951541
        ]
      },
      "id": "node/6812533685"
    },
    {
      "type": "Feature",
      "properties": {
        "@id": "node/6812609686",
        "amenity": "cafe",
        "name": "Yo"
      },
      "geometry": {
        "type": "Point",
        "coordinates": [
          -65.3986672,
          -24.7952805
        ]
      },
      "id": "node/6812609686"
    },
    {
      "type": "Feature",
      "properties": {
        "@id": "node/6812666693",
        "amenity": "fast_food",
        "name": "Estación Central"
      },
      "geometry": {
        "type": "Point",
        "coordinates": [
          -65.3982406,
          -24.7957572
        ]
      },
      "id": "node/6812666693"
    },
    {
      "type": "Feature",
      "properties": {
        "@id": "node/6895912585",
        "addr:housenumber": "333",
        "addr:street": "Facundo de Zuviría",
        "amenity": "cafe",
        "cuisine": "cake;coffee_shop",
        "internet_access": "wlan",
        "name": "Bici-Café Salta",
        "name:de": "BICI-CAFÉ SALTA",
        "name:en": "BICI-CAFÉ SALTA",
        "name:es": "BICI-CAFÉ SALTA",
        "website": "https://bici-cafe-salta.negocio.site/"
      },
      "geometry": {
        "type": "Point",
        "coordinates": [
          -65.4093303,
          -24.7861237
        ]
      },
      "id": "node/6895912585"
    },
    {
      "type": "Feature",
      "properties": {
        "@id": "node/6914047385",
        "bus": "yes",
        "highway": "bus_stop",
        "name": "Linea 7 : Directìon San Loranzo",
        "name:en": "Line 7 : Direction San Loranzo",
        "name:fr": "Ligne 7 : Direction San Loranzo",
        "public_transport": "platform"
      },
      "geometry": {
        "type": "Point",
        "coordinates": [
          -65.4015202,
          -24.7929694
        ]
      },
      "id": "node/6914047385"
    },
    {
      "type": "Feature",
      "properties": {
        "@id": "node/6923577385",
        "name": "El Rincon del Cielo",
        "tourism": "hotel"
      },
      "geometry": {
        "type": "Point",
        "coordinates": [
          -65.4103102,
          -24.7982528
        ]
      },
      "id": "node/6923577385"
    },
    {
      "type": "Feature",
      "properties": {
        "@id": "node/6925733685",
        "amenity": "atm",
        "operator": "cajero Mas Ventas"
      },
      "geometry": {
        "type": "Point",
        "coordinates": [
          -65.4118699,
          -24.7825406
        ]
      },
      "id": "node/6925733685"
    },
    {
      "type": "Feature",
      "properties": {
        "@id": "node/6935822885",
        "name": "LuzAzul lacteos",
        "shop": "convenience"
      },
      "geometry": {
        "type": "Point",
        "coordinates": [
          -65.4144845,
          -24.7933193
        ]
      },
      "id": "node/6935822885"
    },
    {
      "type": "Feature",
      "properties": {
        "@id": "node/6966815186",
        "amenity": "parking",
        "internet_access": "wlan"
      },
      "geometry": {
        "type": "Point",
        "coordinates": [
          -65.4093365,
          -24.7858021
        ]
      },
      "id": "node/6966815186"
    },
    {
      "type": "Feature",
      "properties": {
        "@id": "node/6990684586",
        "addr:street": "Avenida Manuel Belgrano",
        "amenity": "fast_food",
        "check_date": "2026-02-08",
        "cuisine": "mexican",
        "name": "La Maïté Enpanadas",
        "opening_hours": "Mo-Su 11:00-15:00, 20:00-00:00",
        "phone": "4214546"
      },
      "geometry": {
        "type": "Point",
        "coordinates": [
          -65.4231189,
          -24.7864665
        ]
      },
      "id": "node/6990684586"
    },
    {
      "type": "Feature",
      "properties": {
        "@id": "node/6991107185",
        "amenity": "atm"
      },
      "geometry": {
        "type": "Point",
        "coordinates": [
          -65.420581,
          -24.7866374
        ]
      },
      "id": "node/6991107185"
    },
    {
      "type": "Feature",
      "properties": {
        "@id": "node/6997957385",
        "bench": "no",
        "bus": "yes",
        "highway": "bus_stop",
        "name": "5A",
        "public_transport": "platform",
        "shelter": "no"
      },
      "geometry": {
        "type": "Point",
        "coordinates": [
          -65.4058286,
          -24.7925726
        ]
      },
      "id": "node/6997957385"
    },
    {
      "type": "Feature",
      "properties": {
        "@id": "node/6997957486",
        "bus": "yes",
        "highway": "bus_stop",
        "name": "5A",
        "public_transport": "platform"
      },
      "geometry": {
        "type": "Point",
        "coordinates": [
          -65.4277578,
          -24.7922644
        ]
      },
      "id": "node/6997957486"
    },
    {
      "type": "Feature",
      "properties": {
        "@id": "node/6997957487",
        "name": "Seven",
        "shop": "convenience"
      },
      "geometry": {
        "type": "Point",
        "coordinates": [
          -65.4276682,
          -24.7907048
        ]
      },
      "id": "node/6997957487"
    },
    {
      "type": "Feature",
      "properties": {
        "@id": "node/6997957585",
        "bus": "yes",
        "highway": "bus_stop",
        "public_transport": "platform"
      },
      "geometry": {
        "type": "Point",
        "coordinates": [
          -65.4276158,
          -24.7885135
        ]
      },
      "id": "node/6997957585"
    },
    {
      "type": "Feature",
      "properties": {
        "@id": "node/7040898585",
        "amenity": "bank",
        "brand": "Banco Ciudad",
        "brand:en": "City Bank",
        "brand:es": "Banco Ciudad",
        "brand:wikidata": "Q4856204",
        "brand:wikipedia": "en:Bank of the City of Buenos Aires",
        "name": "Banco Ciudad",
        "name:en": "City Bank",
        "name:es": "Banco Ciudad",
        "official_name": "Banco Ciudad de Buenos Aires",
        "official_name:en": "Bank of the City of Buenos Aires",
        "official_name:es": "Banco Ciudad de Buenos Aires"
      },
      "geometry": {
        "type": "Point",
        "coordinates": [
          -65.4108123,
          -24.7869105
        ]
      },
      "id": "node/7040898585"
    },
    {
      "type": "Feature",
      "properties": {
        "@id": "node/7040899085",
        "amenity": "atm",
        "check_date": "2026-06-14",
        "operator": "Banco Ciudad"
      },
      "geometry": {
        "type": "Point",
        "coordinates": [
          -65.4108694,
          -24.7869027
        ]
      },
      "id": "node/7040899085"
    },
    {
      "type": "Feature",
      "properties": {
        "@id": "node/7047952816",
        "amenity": "cafe",
        "name": "Imayki"
      },
      "geometry": {
        "type": "Point",
        "coordinates": [
          -65.4117511,
          -24.7825521
        ]
      },
      "id": "node/7047952816"
    },
    {
      "type": "Feature",
      "properties": {
        "@id": "node/7048775802",
        "addr:city": "Salta",
        "addr:postcode": "4400",
        "amenity": "restaurant",
        "cuisine": "pizza;burger;sandwich",
        "name": "Tazmania Delivery",
        "phone": "+54 387 535 8765"
      },
      "geometry": {
        "type": "Point",
        "coordinates": [
          -65.3999069,
          -24.7235398
        ]
      },
      "id": "node/7048775802"
    },
    {
      "type": "Feature",
      "properties": {
        "@id": "node/7054331986",
        "name": "Pachamama De Salta",
        "tourism": "hotel"
      },
      "geometry": {
        "type": "Point",
        "coordinates": [
          -65.4004705,
          -24.8022385
        ]
      },
      "id": "node/7054331986"
    },
    {
      "type": "Feature",
      "properties": {
        "@id": "node/7068113685",
        "amenity": "bar",
        "internet_access": "wlan",
        "name": "La Birreria"
      },
      "geometry": {
        "type": "Point",
        "coordinates": [
          -65.4063677,
          -24.7841878
        ]
      },
      "id": "node/7068113685"
    },
    {
      "type": "Feature",
      "properties": {
        "@id": "node/7191730067",
        "name": "La casa de la linda",
        "tourism": "hostel"
      },
      "geometry": {
        "type": "Point",
        "coordinates": [
          -65.402364,
          -24.7916219
        ]
      },
      "id": "node/7191730067"
    },
    {
      "type": "Feature",
      "properties": {
        "@id": "node/7266984753",
        "bus": "yes",
        "highway": "bus_stop",
        "public_transport": "platform"
      },
      "geometry": {
        "type": "Point",
        "coordinates": [
          -65.4444601,
          -24.8537013
        ]
      },
      "id": "node/7266984753"
    },
    {
      "type": "Feature",
      "properties": {
        "@id": "node/7267001538",
        "bus": "yes",
        "highway": "bus_stop",
        "public_transport": "platform"
      },
      "geometry": {
        "type": "Point",
        "coordinates": [
          -65.4295558,
          -24.8293631
        ]
      },
      "id": "node/7267001538"
    },
    {
      "type": "Feature",
      "properties": {
        "@id": "node/7323965589",
        "addr:city": "Salta",
        "addr:full": "Buenos Aires Nº 616 entre Rioja y San Luis",
        "addr:housenumber": "616",
        "addr:postcode": "4400",
        "addr:street": "Buenos Aires",
        "amenity": "restaurant",
        "name": "El Gaucho Amado",
        "official_name": "El Gaucho Amado Salta"
      },
      "geometry": {
        "type": "Point",
        "coordinates": [
          -65.4104318,
          -24.7976499
        ]
      },
      "id": "node/7323965589"
    },
    {
      "type": "Feature",
      "properties": {
        "@id": "node/7335621785",
        "brand": "Vea",
        "brand:wikidata": "Q5858167",
        "brand:wikipedia": "es:Vea (supermercado)",
        "name": "Vea",
        "shop": "supermarket"
      },
      "geometry": {
        "type": "Point",
        "coordinates": [
          -65.4142311,
          -24.7940737
        ]
      },
      "id": "node/7335621785"
    },
    {
      "type": "Feature",
      "properties": {
        "@id": "node/7376579119",
        "bus": "yes",
        "highway": "bus_stop",
        "public_transport": "platform"
      },
      "geometry": {
        "type": "Point",
        "coordinates": [
          -65.4090857,
          -24.8308181
        ]
      },
      "id": "node/7376579119"
    },
    {
      "type": "Feature",
      "properties": {
        "@id": "node/7376579120",
        "bus": "yes",
        "highway": "bus_stop",
        "public_transport": "platform"
      },
      "geometry": {
        "type": "Point",
        "coordinates": [
          -65.4094641,
          -24.8307291
        ]
      },
      "id": "node/7376579120"
    },
    {
      "type": "Feature",
      "properties": {
        "@id": "node/7404158660",
        "addr:city": "Salta",
        "addr:full": "Dr. Eduardo Paz Chain N°30 - Salta Capital",
        "addr:place": "Capital",
        "addr:postcode": "4400",
        "amenity": "hospital",
        "description": "Bajo riesgo con internación simple",
        "healthcare": "hospital",
        "name": "Hospital De Endocrinologia Y Metabolismo Dr Arturo Oñativia",
        "operator:type": "public",
        "ref:sisa_codigo": "10660282173037",
        "ref:sisa_tipologia": "ESCIG",
        "source": "sedronar.gov.ar | Public Domain (PD)",
        "wikidata": "Q95447301"
      },
      "geometry": {
        "type": "Point",
        "coordinates": [
          -65.3983337,
          -24.7894083
        ]
      },
      "id": "node/7404158660"
    },
    {
      "type": "Feature",
      "properties": {
        "@id": "node/7570062071",
        "amenity": "townhall",
        "name": "SEGEMAR: Servicio Geológico Minero Argentino",
        "townhall:type": "city"
      },
      "geometry": {
        "type": "Point",
        "coordinates": [
          -65.409995,
          -24.7304423
        ]
      },
      "id": "node/7570062071"
    },
    {
      "type": "Feature",
      "properties": {
        "@id": "node/7570062533",
        "amenity": "school",
        "name": "Colegio Madre Teresa de Calcuta ANEXO NORTE"
      },
      "geometry": {
        "type": "Point",
        "coordinates": [
          -65.4087187,
          -24.7319187
        ]
      },
      "id": "node/7570062533"
    },
    {
      "type": "Feature",
      "properties": {
        "@id": "node/7570062538",
        "amenity": "townhall",
        "name": "Comisión Nacional de Energía Atómica",
        "townhall:type": "city"
      },
      "geometry": {
        "type": "Point",
        "coordinates": [
          -65.4100139,
          -24.7315796
        ]
      },
      "id": "node/7570062538"
    },
    {
      "type": "Feature",
      "properties": {
        "@id": "node/7570062539",
        "amenity": "townhall",
        "name": "Secretaría de Minería de Salta",
        "townhall:type": "city"
      },
      "geometry": {
        "type": "Point",
        "coordinates": [
          -65.4102254,
          -24.7328351
        ]
      },
      "id": "node/7570062539"
    },
    {
      "type": "Feature",
      "properties": {
        "@id": "node/7593784164",
        "bus": "yes",
        "highway": "bus_stop",
        "network": "7E Circulo",
        "operator": "Altos molinos",
        "public_transport": "platform"
      },
      "geometry": {
        "type": "Point",
        "coordinates": [
          -65.4098698,
          -24.8314199
        ]
      },
      "id": "node/7593784164"
    },
    {
      "type": "Feature",
      "properties": {
        "@id": "node/7593784165",
        "bus": "yes",
        "highway": "bus_stop",
        "name": "7E CIRCULO",
        "network": "7E CIRCULO",
        "operator": "Altos Molinos",
        "public_transport": "platform"
      },
      "geometry": {
        "type": "Point",
        "coordinates": [
          -65.4119167,
          -24.8321469
        ]
      },
      "id": "node/7593784165"
    },
    {
      "type": "Feature",
      "properties": {
        "@id": "node/7593784166",
        "bus": "yes",
        "highway": "bus_stop",
        "network": "7E Circulo",
        "operator": "Altos Molinos",
        "public_transport": "platform"
      },
      "geometry": {
        "type": "Point",
        "coordinates": [
          -65.4109308,
          -24.8319419
        ]
      },
      "id": "node/7593784166"
    },
    {
      "type": "Feature",
      "properties": {
        "@id": "node/7769708347",
        "addr:housenumber": "875",
        "addr:street": "Antonio Balcarce",
        "amenity": "bar",
        "name": "La Vieja Estación"
      },
      "geometry": {
        "type": "Point",
        "coordinates": [
          -65.4115047,
          -24.7789385
        ]
      },
      "id": "node/7769708347"
    },
    {
      "type": "Feature",
      "properties": {
        "@id": "node/7968848719",
        "amenity": "university",
        "description": "Fundación Magister Salta",
        "name": "Universidad Siglo 21",
        "website": "https://21.edu.ar/content/fund-magister-salta-salta"
      },
      "geometry": {
        "type": "Point",
        "coordinates": [
          -65.4663753,
          -24.8376705
        ]
      },
      "id": "node/7968848719"
    },
    {
      "type": "Feature",
      "properties": {
        "@id": "node/8122579199",
        "amenity": "atm",
        "cash_in": "yes",
        "currency:ARS": "yes",
        "network": "Banelco"
      },
      "geometry": {
        "type": "Point",
        "coordinates": [
          -65.40376,
          -24.7802072
        ]
      },
      "id": "node/8122579199"
    },
    {
      "type": "Feature",
      "properties": {
        "@id": "node/8122996017",
        "amenity": "restaurant",
        "cuisine": "burger",
        "name": "Dean Dennis"
      },
      "geometry": {
        "type": "Point",
        "coordinates": [
          -65.4021282,
          -24.7809732
        ]
      },
      "id": "node/8122996017"
    },
    {
      "type": "Feature",
      "properties": {
        "@id": "node/8122996018",
        "amenity": "restaurant",
        "cuisine": "burger",
        "name": "Mostaza"
      },
      "geometry": {
        "type": "Point",
        "coordinates": [
          -65.4027541,
          -24.7808543
        ]
      },
      "id": "node/8122996018"
    },
    {
      "type": "Feature",
      "properties": {
        "@id": "node/8122996117",
        "addr:full": "Pueyrredón 802",
        "amenity": "cafe",
        "name": "Ftenesi",
        "outdoor_seating": "yes",
        "smoking": "outside"
      },
      "geometry": {
        "type": "Point",
        "coordinates": [
          -65.4058053,
          -24.7800659
        ]
      },
      "id": "node/8122996117"
    },
    {
      "type": "Feature",
      "properties": {
        "@id": "node/8122996318",
        "bus": "yes",
        "highway": "bus_stop",
        "operator": "Saeta",
        "public_transport": "platform",
        "shelter": "no"
      },
      "geometry": {
        "type": "Point",
        "coordinates": [
          -65.4031776,
          -24.7818625
        ]
      },
      "id": "node/8122996318"
    },
    {
      "type": "Feature",
      "properties": {
        "@id": "node/8124225753",
        "bus": "yes",
        "departures_board": "timetable",
        "highway": "bus_stop",
        "name": "Saeta",
        "public_transport": "platform",
        "ref": "5B"
      },
      "geometry": {
        "type": "Point",
        "coordinates": [
          -65.393917,
          -24.7633413
        ]
      },
      "id": "node/8124225753"
    },
    {
      "type": "Feature",
      "properties": {
        "@id": "node/8124807488",
        "bus": "yes",
        "highway": "bus_stop",
        "name": "5B Saeta",
        "network": "Saeta",
        "public_transport": "platform",
        "ref": "5B"
      },
      "geometry": {
        "type": "Point",
        "coordinates": [
          -65.3938217,
          -24.7624027
        ]
      },
      "id": "node/8124807488"
    },
    {
      "type": "Feature",
      "properties": {
        "@id": "node/8238445561",
        "addr:city": "Salta",
        "addr:postcode": "4400",
        "addr:street": "Ezequiel Martínez Estrada",
        "amenity": "hospital",
        "healthcare": "hospital",
        "name": "centro de salud 18 Portezuelo",
        "phone": "+54 387 4282532"
      },
      "geometry": {
        "type": "Point",
        "coordinates": [
          -65.3752736,
          -24.7991291
        ]
      },
      "id": "node/8238445561"
    },
    {
      "type": "Feature",
      "properties": {
        "@id": "node/8336085843",
        "bus": "yes",
        "departures_board": "no",
        "highway": "bus_stop",
        "name": "Parada 7E CIRCULO",
        "network": "7E CIRCULO",
        "operator": "Saeta",
        "public_transport": "platform"
      },
      "geometry": {
        "type": "Point",
        "coordinates": [
          -65.4132195,
          -24.8326179
        ]
      },
      "id": "node/8336085843"
    },
    {
      "type": "Feature",
      "properties": {
        "@id": "node/8336085844",
        "bus": "yes",
        "highway": "bus_stop",
        "name": "Parada 7E CIRCULO",
        "network": "7E CIRCULO",
        "operator": "SAETA",
        "public_transport": "platform",
        "shelter": "yes"
      },
      "geometry": {
        "type": "Point",
        "coordinates": [
          -65.4142849,
          -24.8330899
        ]
      },
      "id": "node/8336085844"
    },
    {
      "type": "Feature",
      "properties": {
        "@id": "node/8336085845",
        "bus": "yes",
        "highway": "bus_stop",
        "name": "7E CIRCULO",
        "network": "7E CIRCULO",
        "operator": "SAETA",
        "public_transport": "platform",
        "shelter": "no"
      },
      "geometry": {
        "type": "Point",
        "coordinates": [
          -65.4166897,
          -24.8338023
        ]
      },
      "id": "node/8336085845"
    },
    {
      "type": "Feature",
      "properties": {
        "@id": "node/8336085846",
        "bus": "yes",
        "highway": "bus_stop",
        "name": "7E CIRCULO",
        "network": "7E CIRCULO",
        "operator": "SAETA",
        "public_transport": "platform"
      },
      "geometry": {
        "type": "Point",
        "coordinates": [
          -65.4167505,
          -24.8339971
        ]
      },
      "id": "node/8336085846"
    },
    {
      "type": "Feature",
      "properties": {
        "@id": "node/8354359152",
        "amenity": "restaurant",
        "changing_table": "no",
        "internet_access": "no",
        "internet_access:fee": "no",
        "name": "Comida Rápido",
        "smoking": "outside",
        "stars": "1",
        "takeaway": "yes",
        "toilets:access": "private"
      },
      "geometry": {
        "type": "Point",
        "coordinates": [
          -65.4100434,
          -24.8082777
        ]
      },
      "id": "node/8354359152"
    },
    {
      "type": "Feature",
      "properties": {
        "@id": "node/8713633619",
        "amenity": "restaurant",
        "name": "Vaca Club"
      },
      "geometry": {
        "type": "Point",
        "coordinates": [
          -65.3971413,
          -24.7615035
        ]
      },
      "id": "node/8713633619"
    },
    {
      "type": "Feature",
      "properties": {
        "@id": "node/8777665930",
        "addr:city": "Salta",
        "addr:postcode": "4400",
        "addr:street": "Lucio Mansilla",
        "amenity": "school",
        "name": "Escuela Independencia Nacional"
      },
      "geometry": {
        "type": "Point",
        "coordinates": [
          -65.4060887,
          -24.8285772
        ]
      },
      "id": "node/8777665930"
    },
    {
      "type": "Feature",
      "properties": {
        "@id": "node/8908264243",
        "amenity": "fuel",
        "brand": "Bandera Blanca",
        "fuel:cng": "yes",
        "name": "Bandera Blanca",
        "operator": "ADES SRL",
        "source": "https://www.enargas.gov.ar/secciones/gas-natural-comprimido/sujetos.php"
      },
      "geometry": {
        "type": "Point",
        "coordinates": [
          -65.4122449,
          -24.7304586
        ]
      },
      "id": "node/8908264243"
    },
    {
      "type": "Feature",
      "properties": {
        "@id": "node/8975156917",
        "addr:city": "Salta",
        "addr:housenumber": "223",
        "addr:postcode": "A4400",
        "addr:street": "Peatonal Juan Bautista Alberdi",
        "internet_access": "yes",
        "internet_access:fee": "no",
        "name": "Hotel Marilian II",
        "pets": "no",
        "phone": "+543874210394",
        "smoking": "isolated",
        "tourism": "hotel",
        "website": "https://www.hotelmarilian.com.ar/"
      },
      "geometry": {
        "type": "Point",
        "coordinates": [
          -65.4112299,
          -24.7926391
        ]
      },
      "id": "node/8975156917"
    },
    {
      "type": "Feature",
      "properties": {
        "@id": "node/9023528200",
        "addr:housenumber": "60",
        "addr:street": "Raúl Augusto Cortázar",
        "description": "Apart Hotel",
        "name": "Apar hotel Barcelona",
        "phone": "+54 387 505 6176",
        "tourism": "hotel"
      },
      "geometry": {
        "type": "Point",
        "coordinates": [
          -65.3987889,
          -24.7874339
        ]
      },
      "id": "node/9023528200"
    },
    {
      "type": "Feature",
      "properties": {
        "@id": "node/9380125512",
        "amenity": "fuel",
        "brand": "Bandera Blanca",
        "fuel:cng": "yes",
        "name": "Bandera Blanca",
        "operator": "KJC S.R.L.",
        "source": "https://www.enargas.gov.ar/secciones/gas-natural-comprimido/sujetos.php"
      },
      "geometry": {
        "type": "Point",
        "coordinates": [
          -65.4045108,
          -24.8030487
        ]
      },
      "id": "node/9380125512"
    },
    {
      "type": "Feature",
      "properties": {
        "@id": "node/9413780196",
        "highway": "bus_stop",
        "name": "Linea 7 AB"
      },
      "geometry": {
        "type": "Point",
        "coordinates": [
          -65.4078921,
          -24.772679
        ]
      },
      "id": "node/9413780196"
    },
    {
      "type": "Feature",
      "properties": {
        "@id": "node/9413822817",
        "highway": "bus_stop",
        "name": "Linea 7 ABC",
        "network": "Linea 7 ABC"
      },
      "geometry": {
        "type": "Point",
        "coordinates": [
          -65.3980824,
          -24.7940351
        ]
      },
      "id": "node/9413822817"
    },
    {
      "type": "Feature",
      "properties": {
        "@id": "node/9427224440",
        "amenity": "atm",
        "brand": "Macro",
        "opening_hours": "24/7",
        "operator": "Banco Macro S.A",
        "wheelchair": "yes"
      },
      "geometry": {
        "type": "Point",
        "coordinates": [
          -65.4595085,
          -24.7872368
        ]
      },
      "id": "node/9427224440"
    },
    {
      "type": "Feature",
      "properties": {
        "@id": "node/9431817417",
        "highway": "bus_stop",
        "name": "5AB"
      },
      "geometry": {
        "type": "Point",
        "coordinates": [
          -65.4087142,
          -24.7802881
        ]
      },
      "id": "node/9431817417"
    },
    {
      "type": "Feature",
      "properties": {
        "@id": "node/9431817418",
        "bench": "no",
        "highway": "bus_stop",
        "name": "6AB 7AB",
        "shelter": "no"
      },
      "geometry": {
        "type": "Point",
        "coordinates": [
          -65.4102073,
          -24.7810411
        ]
      },
      "id": "node/9431817418"
    },
    {
      "type": "Feature",
      "properties": {
        "@id": "node/9431817419",
        "highway": "bus_stop",
        "name": "7AB"
      },
      "geometry": {
        "type": "Point",
        "coordinates": [
          -65.4033512,
          -24.7939948
        ]
      },
      "id": "node/9431817419"
    },
    {
      "type": "Feature",
      "properties": {
        "@id": "node/9431817420",
        "highway": "bus_stop",
        "name": "7AB"
      },
      "geometry": {
        "type": "Point",
        "coordinates": [
          -65.4179605,
          -24.789579
        ]
      },
      "id": "node/9431817420"
    },
    {
      "type": "Feature",
      "properties": {
        "@id": "node/9431817517",
        "bench": "no",
        "highway": "bus_stop",
        "name": "6B 7AB",
        "shelter": "no"
      },
      "geometry": {
        "type": "Point",
        "coordinates": [
          -65.4066132,
          -24.7938919
        ]
      },
      "id": "node/9431817517"
    },
    {
      "type": "Feature",
      "properties": {
        "@id": "node/9431817518",
        "highway": "bus_stop",
        "name": "7AB"
      },
      "geometry": {
        "type": "Point",
        "coordinates": [
          -65.4120414,
          -24.7933967
        ]
      },
      "id": "node/9431817518"
    },
    {
      "type": "Feature",
      "properties": {
        "@id": "node/9431817519",
        "highway": "bus_stop",
        "name": "7AB"
      },
      "geometry": {
        "type": "Point",
        "coordinates": [
          -65.4107296,
          -24.7849914
        ]
      },
      "id": "node/9431817519"
    },
    {
      "type": "Feature",
      "properties": {
        "@id": "node/9431817617",
        "highway": "bus_stop",
        "name": "6B 7AB"
      },
      "geometry": {
        "type": "Point",
        "coordinates": [
          -65.4182368,
          -24.7929856
        ]
      },
      "id": "node/9431817617"
    },
    {
      "type": "Feature",
      "properties": {
        "@id": "node/9431818217",
        "highway": "bus_stop",
        "name": "7AB"
      },
      "geometry": {
        "type": "Point",
        "coordinates": [
          -65.4175265,
          -24.7850896
        ]
      },
      "id": "node/9431818217"
    },
    {
      "type": "Feature",
      "properties": {
        "@id": "node/9431818218",
        "highway": "bus_stop",
        "name": "7AB"
      },
      "geometry": {
        "type": "Point",
        "coordinates": [
          -65.4091066,
          -24.7843725
        ]
      },
      "id": "node/9431818218"
    },
    {
      "type": "Feature",
      "properties": {
        "@id": "node/9431818317",
        "highway": "bus_stop",
        "name": "7AB"
      },
      "geometry": {
        "type": "Point",
        "coordinates": [
          -65.4150217,
          -24.784679
        ]
      },
      "id": "node/9431818317"
    },
    {
      "type": "Feature",
      "properties": {
        "@id": "node/9437241817",
        "amenity": "bank",
        "name": "Western Union Pago Facil"
      },
      "geometry": {
        "type": "Point",
        "coordinates": [
          -65.415836,
          -24.7882589
        ]
      },
      "id": "node/9437241817"
    },
    {
      "type": "Feature",
      "properties": {
        "@id": "node/9671302787",
        "amenity": "restaurant",
        "name": "La Rosadita Restaurant",
        "opening_hours": "Mo-Sa 11:00-03:15",
        "phone": "+54 387 421 9226"
      },
      "geometry": {
        "type": "Point",
        "coordinates": [
          -65.4097137,
          -24.7876816
        ]
      },
      "id": "node/9671302787"
    },
    {
      "type": "Feature",
      "properties": {
        "@id": "node/9921933985",
        "amenity": "police",
        "name": "Puesto Sanidad 2"
      },
      "geometry": {
        "type": "Point",
        "coordinates": [
          -65.4025033,
          -24.8484394
        ]
      },
      "id": "node/9921933985"
    },
    {
      "type": "Feature",
      "properties": {
        "@id": "node/10154825217",
        "amenity": "bank",
        "name:en": "Western Union"
      },
      "geometry": {
        "type": "Point",
        "coordinates": [
          -65.4110654,
          -24.7910902
        ]
      },
      "id": "node/10154825217"
    },
    {
      "type": "Feature",
      "properties": {
        "@id": "node/10154825417",
        "amenity": "bank",
        "name:en": "Western Union Carrefour"
      },
      "geometry": {
        "type": "Point",
        "coordinates": [
          -65.4138249,
          -24.7890845
        ]
      },
      "id": "node/10154825417"
    },
    {
      "type": "Feature",
      "properties": {
        "@id": "node/10155440717",
        "addr:housenumber": "181",
        "addr:street": "Buenos Aires",
        "name:en": "San Francisco Hostel",
        "tourism": "hostel"
      },
      "geometry": {
        "type": "Point",
        "coordinates": [
          -65.4098959,
          -24.7920633
        ]
      },
      "id": "node/10155440717"
    },
    {
      "type": "Feature",
      "properties": {
        "@id": "node/10155665617",
        "name:en": "LQueen Hostel",
        "tourism": "hostel"
      },
      "geometry": {
        "type": "Point",
        "coordinates": [
          -65.408152,
          -24.7899524
        ]
      },
      "id": "node/10155665617"
    },
    {
      "type": "Feature",
      "properties": {
        "@id": "node/10181082119",
        "amenity": "restaurant",
        "name": "Pulperia 1910"
      },
      "geometry": {
        "type": "Point",
        "coordinates": [
          -65.4099723,
          -24.7898434
        ]
      },
      "id": "node/10181082119"
    },
    {
      "type": "Feature",
      "properties": {
        "@id": "node/10181082120",
        "amenity": "bar",
        "name": "Rústiko",
        "opening_hours": "Mo-Su 07:00-00:00"
      },
      "geometry": {
        "type": "Point",
        "coordinates": [
          -65.4097465,
          -24.7899061
        ]
      },
      "id": "node/10181082120"
    },
    {
      "type": "Feature",
      "properties": {
        "@id": "node/10188759617",
        "amenity": "atm"
      },
      "geometry": {
        "type": "Point",
        "coordinates": [
          -65.4321649,
          -24.8454852
        ]
      },
      "id": "node/10188759617"
    },
    {
      "type": "Feature",
      "properties": {
        "@id": "node/10266040309",
        "name": "Las Tinajas",
        "tourism": "hotel"
      },
      "geometry": {
        "type": "Point",
        "coordinates": [
          -65.4072081,
          -24.7935122
        ]
      },
      "id": "node/10266040309"
    },
    {
      "type": "Feature",
      "properties": {
        "@id": "node/10539014210",
        "amenity": "cafe",
        "name": "Venco Cafe"
      },
      "geometry": {
        "type": "Point",
        "coordinates": [
          -65.4084715,
          -24.7912635
        ]
      },
      "id": "node/10539014210"
    },
    {
      "type": "Feature",
      "properties": {
        "@id": "node/10539029609",
        "amenity": "restaurant",
        "name": "Tantra",
        "opening_hours": "Mo,We,Tu,Th-Sa 12:00-15:00"
      },
      "geometry": {
        "type": "Point",
        "coordinates": [
          -65.4088543,
          -24.7925527
        ]
      },
      "id": "node/10539029609"
    },
    {
      "type": "Feature",
      "properties": {
        "@id": "node/10555656943",
        "addr:housenumber": "424",
        "addr:street": "España",
        "amenity": "pharmacy",
        "name": "Farmacias del Valle",
        "phone": "+54 387 4317578"
      },
      "geometry": {
        "type": "Point",
        "coordinates": [
          -65.4084983,
          -24.7886264
        ]
      },
      "id": "node/10555656943"
    },
    {
      "type": "Feature",
      "properties": {
        "@id": "node/10555659725",
        "addr:housenumber": "675",
        "addr:street": "Justo José de Urquiza",
        "name": "LEAD Pods Hostel",
        "phone": "+54 9 3873 046555",
        "tourism": "hostel",
        "website": "https://instagram.com/lead_podshostel"
      },
      "geometry": {
        "type": "Point",
        "coordinates": [
          -65.4122144,
          -24.7923374
        ]
      },
      "id": "node/10555659725"
    },
    {
      "type": "Feature",
      "properties": {
        "@id": "node/10555684362",
        "addr:housenumber": "170",
        "addr:street": "Peatonal Juan Bautista Alberdi",
        "amenity": "cafe",
        "name": "Café Alberdi"
      },
      "geometry": {
        "type": "Point",
        "coordinates": [
          -65.411312,
          -24.7918969
        ]
      },
      "id": "node/10555684362"
    },
    {
      "type": "Feature",
      "properties": {
        "@id": "node/10562136766",
        "addr:housenumber": "680",
        "addr:street": "Rudecindo Alvarado",
        "amenity": "bank",
        "name": "Naranja X",
        "opening_hours": "Mo-Fr 08:30-17:00",
        "phone": "+54 810 3336272",
        "website": "naranja.com"
      },
      "geometry": {
        "type": "Point",
        "coordinates": [
          -65.4107633,
          -24.7910107
        ]
      },
      "id": "node/10562136766"
    },
    {
      "type": "Feature",
      "properties": {
        "@id": "node/10578146365",
        "addr:housenumber": "409",
        "addr:street": "Santiago del Estero",
        "amenity": "cafe",
        "name": "Santa Maria Cocina y Café",
        "opening_hours": "Mo-Su 08:00-21:00"
      },
      "geometry": {
        "type": "Point",
        "coordinates": [
          -65.408112,
          -24.7853215
        ]
      },
      "id": "node/10578146365"
    },
    {
      "type": "Feature",
      "properties": {
        "@id": "node/10578171284",
        "addr:housenumber": "153",
        "addr:street": "Facundo de Zuviría",
        "amenity": "parking"
      },
      "geometry": {
        "type": "Point",
        "coordinates": [
          -65.4096011,
          -24.7880973
        ]
      },
      "id": "node/10578171284"
    },
    {
      "type": "Feature",
      "properties": {
        "@id": "node/10578171285",
        "amenity": "parking",
        "opening_hours": "Mo-Sa 08:00-22:00"
      },
      "geometry": {
        "type": "Point",
        "coordinates": [
          -65.4106999,
          -24.7925153
        ]
      },
      "id": "node/10578171285"
    },
    {
      "type": "Feature",
      "properties": {
        "@id": "node/10580434825",
        "addr:housenumber": "438",
        "addr:street": "Antonio Balcarce",
        "amenity": "fast_food",
        "check_date": "2026-06-14",
        "description": "Delivery only in the evening",
        "name": "Corona Pizza",
        "opening_hours": "Mo-Su 11:30-15:00, 20:00-01:00",
        "phone": "+54 387 6399363"
      },
      "geometry": {
        "type": "Point",
        "coordinates": [
          -65.4117771,
          -24.7843626
        ]
      },
      "id": "node/10580434825"
    },
    {
      "type": "Feature",
      "properties": {
        "@id": "node/10580532386",
        "addr:city": "Salta",
        "addr:housenumber": "439",
        "addr:postcode": "4400",
        "addr:street": "Juan Martín de Pueyrredón",
        "amenity": "restaurant",
        "contact:instagram": "https://www.instagram.com/cardamomo.comidas/",
        "description": "Comidas vegetarianas y veganas",
        "diet:vegan": "yes",
        "name": "Cardamomo",
        "opening_hours": "Tu-Su 12:00-15:30, 20:00-00:00",
        "phone": "+54 387 2200559",
        "website": "https://www.monline.com.ar/Cardamomo",
        "website:menu": "https://drive.google.com/file/d/1J8ZRp35ISMotLCqmrVwkwoOnYPmghLF7/view",
        "website:menu:en": "https://drive.google.com/file/d/1qBuJGpGqh5TVEgymK0j-mksrkBATiMCN/view"
      },
      "geometry": {
        "type": "Point",
        "coordinates": [
          -65.4066172,
          -24.7850012
        ]
      },
      "id": "node/10580532386"
    },
    {
      "type": "Feature",
      "properties": {
        "@id": "node/10581862559",
        "addr:housenumber": "346",
        "addr:street": "Facundo de Zuviría",
        "amenity": "cafe",
        "name": "Homero Coffee Shop"
      },
      "geometry": {
        "type": "Point",
        "coordinates": [
          -65.4092012,
          -24.7859411
        ]
      },
      "id": "node/10581862559"
    },
    {
      "type": "Feature",
      "properties": {
        "@id": "node/10598831305",
        "amenity": "cafe",
        "name": "Teuco"
      },
      "geometry": {
        "type": "Point",
        "coordinates": [
          -65.4098581,
          -24.7899505
        ]
      },
      "id": "node/10598831305"
    },
    {
      "type": "Feature",
      "properties": {
        "@id": "node/10749322749",
        "addr:city": "Salta",
        "addr:housenumber": "857",
        "addr:postcode": "4400",
        "addr:street": "Juan Martín Leguizamón",
        "amenity": "school",
        "grades": "Nivel Inicial, Nivel Primario y Nivel Secundario",
        "name": "Colegio Santa Isabel de Hungría",
        "religion": "christian",
        "website": "https://colegiosantaisabeldehungria.com/"
      },
      "geometry": {
        "type": "Point",
        "coordinates": [
          -65.4137519,
          -24.7836572
        ]
      },
      "id": "node/10749322749"
    },
    {
      "type": "Feature",
      "properties": {
        "@id": "node/10749345377",
        "addr:city": "Salta",
        "addr:housenumber": "500",
        "addr:postcode": "4400",
        "addr:street": "25 de Mayo",
        "air_conditioning": "yes",
        "brand": "Thiaguito",
        "description": "Hotel tranquilo con cafe/bar y habitaciones sencillas con pantalla plana y cuadrada.",
        "internet_access": "yes",
        "internet_access:fee": "customers",
        "name": "Las Higueras",
        "tourism": "hotel",
        "website": "https://www.lashiguerashotel.com.ar/"
      },
      "geometry": {
        "type": "Point",
        "coordinates": [
          -65.4143783,
          -24.7833387
        ]
      },
      "id": "node/10749345377"
    },
    {
      "type": "Feature",
      "properties": {
        "@id": "node/10749357700",
        "amenity": "school",
        "name": "Colegio Santa Isabel de Hungria;colegio santa isabel de hungria",
        "note": "Colegio de alto rendimiento"
      },
      "geometry": {
        "type": "Point",
        "coordinates": [
          -65.4141616,
          -24.7839205
        ]
      },
      "id": "node/10749357700"
    },
    {
      "type": "Feature",
      "properties": {
        "@id": "node/10749357704",
        "amenity": "school",
        "name": "Colegio San Alfonso"
      },
      "geometry": {
        "type": "Point",
        "coordinates": [
          -65.4142886,
          -24.7826264
        ]
      },
      "id": "node/10749357704"
    },
    {
      "type": "Feature",
      "properties": {
        "@id": "node/10749361002",
        "amenity": "cafe",
        "name": "cafeteria teuco"
      },
      "geometry": {
        "type": "Point",
        "coordinates": [
          -65.4131102,
          -24.7846426
        ]
      },
      "id": "node/10749361002"
    },
    {
      "type": "Feature",
      "properties": {
        "@id": "node/10749384231",
        "addr:city": "Salta",
        "addr:housenumber": "557",
        "addr:postcode": "4400",
        "addr:street": "Avenida Domingo Faustino Sarmiento",
        "amenity": "hospital",
        "emergency": "yes",
        "healthcare": "hospital",
        "name": "Hospital Señor del Milagro"
      },
      "geometry": {
        "type": "Point",
        "coordinates": [
          -65.4161065,
          -24.7826812
        ]
      },
      "id": "node/10749384231"
    },
    {
      "type": "Feature",
      "properties": {
        "@id": "node/10749386678",
        "addr:city": "Salta",
        "addr:housenumber": "857",
        "addr:street": "Juan Martín Leguizamón",
        "amenity": "school",
        "denomination": "catholic",
        "description": "Institución educativa con motivos religiosos.",
        "grades": "1-12",
        "image": "https://informatesalta.com.ar/download/multimedia.miniatura.b04349fa5a83949c.636f6c6567696f732e69736162656c5f6d696e6961747572612e4a5047.JPG",
        "internet_access": "wlan",
        "name": "Colegio Sta. Isabel de Hungría",
        "operator": "Congregación de las Hermanas Terciarias Franciscanas",
        "operator:type": "religious",
        "phone": "+54 387 421 2110",
        "religion": "christian",
        "website": "https://colegiosantaisabeldehungria.com/"
      },
      "geometry": {
        "type": "Point",
        "coordinates": [
          -65.413756,
          -24.7836093
        ]
      },
      "id": "node/10749386678"
    },
    {
      "type": "Feature",
      "properties": {
        "@id": "node/10749403847",
        "amenity": "school",
        "name": "Colegio Santa Isabel de Hungría"
      },
      "geometry": {
        "type": "Point",
        "coordinates": [
          -65.4137828,
          -24.7836344
        ]
      },
      "id": "node/10749403847"
    },
    {
      "type": "Feature",
      "properties": {
        "@id": "node/10749403848",
        "amenity": "school",
        "name": "Colegio San Alfonso"
      },
      "geometry": {
        "type": "Point",
        "coordinates": [
          -65.4140775,
          -24.7824115
        ]
      },
      "id": "node/10749403848"
    },
    {
      "type": "Feature",
      "properties": {
        "@id": "node/10749403850",
        "amenity": "school",
        "name": "Colegio San Agustín"
      },
      "geometry": {
        "type": "Point",
        "coordinates": [
          -65.4122158,
          -24.7837465
        ]
      },
      "id": "node/10749403850"
    },
    {
      "type": "Feature",
      "properties": {
        "@id": "node/10749403851",
        "amenity": "school",
        "name": "Colegio Bernardo Frias"
      },
      "geometry": {
        "type": "Point",
        "coordinates": [
          -65.4130543,
          -24.7846608
        ]
      },
      "id": "node/10749403851"
    },
    {
      "type": "Feature",
      "properties": {
        "@id": "node/10749403854",
        "amenity": "cafe",
        "name": "Teuco"
      },
      "geometry": {
        "type": "Point",
        "coordinates": [
          -65.4131236,
          -24.7846436
        ]
      },
      "id": "node/10749403854"
    },
    {
      "type": "Feature",
      "properties": {
        "@id": "node/10749403858",
        "amenity": "fast_food",
        "cuisine": "sandwich",
        "name": "Sandwicheria"
      },
      "geometry": {
        "type": "Point",
        "coordinates": [
          -65.4149857,
          -24.7835399
        ]
      },
      "id": "node/10749403858"
    },
    {
      "type": "Feature",
      "properties": {
        "@id": "node/10800380205",
        "check_date": "2026-02-08",
        "name": "supermarket Almacen con Onda",
        "shop": "supermarket"
      },
      "geometry": {
        "type": "Point",
        "coordinates": [
          -65.4061937,
          -24.790201
        ]
      },
      "id": "node/10800380205"
    },
    {
      "type": "Feature",
      "properties": {
        "@id": "node/11045422977",
        "name": "La Rotonda",
        "shop": "supermarket"
      },
      "geometry": {
        "type": "Point",
        "coordinates": [
          -65.4125088,
          -24.7783747
        ]
      },
      "id": "node/11045422977"
    },
    {
      "type": "Feature",
      "properties": {
        "@id": "node/11045469705",
        "addr:street": "Almirante Brown",
        "name": "Día",
        "shop": "supermarket"
      },
      "geometry": {
        "type": "Point",
        "coordinates": [
          -65.4218451,
          -24.7881916
        ]
      },
      "id": "node/11045469705"
    },
    {
      "type": "Feature",
      "properties": {
        "@id": "node/11045469805",
        "amenity": "bank",
        "brand": "Galicia",
        "brand:wikidata": "Q5717952",
        "name": "Galicia"
      },
      "geometry": {
        "type": "Point",
        "coordinates": [
          -65.4420988,
          -24.7693189
        ]
      },
      "id": "node/11045469805"
    },
    {
      "type": "Feature",
      "properties": {
        "@id": "node/11048391507",
        "addr:housenumber": "511",
        "addr:street": "Caseros",
        "amenity": "restaurant",
        "name": "Adobe"
      },
      "geometry": {
        "type": "Point",
        "coordinates": [
          -65.4101382,
          -24.7900098
        ]
      },
      "id": "node/11048391507"
    },
    {
      "type": "Feature",
      "properties": {
        "@id": "node/11048680166",
        "amenity": "fast_food",
        "name": "Mostaza"
      },
      "geometry": {
        "type": "Point",
        "coordinates": [
          -65.4114825,
          -24.792957
        ]
      },
      "id": "node/11048680166"
    },
    {
      "type": "Feature",
      "properties": {
        "@id": "node/11048696628",
        "amenity": "pharmacy",
        "name": "Medicfarma"
      },
      "geometry": {
        "type": "Point",
        "coordinates": [
          -65.4222816,
          -24.7830693
        ]
      },
      "id": "node/11048696628"
    },
    {
      "type": "Feature",
      "properties": {
        "@id": "node/11261716430",
        "amenity": "bank",
        "atm": "yes",
        "building": "yes",
        "drive_through": "no",
        "name": "Cajero Automatico",
        "operator": "Banco Macro"
      },
      "geometry": {
        "type": "Point",
        "coordinates": [
          -65.445714,
          -24.7758107
        ]
      },
      "id": "node/11261716430"
    },
    {
      "type": "Feature",
      "properties": {
        "@id": "node/11462689813",
        "name": "Vital",
        "shop": "supermarket"
      },
      "geometry": {
        "type": "Point",
        "coordinates": [
          -65.4244727,
          -24.8186484
        ]
      },
      "id": "node/11462689813"
    },
    {
      "type": "Feature",
      "properties": {
        "@id": "node/11489735286",
        "bus": "yes",
        "departures_board": "no",
        "highway": "bus_stop",
        "name": "Barrio Huaico II - 460 B",
        "network": "https://saetasalta.com.ar/saetaw/",
        "operator": "Ale Hnos S.R.L., Transal S.R.L.",
        "public_transport": "platform",
        "ref": "Huaico Mirasoles (5D-6D)",
        "shelter": "no"
      },
      "geometry": {
        "type": "Point",
        "coordinates": [
          -65.4175806,
          -24.7182255
        ]
      },
      "id": "node/11489735286"
    },
    {
      "type": "Feature",
      "properties": {
        "@id": "node/11489735287",
        "bus": "yes",
        "departures_board": "no",
        "highway": "bus_stop",
        "name": "Barrio Huaico II - 465 C",
        "network": "https://saetasalta.com.ar/saetaw/",
        "operator": "Ale Hnos S.R.L., Transal S.R.L.",
        "public_transport": "platform",
        "ref": "Huaico Mirasoles (5D-6D)",
        "shelter": "no"
      },
      "geometry": {
        "type": "Point",
        "coordinates": [
          -65.4156574,
          -24.7182694
        ]
      },
      "id": "node/11489735287"
    },
    {
      "type": "Feature",
      "properties": {
        "@id": "node/11489735288",
        "bus": "yes",
        "highway": "bus_stop",
        "name": "Calle M y Agustin Tosco",
        "network": "https://saetasalta.com.ar/saetaw/",
        "operator": "Ale Hnos S.R.L., Transal S.R.L.",
        "public_transport": "platform",
        "ref": "Huaico Mirasoles (5D-6D)",
        "shelter": "no"
      },
      "geometry": {
        "type": "Point",
        "coordinates": [
          -65.415605,
          -24.7192928
        ]
      },
      "id": "node/11489735288"
    },
    {
      "type": "Feature",
      "properties": {
        "@id": "node/11489735289",
        "bus": "yes",
        "highway": "bus_stop",
        "name": "Calle M y Calle 10",
        "network": "https://saetasalta.com.ar/saetaw/",
        "operator": "Ale Hnos S.R.L., Transal S.R.L.",
        "public_transport": "platform",
        "ref": "Huaico Mirasoles (5D-6D)",
        "shelter": "no"
      },
      "geometry": {
        "type": "Point",
        "coordinates": [
          -65.4156487,
          -24.7209958
        ]
      },
      "id": "node/11489735289"
    },
    {
      "type": "Feature",
      "properties": {
        "@id": "node/11489735290",
        "bus": "yes",
        "highway": "bus_stop",
        "name": "(AL CENTRO) Calle L y Av. Democracia - Barrio Huaico II",
        "network": "https://saetasalta.com.ar/saetaw/",
        "operator": "Ale Hnos S.R.L., Transal S.R.L.",
        "public_transport": "platform",
        "ref": "6A Huaico II, Huaico Mirasoles (5D-6D)",
        "shelter": "no"
      },
      "geometry": {
        "type": "Point",
        "coordinates": [
          -65.4163091,
          -24.7234123
        ]
      },
      "id": "node/11489735290"
    },
    {
      "type": "Feature",
      "properties": {
        "@id": "node/11489735291",
        "bus": "yes",
        "highway": "bus_stop",
        "name": "(AL BARRIO) Calle L y Av. Democracia - Barrio Huaico II",
        "network": "https://saetasalta.com.ar/saetaw/",
        "operator": "Transal S.R.L.",
        "public_transport": "platform",
        "ref": "6A Huaico II",
        "shelter": "no"
      },
      "geometry": {
        "type": "Point",
        "coordinates": [
          -65.4163068,
          -24.7232257
        ]
      },
      "id": "node/11489735291"
    },
    {
      "type": "Feature",
      "properties": {
        "@id": "node/11489735292",
        "bus": "yes",
        "highway": "bus_stop",
        "name": "Av. Democracia y Calle K",
        "network": "https://saetasalta.com.ar/saetaw/",
        "operator": "San Ignacio S.R.L. UTE, Transal S.R.L., Ahynarca S.A., Ale Hnos S.R.L.",
        "public_transport": "platform",
        "ref": "3 TNO, 6A Nocturno, 8 Transversal, Huaico Mirasoles (5D-6D)",
        "shelter": "no"
      },
      "geometry": {
        "type": "Point",
        "coordinates": [
          -65.4179255,
          -24.723602
        ]
      },
      "id": "node/11489735292"
    },
    {
      "type": "Feature",
      "properties": {
        "@id": "node/11489735293",
        "bench": "yes",
        "bus": "yes",
        "highway": "bus_stop",
        "name": "Av. Democracia y Av. Lucrecia Barquet - Escuela Bellas Artes - EFETA",
        "network": "https://saetasalta.com.ar/saetaw/",
        "operator": "San Ignacio S.R.L. UTE, Transal S.R.L., Ahynarnca S.A., Ale Hnos S.R.L.",
        "public_transport": "platform",
        "ref": "3 TNO, 6A Nocturno, 8 Transversal, Huaico Mirasoles (5D-6D)",
        "shelter": "yes",
        "wheelchair": "yes"
      },
      "geometry": {
        "type": "Point",
        "coordinates": [
          -65.4208417,
          -24.7232572
        ]
      },
      "id": "node/11489735293"
    },
    {
      "type": "Feature",
      "properties": {
        "@id": "node/11489735294",
        "bus": "yes",
        "highway": "bus_stop",
        "name": "Av. Lucrecia Barquet y Pablo Outes Saravia-1",
        "network": "https://saetasalta.com.ar/saetaw/",
        "operator": "San Ignacio S.R.L. UTE, Transal S.R.L., Ahynarca S.A., Ale Hnos S.R.L.",
        "public_transport": "platform",
        "ref": "3 TNO, 6A Nocturno, 8 Transversal, Huaico Mirasoles (5D-6D), Troncal (5-6)",
        "shelter": "no"
      },
      "geometry": {
        "type": "Point",
        "coordinates": [
          -65.4213991,
          -24.7252137
        ]
      },
      "id": "node/11489735294"
    },
    {
      "type": "Feature",
      "properties": {
        "@id": "node/11489735295",
        "bus": "yes",
        "highway": "bus_stop",
        "name": "Av. Lucrecia Barquet y Botta de Nicolai",
        "network": "https://saetasalta.com.ar/saetaw/",
        "operator": "San Ignacio S.R.L. UTE, Transal S.R.L., Ahynarca S.A., Ale Hnos S.R.L.",
        "public_transport": "platform",
        "ref": "3 TNO, 6A Nocturno, 8 Transversal, Huaico Mirasoles (5D-6D), Troncal (5-6)",
        "shelter": "no"
      },
      "geometry": {
        "type": "Point",
        "coordinates": [
          -65.4214539,
          -24.7274451
        ]
      },
      "id": "node/11489735295"
    },
    {
      "type": "Feature",
      "properties": {
        "@id": "node/11489735296",
        "bus": "yes",
        "highway": "bus_stop",
        "name": "Av. Botta de Nicolai y Av. Lucrecia Barquet",
        "network": "https://saetasalta.com.ar/saetaw/",
        "operator": "Transal S.R.L., Ale Hnos S.R.L.",
        "public_transport": "platform",
        "ref": "6A Nocturno, Huaico Mirasoles (5D-6D), Troncal (5-6)",
        "shelter": "no"
      },
      "geometry": {
        "type": "Point",
        "coordinates": [
          -65.4209714,
          -24.7275217
        ]
      },
      "id": "node/11489735296"
    },
    {
      "type": "Feature",
      "properties": {
        "@id": "node/11489735297",
        "bus": "yes",
        "highway": "bus_stop",
        "name": "Botta de Nicolai y Calle J",
        "network": "https://saetasalta.com.ar/saetaw/",
        "operator": "San Ignacio S.R.L. UTE, Ahynarca S.A.",
        "public_transport": "platform",
        "ref": "3 TNO, 8 Transversal",
        "shelter": "no"
      },
      "geometry": {
        "type": "Point",
        "coordinates": [
          -65.4194429,
          -24.7276399
        ]
      },
      "id": "node/11489735297"
    },
    {
      "type": "Feature",
      "properties": {
        "@id": "node/11489735298",
        "bus": "yes",
        "highway": "bus_stop",
        "name": "Botta de Nicolai y Calle K-1",
        "network": "https://saetasalta.com.ar/saetaw/",
        "operator": "Transal S.R.L., Ale Hnos S.R.L.",
        "public_transport": "platform",
        "ref": "6A Nocturno, Huaico Mirasoles (5D-6D), Troncal (5-6)",
        "shelter": "no"
      },
      "geometry": {
        "type": "Point",
        "coordinates": [
          -65.4183086,
          -24.7276624
        ]
      },
      "id": "node/11489735298"
    },
    {
      "type": "Feature",
      "properties": {
        "@id": "node/11489735299",
        "bus": "yes",
        "highway": "bus_stop",
        "name": "Botta de Nicolai y Calle M - Barrio Mirasoles",
        "network": "https://saetasalta.com.ar/saetaw/",
        "operator": "San Ignacio S.R.L. UTE, Transal S.R.L., Ahynarca S.A.",
        "public_transport": "platform",
        "ref": "3TNO, 6A Nocturno, 8 Transversal",
        "shelter": "no"
      },
      "geometry": {
        "type": "Point",
        "coordinates": [
          -65.41616,
          -24.727717
        ]
      },
      "id": "node/11489735299"
    },
    {
      "type": "Feature",
      "properties": {
        "@id": "node/11489735300",
        "bus": "yes",
        "highway": "bus_stop",
        "name": "Botta de Nicolai y Calle M",
        "network": "https://saetasalta.com.ar/saetaw/",
        "operator": "Ale Hnos S.R.L., Transal S.R.L.",
        "public_transport": "platform",
        "ref": "Huaico Mirasoles (5D-6D), Troncal (5-6)",
        "shelter": "no"
      },
      "geometry": {
        "type": "Point",
        "coordinates": [
          -65.4159354,
          -24.7277159
        ]
      },
      "id": "node/11489735300"
    },
    {
      "type": "Feature",
      "properties": {
        "@id": "node/11489735301",
        "bus": "yes",
        "highway": "bus_stop",
        "name": "Botta de Nicolai y Calle O - Escuela de la Magistratura",
        "network": "https://saetasalta.com.ar/saetaw/",
        "operator": "San Ignacio S.R.L. UTE, Transal S.R.L., Ahynarca S.A., Ale Hnos S.R.L.",
        "public_transport": "platform",
        "ref": "3 Troncal O-N, 6A Nocturno, 8 Transversal, Huaico Mirasoles (5D-6D)",
        "shelter": "no"
      },
      "geometry": {
        "type": "Point",
        "coordinates": [
          -65.4131162,
          -24.7277882
        ]
      },
      "id": "node/11489735301"
    },
    {
      "type": "Feature",
      "properties": {
        "@id": "node/11489735302",
        "bus": "yes",
        "highway": "bus_stop",
        "name": "Colectora Circunvalacion Oeste y Av. Memoria Verdad y Justicia - Ciudad Judicial",
        "network": "https://saetasalta.com.ar/saetaw/",
        "operator": "Ahynarca S.A.",
        "public_transport": "platform",
        "ref": "8 Transversal",
        "shelter": "no"
      },
      "geometry": {
        "type": "Point",
        "coordinates": [
          -65.4119083,
          -24.7294138
        ]
      },
      "id": "node/11489735302"
    },
    {
      "type": "Feature",
      "properties": {
        "@id": "node/11489735303",
        "bus": "yes",
        "highway": "bus_stop",
        "name": "Colectora Oeste Autopista Av. Memoria Verdad y Justicia - Ciudad Judicial",
        "network": "https://saetasalta.com.ar/saetaw/",
        "operator": "San Ignacio S.R.L. UTE, El Cóndor S.A., Alto Molino S.R.L.",
        "public_transport": "platform",
        "ref": "3E, 3 Troncal O-N, Troncal S-E (2-7)",
        "shelter": "no"
      },
      "geometry": {
        "type": "Point",
        "coordinates": [
          -65.4118779,
          -24.7292335
        ]
      },
      "id": "node/11489735303"
    },
    {
      "type": "Feature",
      "properties": {
        "@id": "node/11489735304",
        "bus": "yes",
        "highway": "bus_stop",
        "name": "Botta de Nicolai y Calle O",
        "network": "https://saetasalta.com.ar/saetaw/",
        "operator": "Transal S.R.L., Ale Hnos S.R.L.",
        "public_transport": "platform",
        "ref": "6A Nocturno, Huaico Mirasoles (5D-6D)",
        "shelter": "no"
      },
      "geometry": {
        "type": "Point",
        "coordinates": [
          -65.4128862,
          -24.7276958
        ]
      },
      "id": "node/11489735304"
    },
    {
      "type": "Feature",
      "properties": {
        "@id": "node/11509771469",
        "name": "gutierrez eugenia",
        "shop": "convenience"
      },
      "geometry": {
        "type": "Point",
        "coordinates": [
          -65.3997647,
          -24.8428522
        ]
      },
      "id": "node/11509771469"
    },
    {
      "type": "Feature",
      "properties": {
        "@id": "node/11509957069",
        "name": "gutierrez marisa",
        "shop": "convenience"
      },
      "geometry": {
        "type": "Point",
        "coordinates": [
          -65.4049634,
          -24.8497052
        ]
      },
      "id": "node/11509957069"
    },
    {
      "type": "Feature",
      "properties": {
        "@id": "node/11509958169",
        "name": "chauque mariela",
        "shop": "convenience"
      },
      "geometry": {
        "type": "Point",
        "coordinates": [
          -65.404908,
          -24.8492412
        ]
      },
      "id": "node/11509958169"
    },
    {
      "type": "Feature",
      "properties": {
        "@id": "node/11509958170",
        "name": "chauque irma",
        "shop": "convenience"
      },
      "geometry": {
        "type": "Point",
        "coordinates": [
          -65.3998139,
          -24.8472195
        ]
      },
      "id": "node/11509958170"
    },
    {
      "type": "Feature",
      "properties": {
        "@id": "node/11509961469",
        "name": "churquina",
        "shop": "convenience"
      },
      "geometry": {
        "type": "Point",
        "coordinates": [
          -65.399406,
          -24.8446356
        ]
      },
      "id": "node/11509961469"
    },
    {
      "type": "Feature",
      "properties": {
        "@id": "node/11509969169",
        "name": "veronica torres",
        "shop": "convenience"
      },
      "geometry": {
        "type": "Point",
        "coordinates": [
          -65.3955044,
          -24.847131
        ]
      },
      "id": "node/11509969169"
    },
    {
      "type": "Feature",
      "properties": {
        "@id": "node/11509969869",
        "name": "JJ Primera junta",
        "shop": "convenience"
      },
      "geometry": {
        "type": "Point",
        "coordinates": [
          -65.395029,
          -24.8452083
        ]
      },
      "id": "node/11509969869"
    },
    {
      "type": "Feature",
      "properties": {
        "@id": "node/11509974469",
        "name": "arce paula (sandra)",
        "shop": "convenience"
      },
      "geometry": {
        "type": "Point",
        "coordinates": [
          -65.3956864,
          -24.8428655
        ]
      },
      "id": "node/11509974469"
    },
    {
      "type": "Feature",
      "properties": {
        "@id": "node/11509975369",
        "name": "zarate basilia",
        "shop": "convenience"
      },
      "geometry": {
        "type": "Point",
        "coordinates": [
          -65.3877459,
          -24.8414171
        ]
      },
      "id": "node/11509975369"
    },
    {
      "type": "Feature",
      "properties": {
        "@id": "node/11509981469",
        "name": "alcira bustamante",
        "shop": "convenience"
      },
      "geometry": {
        "type": "Point",
        "coordinates": [
          -65.3880443,
          -24.8374293
        ]
      },
      "id": "node/11509981469"
    },
    {
      "type": "Feature",
      "properties": {
        "@id": "node/11510022269",
        "name": "yucra",
        "shop": "convenience"
      },
      "geometry": {
        "type": "Point",
        "coordinates": [
          -65.3881543,
          -24.8383393
        ]
      },
      "id": "node/11510022269"
    },
    {
      "type": "Feature",
      "properties": {
        "@id": "node/11510028469",
        "name": "el negrito",
        "shop": "convenience"
      },
      "geometry": {
        "type": "Point",
        "coordinates": [
          -65.4045669,
          -24.8300972
        ]
      },
      "id": "node/11510028469"
    },
    {
      "type": "Feature",
      "properties": {
        "@id": "node/11510067969",
        "name": "paredes omar",
        "shop": "convenience"
      },
      "geometry": {
        "type": "Point",
        "coordinates": [
          -65.3871442,
          -24.8395662
        ]
      },
      "id": "node/11510067969"
    },
    {
      "type": "Feature",
      "properties": {
        "@id": "node/11510073869",
        "name": "rivero soledad",
        "shop": "convenience"
      },
      "geometry": {
        "type": "Point",
        "coordinates": [
          -65.3936058,
          -24.849881
        ]
      },
      "id": "node/11510073869"
    },
    {
      "type": "Feature",
      "properties": {
        "@id": "node/11510076669",
        "name": "martinez",
        "shop": "convenience"
      },
      "geometry": {
        "type": "Point",
        "coordinates": [
          -65.3964687,
          -24.847541
        ]
      },
      "id": "node/11510076669"
    },
    {
      "type": "Feature",
      "properties": {
        "@id": "node/11510081569",
        "name": "ponce claudia",
        "shop": "convenience"
      },
      "geometry": {
        "type": "Point",
        "coordinates": [
          -65.3926794,
          -24.8487548
        ]
      },
      "id": "node/11510081569"
    },
    {
      "type": "Feature",
      "properties": {
        "@id": "node/11510093469",
        "name": "gutierrez delia",
        "shop": "convenience"
      },
      "geometry": {
        "type": "Point",
        "coordinates": [
          -65.3893758,
          -24.8404563
        ]
      },
      "id": "node/11510093469"
    },
    {
      "type": "Feature",
      "properties": {
        "@id": "node/11510093470",
        "name": "despues de delia , saber nombre",
        "shop": "convenience"
      },
      "geometry": {
        "type": "Point",
        "coordinates": [
          -65.3887559,
          -24.8394199
        ]
      },
      "id": "node/11510093470"
    },
    {
      "type": "Feature",
      "properties": {
        "@id": "node/11510139270",
        "name": "colque noelia (miércoles)",
        "shop": "convenience"
      },
      "geometry": {
        "type": "Point",
        "coordinates": [
          -65.4214755,
          -24.826471
        ]
      },
      "id": "node/11510139270"
    },
    {
      "type": "Feature",
      "properties": {
        "@id": "node/11510178669",
        "name": "gaspar magali",
        "shop": "convenience"
      },
      "geometry": {
        "type": "Point",
        "coordinates": [
          -65.4177869,
          -24.8274985
        ]
      },
      "id": "node/11510178669"
    },
    {
      "type": "Feature",
      "properties": {
        "@id": "node/11510183369",
        "name": "arce paula JJ",
        "shop": "convenience"
      },
      "geometry": {
        "type": "Point",
        "coordinates": [
          -65.3910459,
          -24.8390622
        ]
      },
      "id": "node/11510183369"
    },
    {
      "type": "Feature",
      "properties": {
        "@id": "node/11512424169",
        "name": "medina fabian",
        "shop": "convenience"
      },
      "geometry": {
        "type": "Point",
        "coordinates": [
          -65.3920069,
          -24.8398841
        ]
      },
      "id": "node/11512424169"
    },
    {
      "type": "Feature",
      "properties": {
        "@id": "node/11517865569",
        "name": "puto",
        "shop": "convenience"
      },
      "geometry": {
        "type": "Point",
        "coordinates": [
          -65.3906625,
          -24.8293142
        ]
      },
      "id": "node/11517865569"
    },
    {
      "type": "Feature",
      "properties": {
        "@id": "node/11517920869",
        "name": "super pollo , ave faenada",
        "shop": "supermarket"
      },
      "geometry": {
        "type": "Point",
        "coordinates": [
          -65.4402493,
          -24.8485152
        ]
      },
      "id": "node/11517920869"
    },
    {
      "type": "Feature",
      "properties": {
        "@id": "node/11517926769",
        "name": "gonzales cristina",
        "shop": "convenience"
      },
      "geometry": {
        "type": "Point",
        "coordinates": [
          -65.4449666,
          -24.8505916
        ]
      },
      "id": "node/11517926769"
    },
    {
      "type": "Feature",
      "properties": {
        "@id": "node/11517932869",
        "name": "aleman claudia",
        "shop": "convenience"
      },
      "geometry": {
        "type": "Point",
        "coordinates": [
          -65.4499924,
          -24.8542937
        ]
      },
      "id": "node/11517932869"
    },
    {
      "type": "Feature",
      "properties": {
        "@id": "node/11517942869",
        "name": "Gonzalez graciela",
        "shop": "convenience"
      },
      "geometry": {
        "type": "Point",
        "coordinates": [
          -65.4533391,
          -24.8527693
        ]
      },
      "id": "node/11517942869"
    },
    {
      "type": "Feature",
      "properties": {
        "@id": "node/11517944869",
        "name": "burgos",
        "shop": "convenience"
      },
      "geometry": {
        "type": "Point",
        "coordinates": [
          -65.452804,
          -24.8535018
        ]
      },
      "id": "node/11517944869"
    },
    {
      "type": "Feature",
      "properties": {
        "@id": "node/11517949969",
        "name": "lopez maria belen",
        "shop": "supermarket"
      },
      "geometry": {
        "type": "Point",
        "coordinates": [
          -65.4491229,
          -24.8502137
        ]
      },
      "id": "node/11517949969"
    },
    {
      "type": "Feature",
      "properties": {
        "@id": "node/11517950869",
        "name": "carandino",
        "shop": "convenience"
      },
      "geometry": {
        "type": "Point",
        "coordinates": [
          -65.4493667,
          -24.8503939
        ]
      },
      "id": "node/11517950869"
    },
    {
      "type": "Feature",
      "properties": {
        "@id": "node/11517951669",
        "name": "jimenez ricardo",
        "shop": "convenience"
      },
      "geometry": {
        "type": "Point",
        "coordinates": [
          -65.4478102,
          -24.8489782
        ]
      },
      "id": "node/11517951669"
    },
    {
      "type": "Feature",
      "properties": {
        "@id": "node/11517958169",
        "name": "enrique adriana",
        "shop": "convenience"
      },
      "geometry": {
        "type": "Point",
        "coordinates": [
          -65.4528781,
          -24.8454178
        ]
      },
      "id": "node/11517958169"
    },
    {
      "type": "Feature",
      "properties": {
        "@id": "node/11517958170",
        "name": "kamal",
        "shop": "supermarket"
      },
      "geometry": {
        "type": "Point",
        "coordinates": [
          -65.4535495,
          -24.8475937
        ]
      },
      "id": "node/11517958170"
    },
    {
      "type": "Feature",
      "properties": {
        "@id": "node/11517960569",
        "name": "lopez lidia",
        "shop": "convenience"
      },
      "geometry": {
        "type": "Point",
        "coordinates": [
          -65.4535232,
          -24.8474738
        ]
      },
      "id": "node/11517960569"
    },
    {
      "type": "Feature",
      "properties": {
        "@id": "node/11517960570",
        "name": "fiambreria tutty",
        "shop": "convenience"
      },
      "geometry": {
        "type": "Point",
        "coordinates": [
          -65.4595875,
          -24.8535956
        ]
      },
      "id": "node/11517960570"
    },
    {
      "type": "Feature",
      "properties": {
        "@id": "node/11517960571",
        "name": "chino mega 2",
        "shop": "convenience"
      },
      "geometry": {
        "type": "Point",
        "coordinates": [
          -65.4631186,
          -24.8529563
        ]
      },
      "id": "node/11517960571"
    },
    {
      "type": "Feature",
      "properties": {
        "@id": "node/11517962069",
        "name": "albornoz raul",
        "shop": "convenience"
      },
      "geometry": {
        "type": "Point",
        "coordinates": [
          -65.4553634,
          -24.8490074
        ]
      },
      "id": "node/11517962069"
    },
    {
      "type": "Feature",
      "properties": {
        "@id": "node/11517971069",
        "name": "encinas claudia",
        "shop": "convenience"
      },
      "geometry": {
        "type": "Point",
        "coordinates": [
          -65.4695127,
          -24.8550681
        ]
      },
      "id": "node/11517971069"
    },
    {
      "type": "Feature",
      "properties": {
        "@id": "node/11517971070",
        "name": "castro maria",
        "shop": "convenience"
      },
      "geometry": {
        "type": "Point",
        "coordinates": [
          -65.4756567,
          -24.8695876
        ]
      },
      "id": "node/11517971070"
    },
    {
      "type": "Feature",
      "properties": {
        "@id": "node/11517971071",
        "name": "poza elvira",
        "shop": "convenience"
      },
      "geometry": {
        "type": "Point",
        "coordinates": [
          -65.4751387,
          -24.8685062
        ]
      },
      "id": "node/11517971071"
    },
    {
      "type": "Feature",
      "properties": {
        "@id": "node/11517971569",
        "name": "liquin gisel",
        "shop": "convenience"
      },
      "geometry": {
        "type": "Point",
        "coordinates": [
          -65.4674488,
          -24.8583456
        ]
      },
      "id": "node/11517971569"
    },
    {
      "type": "Feature",
      "properties": {
        "@id": "node/11517971969",
        "name": "Mega",
        "shop": "supermarket"
      },
      "geometry": {
        "type": "Point",
        "coordinates": [
          -65.4600023,
          -24.8580045
        ]
      },
      "id": "node/11517971969"
    },
    {
      "type": "Feature",
      "properties": {
        "@id": "node/11517973869",
        "name": "flores tamara linda",
        "shop": "convenience"
      },
      "geometry": {
        "type": "Point",
        "coordinates": [
          -65.4644058,
          -24.8593813
        ]
      },
      "id": "node/11517973869"
    },
    {
      "type": "Feature",
      "properties": {
        "@id": "node/11517973870",
        "name": "yucra",
        "shop": "convenience"
      },
      "geometry": {
        "type": "Point",
        "coordinates": [
          -65.4723369,
          -24.866563
        ]
      },
      "id": "node/11517973870"
    },
    {
      "type": "Feature",
      "properties": {
        "@id": "node/11518033569",
        "name": "cardozo veronica",
        "shop": "convenience"
      },
      "geometry": {
        "type": "Point",
        "coordinates": [
          -65.4754854,
          -24.8691984
        ]
      },
      "id": "node/11518033569"
    },
    {
      "type": "Feature",
      "properties": {
        "@id": "node/11518039969",
        "name": "gomes Sergio",
        "shop": "convenience"
      },
      "geometry": {
        "type": "Point",
        "coordinates": [
          -65.4735912,
          -24.8658565
        ]
      },
      "id": "node/11518039969"
    },
    {
      "type": "Feature",
      "properties": {
        "@id": "node/11518039970",
        "name": "heredia noelia",
        "shop": "convenience"
      },
      "geometry": {
        "type": "Point",
        "coordinates": [
          -65.472383,
          -24.8641717
        ]
      },
      "id": "node/11518039970"
    },
    {
      "type": "Feature",
      "properties": {
        "@id": "node/11518050569",
        "name": "despensa lelo",
        "shop": "convenience"
      },
      "geometry": {
        "type": "Point",
        "coordinates": [
          -65.4734364,
          -24.8631869
        ]
      },
      "id": "node/11518050569"
    },
    {
      "type": "Feature",
      "properties": {
        "@id": "node/11518071869",
        "name": "laime karina",
        "shop": "convenience"
      },
      "geometry": {
        "type": "Point",
        "coordinates": [
          -65.4725449,
          -24.8612138
        ]
      },
      "id": "node/11518071869"
    },
    {
      "type": "Feature",
      "properties": {
        "@id": "node/11518073869",
        "name": "fernandez facundo",
        "shop": "convenience"
      },
      "geometry": {
        "type": "Point",
        "coordinates": [
          -65.4694728,
          -24.8560403
        ]
      },
      "id": "node/11518073869"
    },
    {
      "type": "Feature",
      "properties": {
        "@id": "node/11518077969",
        "name": "santucho mabel",
        "shop": "convenience"
      },
      "geometry": {
        "type": "Point",
        "coordinates": [
          -65.4643838,
          -24.843412
        ]
      },
      "id": "node/11518077969"
    },
    {
      "type": "Feature",
      "properties": {
        "@id": "node/11518079169",
        "name": "rosales miranda",
        "shop": "convenience"
      },
      "geometry": {
        "type": "Point",
        "coordinates": [
          -65.4606623,
          -24.8430451
        ]
      },
      "id": "node/11518079169"
    },
    {
      "type": "Feature",
      "properties": {
        "@id": "node/11518079569",
        "name": "lucas rocha",
        "shop": "convenience"
      },
      "geometry": {
        "type": "Point",
        "coordinates": [
          -65.4616178,
          -24.844937
        ]
      },
      "id": "node/11518079569"
    },
    {
      "type": "Feature",
      "properties": {
        "@id": "node/11518079570",
        "name": "lopez violeta",
        "shop": "convenience"
      },
      "geometry": {
        "type": "Point",
        "coordinates": [
          -65.4592138,
          -24.8484699
        ]
      },
      "id": "node/11518079570"
    },
    {
      "type": "Feature",
      "properties": {
        "@id": "node/11518081869",
        "name": "olivera federico (PH)",
        "shop": "convenience"
      },
      "geometry": {
        "type": "Point",
        "coordinates": [
          -65.4484132,
          -24.8454113
        ]
      },
      "id": "node/11518081869"
    },
    {
      "type": "Feature",
      "properties": {
        "@id": "node/11518986969",
        "name": "chamarro catalina",
        "shop": "convenience"
      },
      "geometry": {
        "type": "Point",
        "coordinates": [
          -65.4414376,
          -24.8476925
        ]
      },
      "id": "node/11518986969"
    },
    {
      "type": "Feature",
      "properties": {
        "@id": "node/11519060369",
        "name": "santos mario",
        "shop": "convenience"
      },
      "geometry": {
        "type": "Point",
        "coordinates": [
          -65.4572825,
          -24.8518667
        ]
      },
      "id": "node/11519060369"
    },
    {
      "type": "Feature",
      "properties": {
        "@id": "node/11519169669",
        "name": "martinez romina",
        "shop": "convenience"
      },
      "geometry": {
        "type": "Point",
        "coordinates": [
          -65.4694021,
          -24.8639752
        ]
      },
      "id": "node/11519169669"
    },
    {
      "type": "Feature",
      "properties": {
        "@id": "node/11520423469",
        "name": "vazquez magali",
        "shop": "convenience"
      },
      "geometry": {
        "type": "Point",
        "coordinates": [
          -65.4696969,
          -24.8630171
        ]
      },
      "id": "node/11520423469"
    },
    {
      "type": "Feature",
      "properties": {
        "@id": "node/11520430769",
        "name": "lopez tania",
        "shop": "convenience"
      },
      "geometry": {
        "type": "Point",
        "coordinates": [
          -65.4143513,
          -24.8317313
        ]
      },
      "id": "node/11520430769"
    },
    {
      "type": "Feature",
      "properties": {
        "@id": "node/11520430770",
        "name": "montaño",
        "shop": "convenience"
      },
      "geometry": {
        "type": "Point",
        "coordinates": [
          -65.4281994,
          -24.8364942
        ]
      },
      "id": "node/11520430770"
    },
    {
      "type": "Feature",
      "properties": {
        "@id": "node/11520430771",
        "name": "flores adrian",
        "shop": "convenience"
      },
      "geometry": {
        "type": "Point",
        "coordinates": [
          -65.4178625,
          -24.8399534
        ]
      },
      "id": "node/11520430771"
    },
    {
      "type": "Feature",
      "properties": {
        "@id": "node/11520430772",
        "name": "varela elias",
        "shop": "convenience"
      },
      "geometry": {
        "type": "Point",
        "coordinates": [
          -65.4166672,
          -24.8406581
        ]
      },
      "id": "node/11520430772"
    },
    {
      "type": "Feature",
      "properties": {
        "@id": "node/11520434869",
        "name": "vazquez",
        "shop": "convenience"
      },
      "geometry": {
        "type": "Point",
        "coordinates": [
          -65.4188965,
          -24.8353598
        ]
      },
      "id": "node/11520434869"
    },
    {
      "type": "Feature",
      "properties": {
        "@id": "node/11520437369",
        "name": "la tucumana",
        "shop": "convenience"
      },
      "geometry": {
        "type": "Point",
        "coordinates": [
          -65.4211734,
          -24.8350447
        ]
      },
      "id": "node/11520437369"
    },
    {
      "type": "Feature",
      "properties": {
        "@id": "node/11520439769",
        "name": "fernandez jorge",
        "shop": "convenience"
      },
      "geometry": {
        "type": "Point",
        "coordinates": [
          -65.4219386,
          -24.8356841
        ]
      },
      "id": "node/11520439769"
    },
    {
      "type": "Feature",
      "properties": {
        "@id": "node/11520440969",
        "name": "flores valeria",
        "shop": "convenience"
      },
      "geometry": {
        "type": "Point",
        "coordinates": [
          -65.4211554,
          -24.8375437
        ]
      },
      "id": "node/11520440969"
    },
    {
      "type": "Feature",
      "properties": {
        "@id": "node/11520443369",
        "name": "suarez nelson",
        "shop": "convenience"
      },
      "geometry": {
        "type": "Point",
        "coordinates": [
          -65.4154858,
          -24.8379911
        ]
      },
      "id": "node/11520443369"
    },
    {
      "type": "Feature",
      "properties": {
        "@id": "node/11520447270",
        "name": "vivero 2",
        "shop": "convenience"
      },
      "geometry": {
        "type": "Point",
        "coordinates": [
          -65.4176188,
          -24.838611
        ]
      },
      "id": "node/11520447270"
    },
    {
      "type": "Feature",
      "properties": {
        "@id": "node/11520448669",
        "name": "vivero martin",
        "shop": "convenience"
      },
      "geometry": {
        "type": "Point",
        "coordinates": [
          -65.4176502,
          -24.8384817
        ]
      },
      "id": "node/11520448669"
    },
    {
      "type": "Feature",
      "properties": {
        "@id": "node/11520460969",
        "name": "burgos gisel",
        "shop": "convenience"
      },
      "geometry": {
        "type": "Point",
        "coordinates": [
          -65.4103805,
          -24.8402134
        ]
      },
      "id": "node/11520460969"
    },
    {
      "type": "Feature",
      "properties": {
        "@id": "node/11520462069",
        "name": "colque luciana",
        "shop": "convenience"
      },
      "geometry": {
        "type": "Point",
        "coordinates": [
          -65.4058052,
          -24.8409676
        ]
      },
      "id": "node/11520462069"
    },
    {
      "type": "Feature",
      "properties": {
        "@id": "node/11520465369",
        "name": "raul",
        "shop": "convenience"
      },
      "geometry": {
        "type": "Point",
        "coordinates": [
          -65.4036004,
          -24.8404445
        ]
      },
      "id": "node/11520465369"
    },
    {
      "type": "Feature",
      "properties": {
        "@id": "node/11520465371",
        "name": "alcoba emiliana",
        "shop": "convenience"
      },
      "geometry": {
        "type": "Point",
        "coordinates": [
          -65.400237,
          -24.8358836
        ]
      },
      "id": "node/11520465371"
    },
    {
      "type": "Feature",
      "properties": {
        "@id": "node/11520467369",
        "name": "magno JJ",
        "shop": "convenience"
      },
      "geometry": {
        "type": "Point",
        "coordinates": [
          -65.4035707,
          -24.8367783
        ]
      },
      "id": "node/11520467369"
    },
    {
      "type": "Feature",
      "properties": {
        "@id": "node/11520467570",
        "name": "campero victor",
        "shop": "convenience"
      },
      "geometry": {
        "type": "Point",
        "coordinates": [
          -65.3925821,
          -24.8399171
        ]
      },
      "id": "node/11520467570"
    },
    {
      "type": "Feature",
      "properties": {
        "@id": "node/11520471269",
        "name": "moreno claudia",
        "shop": "convenience"
      },
      "geometry": {
        "type": "Point",
        "coordinates": [
          -65.3981143,
          -24.8342131
        ]
      },
      "id": "node/11520471269"
    },
    {
      "type": "Feature",
      "properties": {
        "@id": "node/11520471369",
        "name": "zaravia zoilo",
        "shop": "convenience"
      },
      "geometry": {
        "type": "Point",
        "coordinates": [
          -65.3916983,
          -24.8371296
        ]
      },
      "id": "node/11520471369"
    },
    {
      "type": "Feature",
      "properties": {
        "@id": "node/11520531269",
        "name": "zarza sonia",
        "shop": "convenience"
      },
      "geometry": {
        "type": "Point",
        "coordinates": [
          -65.3962177,
          -24.839954
        ]
      },
      "id": "node/11520531269"
    },
    {
      "type": "Feature",
      "properties": {
        "@id": "node/11520531270",
        "name": "galvan",
        "shop": "convenience"
      },
      "geometry": {
        "type": "Point",
        "coordinates": [
          -65.3996924,
          -24.8401427
        ]
      },
      "id": "node/11520531270"
    },
    {
      "type": "Feature",
      "properties": {
        "@id": "node/11520535269",
        "name": "melgar",
        "shop": "convenience"
      },
      "geometry": {
        "type": "Point",
        "coordinates": [
          -65.3994805,
          -24.8401281
        ]
      },
      "id": "node/11520535269"
    },
    {
      "type": "Feature",
      "properties": {
        "@id": "node/11520536769",
        "name": "villalba monica",
        "shop": "convenience"
      },
      "geometry": {
        "type": "Point",
        "coordinates": [
          -65.3994324,
          -24.8428434
        ]
      },
      "id": "node/11520536769"
    },
    {
      "type": "Feature",
      "properties": {
        "@id": "node/11520536770",
        "name": "pablo toranzos",
        "shop": "convenience"
      },
      "geometry": {
        "type": "Point",
        "coordinates": [
          -65.3877573,
          -24.8388694
        ]
      },
      "id": "node/11520536770"
    },
    {
      "type": "Feature",
      "properties": {
        "@id": "node/11520536771",
        "name": "ale carlos",
        "shop": "convenience"
      },
      "geometry": {
        "type": "Point",
        "coordinates": [
          -65.4009137,
          -24.8301691
        ]
      },
      "id": "node/11520536771"
    },
    {
      "type": "Feature",
      "properties": {
        "@id": "node/11520550869",
        "name": "tejerina yael",
        "shop": "convenience"
      },
      "geometry": {
        "type": "Point",
        "coordinates": [
          -65.3867522,
          -24.8427135
        ]
      },
      "id": "node/11520550869"
    },
    {
      "type": "Feature",
      "properties": {
        "@id": "node/11521862869",
        "name": "polleria san jorge",
        "shop": "convenience"
      },
      "geometry": {
        "type": "Point",
        "coordinates": [
          -65.4121632,
          -24.8321588
        ]
      },
      "id": "node/11521862869"
    },
    {
      "type": "Feature",
      "properties": {
        "@id": "node/11521867169",
        "name": "nombre por saber",
        "shop": "convenience"
      },
      "geometry": {
        "type": "Point",
        "coordinates": [
          -65.4132481,
          -24.8327411
        ]
      },
      "id": "node/11521867169"
    },
    {
      "type": "Feature",
      "properties": {
        "@id": "node/11521909870",
        "name": "fernandez jorge",
        "shop": "convenience"
      },
      "geometry": {
        "type": "Point",
        "coordinates": [
          -65.4215848,
          -24.8361522
        ]
      },
      "id": "node/11521909870"
    },
    {
      "type": "Feature",
      "properties": {
        "@id": "node/11521910269",
        "name": "la tucumana",
        "shop": "convenience"
      },
      "geometry": {
        "type": "Point",
        "coordinates": [
          -65.4208189,
          -24.835593
        ]
      },
      "id": "node/11521910269"
    },
    {
      "type": "Feature",
      "properties": {
        "@id": "node/11521979769",
        "name": "flores raul",
        "shop": "convenience"
      },
      "geometry": {
        "type": "Point",
        "coordinates": [
          -65.4040814,
          -24.8404547
        ]
      },
      "id": "node/11521979769"
    },
    {
      "type": "Feature",
      "properties": {
        "@id": "node/11522010469",
        "name": "alvarez evangelina",
        "shop": "convenience"
      },
      "geometry": {
        "type": "Point",
        "coordinates": [
          -65.4013221,
          -24.8339754
        ]
      },
      "id": "node/11522010469"
    },
    {
      "type": "Feature",
      "properties": {
        "@id": "node/11522038970",
        "name": "chavez sofia",
        "shop": "convenience"
      },
      "geometry": {
        "type": "Point",
        "coordinates": [
          -65.3995077,
          -24.8324948
        ]
      },
      "id": "node/11522038970"
    },
    {
      "type": "Feature",
      "properties": {
        "@id": "node/11522055669",
        "name": "perez emiliana",
        "shop": "convenience"
      },
      "geometry": {
        "type": "Point",
        "coordinates": [
          -65.3965014,
          -24.8295236
        ]
      },
      "id": "node/11522055669"
    },
    {
      "type": "Feature",
      "properties": {
        "@id": "node/11522093169",
        "name": "kai suchai",
        "shop": "supermarket"
      },
      "geometry": {
        "type": "Point",
        "coordinates": [
          -65.3933908,
          -24.8311753
        ]
      },
      "id": "node/11522093169"
    },
    {
      "type": "Feature",
      "properties": {
        "@id": "node/11522148869",
        "name": "despensa y carniceria frater",
        "shop": "convenience"
      },
      "geometry": {
        "type": "Point",
        "coordinates": [
          -65.3894422,
          -24.8369566
        ]
      },
      "id": "node/11522148869"
    },
    {
      "type": "Feature",
      "properties": {
        "@id": "node/11522154869",
        "name": "maza omar",
        "shop": "convenience"
      },
      "geometry": {
        "type": "Point",
        "coordinates": [
          -65.3928736,
          -24.8420095
        ]
      },
      "id": "node/11522154869"
    },
    {
      "type": "Feature",
      "properties": {
        "@id": "node/11522167369",
        "name": "cari gustavo",
        "shop": "convenience"
      },
      "geometry": {
        "type": "Point",
        "coordinates": [
          -65.3961834,
          -24.8392915
        ]
      },
      "id": "node/11522167369"
    },
    {
      "type": "Feature",
      "properties": {
        "@id": "node/11522176090",
        "name": "flores nicol",
        "shop": "convenience"
      },
      "geometry": {
        "type": "Point",
        "coordinates": [
          -65.3999335,
          -24.8392442
        ]
      },
      "id": "node/11522176090"
    },
    {
      "type": "Feature",
      "properties": {
        "@id": "node/11523970869",
        "name": "super pollo , aves fainada",
        "shop": "convenience"
      },
      "geometry": {
        "type": "Point",
        "coordinates": [
          -65.4098817,
          -24.8269145
        ]
      },
      "id": "node/11523970869"
    },
    {
      "type": "Feature",
      "properties": {
        "@id": "node/11523970870",
        "name": "gimenez",
        "shop": "convenience"
      },
      "geometry": {
        "type": "Point",
        "coordinates": [
          -65.4048676,
          -24.8251652
        ]
      },
      "id": "node/11523970870"
    },
    {
      "type": "Feature",
      "properties": {
        "@id": "node/11523972469",
        "name": "fredy fernando",
        "shop": "convenience"
      },
      "geometry": {
        "type": "Point",
        "coordinates": [
          -65.4087356,
          -24.8258363
        ]
      },
      "id": "node/11523972469"
    },
    {
      "type": "Feature",
      "properties": {
        "@id": "node/11523972869",
        "name": "nina isadora",
        "shop": "convenience"
      },
      "geometry": {
        "type": "Point",
        "coordinates": [
          -65.4072421,
          -24.8261674
        ]
      },
      "id": "node/11523972869"
    },
    {
      "type": "Feature",
      "properties": {
        "@id": "node/11523973569",
        "name": "cespedes sonia",
        "shop": "convenience"
      },
      "geometry": {
        "type": "Point",
        "coordinates": [
          -65.4057244,
          -24.8254582
        ]
      },
      "id": "node/11523973569"
    },
    {
      "type": "Feature",
      "properties": {
        "@id": "node/11523987469",
        "name": "lopez marco",
        "shop": "convenience"
      },
      "geometry": {
        "type": "Point",
        "coordinates": [
          -65.4017561,
          -24.8255154
        ]
      },
      "id": "node/11523987469"
    },
    {
      "type": "Feature",
      "properties": {
        "@id": "node/11523991069",
        "name": "rueda liliana",
        "shop": "convenience"
      },
      "geometry": {
        "type": "Point",
        "coordinates": [
          -65.4041873,
          -24.8268498
        ]
      },
      "id": "node/11523991069"
    },
    {
      "type": "Feature",
      "properties": {
        "@id": "node/11523996770",
        "name": "lopez nota",
        "shop": "convenience"
      },
      "geometry": {
        "type": "Point",
        "coordinates": [
          -65.4034337,
          -24.8280477
        ]
      },
      "id": "node/11523996770"
    },
    {
      "type": "Feature",
      "properties": {
        "@id": "node/11524006069",
        "name": "jurado carlos",
        "shop": "convenience"
      },
      "geometry": {
        "type": "Point",
        "coordinates": [
          -65.3980376,
          -24.8289875
        ]
      },
      "id": "node/11524006069"
    },
    {
      "type": "Feature",
      "properties": {
        "@id": "node/11524006072",
        "name": "costilla aldana",
        "shop": "convenience"
      },
      "geometry": {
        "type": "Point",
        "coordinates": [
          -65.3958945,
          -24.8287709
        ]
      },
      "id": "node/11524006072"
    },
    {
      "type": "Feature",
      "properties": {
        "@id": "node/11524006073",
        "name": "arias pistan",
        "shop": "convenience"
      },
      "geometry": {
        "type": "Point",
        "coordinates": [
          -65.388048,
          -24.8271983
        ]
      },
      "id": "node/11524006073"
    },
    {
      "type": "Feature",
      "properties": {
        "@id": "node/11524007372",
        "name": "Sanchez lidia",
        "shop": "convenience"
      },
      "geometry": {
        "type": "Point",
        "coordinates": [
          -65.3889387,
          -24.8280485
        ]
      },
      "id": "node/11524007372"
    },
    {
      "type": "Feature",
      "properties": {
        "@id": "node/11524007669",
        "name": "ramos lorena",
        "shop": "convenience"
      },
      "geometry": {
        "type": "Point",
        "coordinates": [
          -65.4017576,
          -24.8296821
        ]
      },
      "id": "node/11524007669"
    },
    {
      "type": "Feature",
      "properties": {
        "@id": "node/11524008969",
        "name": "garcia dominga",
        "shop": "convenience"
      },
      "geometry": {
        "type": "Point",
        "coordinates": [
          -65.3870968,
          -24.8266648
        ]
      },
      "id": "node/11524008969"
    },
    {
      "type": "Feature",
      "properties": {
        "@id": "node/11524011669",
        "name": "mamani fabiana",
        "shop": "convenience"
      },
      "geometry": {
        "type": "Point",
        "coordinates": [
          -65.3872955,
          -24.8285559
        ]
      },
      "id": "node/11524011669"
    },
    {
      "type": "Feature",
      "properties": {
        "@id": "node/11524011969",
        "name": "saber nombre",
        "shop": "convenience"
      },
      "geometry": {
        "type": "Point",
        "coordinates": [
          -65.3870682,
          -24.8285281
        ]
      },
      "id": "node/11524011969"
    },
    {
      "type": "Feature",
      "properties": {
        "@id": "node/11524026269",
        "name": "araya",
        "shop": "convenience"
      },
      "geometry": {
        "type": "Point",
        "coordinates": [
          -65.3865925,
          -24.8304788
        ]
      },
      "id": "node/11524026269"
    },
    {
      "type": "Feature",
      "properties": {
        "@id": "node/11524026270",
        "name": "apaza camilo",
        "shop": "convenience"
      },
      "geometry": {
        "type": "Point",
        "coordinates": [
          -65.3851568,
          -24.8302637
        ]
      },
      "id": "node/11524026270"
    },
    {
      "type": "Feature",
      "properties": {
        "@id": "node/11524030369",
        "name": "choque cecilia",
        "shop": "convenience"
      },
      "geometry": {
        "type": "Point",
        "coordinates": [
          -65.3825741,
          -24.8328198
        ]
      },
      "id": "node/11524030369"
    },
    {
      "type": "Feature",
      "properties": {
        "@id": "node/11524031269",
        "name": "rios marisol",
        "shop": "convenience"
      },
      "geometry": {
        "type": "Point",
        "coordinates": [
          -65.3860346,
          -24.8355101
        ]
      },
      "id": "node/11524031269"
    },
    {
      "type": "Feature",
      "properties": {
        "@id": "node/11524031970",
        "name": "condori  margarita",
        "shop": "convenience"
      },
      "geometry": {
        "type": "Point",
        "coordinates": [
          -65.3893365,
          -24.8361844
        ]
      },
      "id": "node/11524031970"
    },
    {
      "type": "Feature",
      "properties": {
        "@id": "node/11524032469",
        "name": "JJ san ignacio",
        "shop": "convenience"
      },
      "geometry": {
        "type": "Point",
        "coordinates": [
          -65.3861414,
          -24.8344513
        ]
      },
      "id": "node/11524032469"
    },
    {
      "type": "Feature",
      "properties": {
        "@id": "node/11524032470",
        "name": "C.final (dolar)",
        "shop": "convenience"
      },
      "geometry": {
        "type": "Point",
        "coordinates": [
          -65.4056174,
          -24.8189794
        ]
      },
      "id": "node/11524032470"
    },
    {
      "type": "Feature",
      "properties": {
        "@id": "node/11524036969",
        "name": "baratodo",
        "shop": "convenience"
      },
      "geometry": {
        "type": "Point",
        "coordinates": [
          -65.3949955,
          -24.828677
        ]
      },
      "id": "node/11524036969"
    },
    {
      "type": "Feature",
      "properties": {
        "@id": "node/11524040170",
        "name": "maraz",
        "shop": "convenience"
      },
      "geometry": {
        "type": "Point",
        "coordinates": [
          -65.4088467,
          -24.8307907
        ]
      },
      "id": "node/11524040170"
    },
    {
      "type": "Feature",
      "properties": {
        "@id": "node/11524040869",
        "name": "suruguay",
        "shop": "convenience"
      },
      "geometry": {
        "type": "Point",
        "coordinates": [
          -65.4043661,
          -24.8224423
        ]
      },
      "id": "node/11524040869"
    },
    {
      "type": "Feature",
      "properties": {
        "@id": "node/11524042269",
        "name": "villagran facundo",
        "shop": "convenience"
      },
      "geometry": {
        "type": "Point",
        "coordinates": [
          -65.4061839,
          -24.819264
        ]
      },
      "id": "node/11524042269"
    },
    {
      "type": "Feature",
      "properties": {
        "@id": "node/11524052969",
        "name": "novillo",
        "shop": "convenience"
      },
      "geometry": {
        "type": "Point",
        "coordinates": [
          -65.4251348,
          -24.8296909
        ]
      },
      "id": "node/11524052969"
    },
    {
      "type": "Feature",
      "properties": {
        "@id": "node/11524052970",
        "name": "baltazar brigido",
        "shop": "convenience"
      },
      "geometry": {
        "type": "Point",
        "coordinates": [
          -65.4134338,
          -24.8265565
        ]
      },
      "id": "node/11524052970"
    },
    {
      "type": "Feature",
      "properties": {
        "@id": "node/11524053069",
        "name": "jaramillo gladys",
        "shop": "convenience"
      },
      "geometry": {
        "type": "Point",
        "coordinates": [
          -65.4082401,
          -24.8295802
        ]
      },
      "id": "node/11524053069"
    },
    {
      "type": "Feature",
      "properties": {
        "@id": "node/11524053769",
        "name": "irearte roxana",
        "shop": "convenience"
      },
      "geometry": {
        "type": "Point",
        "coordinates": [
          -65.4085787,
          -24.8305875
        ]
      },
      "id": "node/11524053769"
    },
    {
      "type": "Feature",
      "properties": {
        "@id": "node/11524053770",
        "name": "sabrina mamani",
        "shop": "convenience"
      },
      "geometry": {
        "type": "Point",
        "coordinates": [
          -65.4131729,
          -24.8270652
        ]
      },
      "id": "node/11524053770"
    },
    {
      "type": "Feature",
      "properties": {
        "@id": "node/11524056569",
        "name": "balderrama",
        "shop": "convenience"
      },
      "geometry": {
        "type": "Point",
        "coordinates": [
          -65.4158508,
          -24.8392346
        ]
      },
      "id": "node/11524056569"
    },
    {
      "type": "Feature",
      "properties": {
        "@id": "node/11524056570",
        "name": "wayar sandra",
        "shop": "convenience"
      },
      "geometry": {
        "type": "Point",
        "coordinates": [
          -65.4217906,
          -24.8300075
        ]
      },
      "id": "node/11524056570"
    },
    {
      "type": "Feature",
      "properties": {
        "@id": "node/11524057769",
        "name": "anahi marcela (yeyo)",
        "shop": "convenience"
      },
      "geometry": {
        "type": "Point",
        "coordinates": [
          -65.4172318,
          -24.8313247
        ]
      },
      "id": "node/11524057769"
    },
    {
      "type": "Feature",
      "properties": {
        "@id": "node/11524059269",
        "name": "Fernández Débora",
        "shop": "convenience"
      },
      "geometry": {
        "type": "Point",
        "coordinates": [
          -65.4233759,
          -24.8275064
        ]
      },
      "id": "node/11524059269"
    },
    {
      "type": "Feature",
      "properties": {
        "@id": "node/11524059969",
        "name": "valdez vanesa",
        "shop": "convenience"
      },
      "geometry": {
        "type": "Point",
        "coordinates": [
          -65.4204879,
          -24.825992
        ]
      },
      "id": "node/11524059969"
    },
    {
      "type": "Feature",
      "properties": {
        "@id": "node/11524062569",
        "name": "ortega marilina",
        "shop": "convenience"
      },
      "geometry": {
        "type": "Point",
        "coordinates": [
          -65.418129,
          -24.8268041
        ]
      },
      "id": "node/11524062569"
    },
    {
      "type": "Feature",
      "properties": {
        "@id": "node/11524062769",
        "name": "moya",
        "shop": "convenience"
      },
      "geometry": {
        "type": "Point",
        "coordinates": [
          -65.4241797,
          -24.830624
        ]
      },
      "id": "node/11524062769"
    },
    {
      "type": "Feature",
      "properties": {
        "@id": "node/11524598369",
        "name": "chavo javier",
        "shop": "convenience"
      },
      "geometry": {
        "type": "Point",
        "coordinates": [
          -65.4013076,
          -24.8002957
        ]
      },
      "id": "node/11524598369"
    },
    {
      "type": "Feature",
      "properties": {
        "@id": "node/11525072369",
        "name": "montero elena",
        "shop": "convenience"
      },
      "geometry": {
        "type": "Point",
        "coordinates": [
          -65.4083193,
          -24.8282335
        ]
      },
      "id": "node/11525072369"
    },
    {
      "type": "Feature",
      "properties": {
        "@id": "node/11525072370",
        "name": "aranda rocio",
        "shop": "convenience"
      },
      "geometry": {
        "type": "Point",
        "coordinates": [
          -65.4085045,
          -24.8281022
        ]
      },
      "id": "node/11525072370"
    },
    {
      "type": "Feature",
      "properties": {
        "@id": "node/11525133969",
        "name": "arancibia",
        "shop": "convenience"
      },
      "geometry": {
        "type": "Point",
        "coordinates": [
          -65.4070339,
          -24.82892
        ]
      },
      "id": "node/11525133969"
    },
    {
      "type": "Feature",
      "properties": {
        "@id": "node/11525133970",
        "name": "herrera francisco",
        "shop": "convenience"
      },
      "geometry": {
        "type": "Point",
        "coordinates": [
          -65.3892085,
          -24.8357101
        ]
      },
      "id": "node/11525133970"
    },
    {
      "type": "Feature",
      "properties": {
        "@id": "node/11527180870",
        "name": "san silvestre",
        "shop": "convenience"
      },
      "geometry": {
        "type": "Point",
        "coordinates": [
          -65.4476343,
          -24.8455868
        ]
      },
      "id": "node/11527180870"
    },
    {
      "type": "Feature",
      "properties": {
        "@id": "node/11527180871",
        "name": "C.F panadería",
        "shop": "convenience"
      },
      "geometry": {
        "type": "Point",
        "coordinates": [
          -65.451118,
          -24.8442421
        ]
      },
      "id": "node/11527180871"
    },
    {
      "type": "Feature",
      "properties": {
        "@id": "node/11527189769",
        "name": "rodan cesar",
        "shop": "convenience"
      },
      "geometry": {
        "type": "Point",
        "coordinates": [
          -65.4324668,
          -24.8455804
        ]
      },
      "id": "node/11527189769"
    },
    {
      "type": "Feature",
      "properties": {
        "@id": "node/11527194969",
        "name": "galarza",
        "shop": "convenience"
      },
      "geometry": {
        "type": "Point",
        "coordinates": [
          -65.4340043,
          -24.8446451
        ]
      },
      "id": "node/11527194969"
    },
    {
      "type": "Feature",
      "properties": {
        "@id": "node/11527194970",
        "name": "carandino",
        "shop": "convenience"
      },
      "geometry": {
        "type": "Point",
        "coordinates": [
          -65.449392,
          -24.8413862
        ]
      },
      "id": "node/11527194970"
    },
    {
      "type": "Feature",
      "properties": {
        "@id": "node/11527200669",
        "name": "del castillo",
        "shop": "convenience"
      },
      "geometry": {
        "type": "Point",
        "coordinates": [
          -65.4486757,
          -24.8434465
        ]
      },
      "id": "node/11527200669"
    },
    {
      "type": "Feature",
      "properties": {
        "@id": "node/11527203169",
        "name": "jimenez carpio",
        "shop": "convenience"
      },
      "geometry": {
        "type": "Point",
        "coordinates": [
          -65.4470215,
          -24.8453784
        ]
      },
      "id": "node/11527203169"
    },
    {
      "type": "Feature",
      "properties": {
        "@id": "node/11527205069",
        "name": "moreira nanci",
        "shop": "convenience"
      },
      "geometry": {
        "type": "Point",
        "coordinates": [
          -65.4509846,
          -24.8444152
        ]
      },
      "id": "node/11527205069"
    },
    {
      "type": "Feature",
      "properties": {
        "@id": "node/11527207669",
        "name": "gutierrez noelia",
        "shop": "convenience"
      },
      "geometry": {
        "type": "Point",
        "coordinates": [
          -65.4506763,
          -24.8448372
        ]
      },
      "id": "node/11527207669"
    },
    {
      "type": "Feature",
      "properties": {
        "@id": "node/11527207670",
        "name": "figueroa maria",
        "shop": "convenience"
      },
      "geometry": {
        "type": "Point",
        "coordinates": [
          -65.4506928,
          -24.8447435
        ]
      },
      "id": "node/11527207670"
    },
    {
      "type": "Feature",
      "properties": {
        "@id": "node/11527212269",
        "name": "weng zhen",
        "shop": "supermarket"
      },
      "geometry": {
        "type": "Point",
        "coordinates": [
          -65.4432362,
          -24.8451849
        ]
      },
      "id": "node/11527212269"
    },
    {
      "type": "Feature",
      "properties": {
        "@id": "node/11527213569",
        "name": "aranda gloria",
        "shop": "convenience"
      },
      "geometry": {
        "type": "Point",
        "coordinates": [
          -65.4418325,
          -24.8452265
        ]
      },
      "id": "node/11527213569"
    },
    {
      "type": "Feature",
      "properties": {
        "@id": "node/11527214669",
        "name": "suarez oscar",
        "shop": "convenience"
      },
      "geometry": {
        "type": "Point",
        "coordinates": [
          -65.4427946,
          -24.8420017
        ]
      },
      "id": "node/11527214669"
    },
    {
      "type": "Feature",
      "properties": {
        "@id": "node/11527217169",
        "name": "fernandez soledad",
        "shop": "convenience"
      },
      "geometry": {
        "type": "Point",
        "coordinates": [
          -65.4434874,
          -24.8410834
        ]
      },
      "id": "node/11527217169"
    },
    {
      "type": "Feature",
      "properties": {
        "@id": "node/11527217170",
        "name": "guzman adolfo",
        "shop": "convenience"
      },
      "geometry": {
        "type": "Point",
        "coordinates": [
          -65.4367667,
          -24.848341
        ]
      },
      "id": "node/11527217170"
    },
    {
      "type": "Feature",
      "properties": {
        "@id": "node/11527217469",
        "name": "anahi marcela (flan)",
        "shop": "convenience"
      },
      "geometry": {
        "type": "Point",
        "coordinates": [
          -65.4417149,
          -24.8377539
        ]
      },
      "id": "node/11527217469"
    },
    {
      "type": "Feature",
      "properties": {
        "@id": "node/11527222869",
        "name": "c.f poli",
        "shop": "convenience"
      },
      "geometry": {
        "type": "Point",
        "coordinates": [
          -65.436356,
          -24.8441833
        ]
      },
      "id": "node/11527222869"
    },
    {
      "type": "Feature",
      "properties": {
        "@id": "node/11527230969",
        "name": "ponzzeti",
        "shop": "convenience"
      },
      "geometry": {
        "type": "Point",
        "coordinates": [
          -65.4332747,
          -24.8497741
        ]
      },
      "id": "node/11527230969"
    },
    {
      "type": "Feature",
      "properties": {
        "@id": "node/11527230970",
        "name": "zerpa",
        "shop": "convenience"
      },
      "geometry": {
        "type": "Point",
        "coordinates": [
          -65.4313864,
          -24.8511304
        ]
      },
      "id": "node/11527230970"
    },
    {
      "type": "Feature",
      "properties": {
        "@id": "node/11527232669",
        "name": "Rodriguez pablo",
        "shop": "convenience"
      },
      "geometry": {
        "type": "Point",
        "coordinates": [
          -65.4311749,
          -24.8501229
        ]
      },
      "id": "node/11527232669"
    },
    {
      "type": "Feature",
      "properties": {
        "@id": "node/11527234570",
        "name": "palacios rosas",
        "shop": "convenience"
      },
      "geometry": {
        "type": "Point",
        "coordinates": [
          -65.4304863,
          -24.8475935
        ]
      },
      "id": "node/11527234570"
    },
    {
      "type": "Feature",
      "properties": {
        "@id": "node/11527234969",
        "name": "barrios",
        "shop": "convenience"
      },
      "geometry": {
        "type": "Point",
        "coordinates": [
          -65.4300195,
          -24.8474337
        ]
      },
      "id": "node/11527234969"
    },
    {
      "type": "Feature",
      "properties": {
        "@id": "node/11527234970",
        "name": "piniyo marta",
        "shop": "convenience"
      },
      "geometry": {
        "type": "Point",
        "coordinates": [
          -65.4309552,
          -24.8515105
        ]
      },
      "id": "node/11527234970"
    },
    {
      "type": "Feature",
      "properties": {
        "@id": "node/11527247969",
        "name": "vega David",
        "shop": "convenience"
      },
      "geometry": {
        "type": "Point",
        "coordinates": [
          -65.4308722,
          -24.852961
        ]
      },
      "id": "node/11527247969"
    },
    {
      "type": "Feature",
      "properties": {
        "@id": "node/11527247970",
        "name": "corrales",
        "shop": "convenience"
      },
      "geometry": {
        "type": "Point",
        "coordinates": [
          -65.4255651,
          -24.8530035
        ]
      },
      "id": "node/11527247970"
    },
    {
      "type": "Feature",
      "properties": {
        "@id": "node/11527261769",
        "name": "albornoz maria",
        "shop": "convenience"
      },
      "geometry": {
        "type": "Point",
        "coordinates": [
          -65.424856,
          -24.8539287
        ]
      },
      "id": "node/11527261769"
    },
    {
      "type": "Feature",
      "properties": {
        "@id": "node/11527269469",
        "name": "espinoza Elizabeth",
        "shop": "convenience"
      },
      "geometry": {
        "type": "Point",
        "coordinates": [
          -65.4265509,
          -24.8532481
        ]
      },
      "id": "node/11527269469"
    },
    {
      "type": "Feature",
      "properties": {
        "@id": "node/11527276169",
        "name": "fiambreria san cayetano",
        "shop": "convenience"
      },
      "geometry": {
        "type": "Point",
        "coordinates": [
          -65.4322933,
          -24.8554786
        ]
      },
      "id": "node/11527276169"
    },
    {
      "type": "Feature",
      "properties": {
        "@id": "node/11527276170",
        "name": "figueroa luis",
        "shop": "convenience"
      },
      "geometry": {
        "type": "Point",
        "coordinates": [
          -65.4325159,
          -24.8583908
        ]
      },
      "id": "node/11527276170"
    },
    {
      "type": "Feature",
      "properties": {
        "@id": "node/11527278569",
        "name": "anahi marcela",
        "shop": "convenience"
      },
      "geometry": {
        "type": "Point",
        "coordinates": [
          -65.4301597,
          -24.858731
        ]
      },
      "id": "node/11527278569"
    },
    {
      "type": "Feature",
      "properties": {
        "@id": "node/11527286069",
        "name": "toconas",
        "shop": "convenience"
      },
      "geometry": {
        "type": "Point",
        "coordinates": [
          -65.4381245,
          -24.8547982
        ]
      },
      "id": "node/11527286069"
    },
    {
      "type": "Feature",
      "properties": {
        "@id": "node/11527286269",
        "name": "tejerina",
        "shop": "convenience"
      },
      "geometry": {
        "type": "Point",
        "coordinates": [
          -65.4398366,
          -24.853607
        ]
      },
      "id": "node/11527286269"
    },
    {
      "type": "Feature",
      "properties": {
        "@id": "node/11527286270",
        "name": "cespedes",
        "shop": "convenience"
      },
      "geometry": {
        "type": "Point",
        "coordinates": [
          -65.4399657,
          -24.853514
        ]
      },
      "id": "node/11527286270"
    },
    {
      "type": "Feature",
      "properties": {
        "@id": "node/11527286274",
        "name": "soto",
        "shop": "convenience"
      },
      "geometry": {
        "type": "Point",
        "coordinates": [
          -65.4430356,
          -24.8583009
        ]
      },
      "id": "node/11527286274"
    },
    {
      "type": "Feature",
      "properties": {
        "@id": "node/11527286275",
        "name": "pintos andrea",
        "shop": "convenience"
      },
      "geometry": {
        "type": "Point",
        "coordinates": [
          -65.4443303,
          -24.8559675
        ]
      },
      "id": "node/11527286275"
    },
    {
      "type": "Feature",
      "properties": {
        "@id": "node/11527296169",
        "name": "caceres nanzi",
        "shop": "convenience"
      },
      "geometry": {
        "type": "Point",
        "coordinates": [
          -65.4407471,
          -24.8573035
        ]
      },
      "id": "node/11527296169"
    },
    {
      "type": "Feature",
      "properties": {
        "@id": "node/11527817369",
        "name": "raviola",
        "shop": "convenience"
      },
      "geometry": {
        "type": "Point",
        "coordinates": [
          -65.4318075,
          -24.8371749
        ]
      },
      "id": "node/11527817369"
    },
    {
      "type": "Feature",
      "properties": {
        "@id": "node/11527819369",
        "name": "rachich",
        "shop": "convenience"
      },
      "geometry": {
        "type": "Point",
        "coordinates": [
          -65.4503001,
          -24.8407767
        ]
      },
      "id": "node/11527819369"
    },
    {
      "type": "Feature",
      "properties": {
        "@id": "node/11527823169",
        "name": "abigail martinez",
        "shop": "convenience"
      },
      "geometry": {
        "type": "Point",
        "coordinates": [
          -65.4470512,
          -24.842718
        ]
      },
      "id": "node/11527823169"
    },
    {
      "type": "Feature",
      "properties": {
        "@id": "node/11527829269",
        "name": "ponzetti fernando",
        "shop": "convenience"
      },
      "geometry": {
        "type": "Point",
        "coordinates": [
          -65.4413126,
          -24.8441075
        ]
      },
      "id": "node/11527829269"
    },
    {
      "type": "Feature",
      "properties": {
        "@id": "node/11527836469",
        "name": "martinez romualda",
        "shop": "convenience"
      },
      "geometry": {
        "type": "Point",
        "coordinates": [
          -65.4402257,
          -24.8411278
        ]
      },
      "id": "node/11527836469"
    },
    {
      "type": "Feature",
      "properties": {
        "@id": "node/11527913569",
        "name": "rueda liliana",
        "shop": "convenience"
      },
      "geometry": {
        "type": "Point",
        "coordinates": [
          -65.450192,
          -24.8405198
        ]
      },
      "id": "node/11527913569"
    },
    {
      "type": "Feature",
      "properties": {
        "@id": "node/11527930369",
        "name": "bravo natalia",
        "shop": "convenience"
      },
      "geometry": {
        "type": "Point",
        "coordinates": [
          -65.431959,
          -24.8531937
        ]
      },
      "id": "node/11527930369"
    },
    {
      "type": "Feature",
      "properties": {
        "@id": "node/11527935469",
        "name": "ana chocobar",
        "shop": "convenience"
      },
      "geometry": {
        "type": "Point",
        "coordinates": [
          -65.4624153,
          -24.8398951
        ]
      },
      "id": "node/11527935469"
    },
    {
      "type": "Feature",
      "properties": {
        "@id": "node/11527966169",
        "addr:city": "Salta",
        "addr:postcode": "4400",
        "addr:street": "Basílica San Francisco",
        "name": "Ruiz Jesús",
        "shop": "convenience"
      },
      "geometry": {
        "type": "Point",
        "coordinates": [
          -65.4596421,
          -24.8492069
        ]
      },
      "id": "node/11527966169"
    },
    {
      "type": "Feature",
      "properties": {
        "@id": "node/11528025769",
        "name": "limay fani",
        "shop": "convenience"
      },
      "geometry": {
        "type": "Point",
        "coordinates": [
          -65.4426273,
          -24.8541255
        ]
      },
      "id": "node/11528025769"
    },
    {
      "type": "Feature",
      "properties": {
        "@id": "node/11528073969",
        "name": "dias sara",
        "shop": "convenience"
      },
      "geometry": {
        "type": "Point",
        "coordinates": [
          -65.4487654,
          -24.8503117
        ]
      },
      "id": "node/11528073969"
    },
    {
      "type": "Feature",
      "properties": {
        "@id": "node/11528160869",
        "name": "fernandez carina",
        "shop": "convenience"
      },
      "geometry": {
        "type": "Point",
        "coordinates": [
          -65.4362173,
          -24.8477198
        ]
      },
      "id": "node/11528160869"
    },
    {
      "type": "Feature",
      "properties": {
        "@id": "node/11528237470",
        "name": "espinoza Elizabeth.",
        "shop": "convenience"
      },
      "geometry": {
        "type": "Point",
        "coordinates": [
          -65.4260511,
          -24.8531474
        ]
      },
      "id": "node/11528237470"
    },
    {
      "type": "Feature",
      "properties": {
        "@id": "node/11528301169",
        "name": "alvarado Elizabeth",
        "shop": "convenience"
      },
      "geometry": {
        "type": "Point",
        "coordinates": [
          -65.4472069,
          -24.8614138
        ]
      },
      "id": "node/11528301169"
    },
    {
      "type": "Feature",
      "properties": {
        "@id": "node/11540327269",
        "name": "saber nombre",
        "shop": "convenience"
      },
      "geometry": {
        "type": "Point",
        "coordinates": [
          -65.4630932,
          -24.8576822
        ]
      },
      "id": "node/11540327269"
    },
    {
      "type": "Feature",
      "properties": {
        "@id": "node/11540443903",
        "name": "moya fatima",
        "shop": "convenience"
      },
      "geometry": {
        "type": "Point",
        "coordinates": [
          -65.4611445,
          -24.8472715
        ]
      },
      "id": "node/11540443903"
    },
    {
      "type": "Feature",
      "properties": {
        "@id": "node/11540443973",
        "name": "zamora tatiana",
        "shop": "convenience"
      },
      "geometry": {
        "type": "Point",
        "coordinates": [
          -65.4601113,
          -24.8465287
        ]
      },
      "id": "node/11540443973"
    },
    {
      "type": "Feature",
      "properties": {
        "@id": "node/11543672269",
        "name": "pastor",
        "shop": "convenience"
      },
      "geometry": {
        "type": "Point",
        "coordinates": [
          -65.4023802,
          -24.8311272
        ]
      },
      "id": "node/11543672269"
    },
    {
      "type": "Feature",
      "properties": {
        "@id": "node/11544842169",
        "name": "wayar sandra",
        "shop": "convenience"
      },
      "geometry": {
        "type": "Point",
        "coordinates": [
          -65.4021796,
          -24.8278163
        ]
      },
      "id": "node/11544842169"
    },
    {
      "type": "Feature",
      "properties": {
        "@id": "node/11544843369",
        "name": "lopez nota",
        "shop": "convenience"
      },
      "geometry": {
        "type": "Point",
        "coordinates": [
          -65.405176,
          -24.8282983
        ]
      },
      "id": "node/11544843369"
    },
    {
      "type": "Feature",
      "properties": {
        "@id": "node/11544847069",
        "name": "arce marta",
        "shop": "convenience"
      },
      "geometry": {
        "type": "Point",
        "coordinates": [
          -65.4012558,
          -24.8343629
        ]
      },
      "id": "node/11544847069"
    },
    {
      "type": "Feature",
      "properties": {
        "@id": "node/11544847070",
        "name": "hotel huayra",
        "shop": "convenience"
      },
      "geometry": {
        "type": "Point",
        "coordinates": [
          -65.4340357,
          -24.8377668
        ]
      },
      "id": "node/11544847070"
    },
    {
      "type": "Feature",
      "properties": {
        "@id": "node/11545733483",
        "amenity": "cafe",
        "check_date": "2026-06-14",
        "name": "The Corner"
      },
      "geometry": {
        "type": "Point",
        "coordinates": [
          -65.4105168,
          -24.7862565
        ]
      },
      "id": "node/11545733483"
    },
    {
      "type": "Feature",
      "properties": {
        "@id": "node/11545738137",
        "amenity": "restaurant",
        "name": "Las Cholas"
      },
      "geometry": {
        "type": "Point",
        "coordinates": [
          -65.4088089,
          -24.7943428
        ]
      },
      "id": "node/11545738137"
    },
    {
      "type": "Feature",
      "properties": {
        "@id": "node/11545753547",
        "name": "Rutas",
        "tourism": "hotel"
      },
      "geometry": {
        "type": "Point",
        "coordinates": [
          -65.4160186,
          -24.7921647
        ]
      },
      "id": "node/11545753547"
    },
    {
      "type": "Feature",
      "properties": {
        "@id": "node/11545754069",
        "name": "morales",
        "shop": "convenience"
      },
      "geometry": {
        "type": "Point",
        "coordinates": [
          -65.4325706,
          -24.8437352
        ]
      },
      "id": "node/11545754069"
    },
    {
      "type": "Feature",
      "properties": {
        "@id": "node/11545770112",
        "amenity": "bar",
        "name": "Bacán"
      },
      "geometry": {
        "type": "Point",
        "coordinates": [
          -65.4097988,
          -24.7926268
        ]
      },
      "id": "node/11545770112"
    },
    {
      "type": "Feature",
      "properties": {
        "@id": "node/11545780969",
        "name": "fernandez valeria",
        "shop": "convenience"
      },
      "geometry": {
        "type": "Point",
        "coordinates": [
          -65.4364071,
          -24.8479033
        ]
      },
      "id": "node/11545780969"
    },
    {
      "type": "Feature",
      "properties": {
        "@id": "node/11547989652",
        "amenity": "cafe",
        "cuisine": "sushi"
      },
      "geometry": {
        "type": "Point",
        "coordinates": [
          -65.4405034,
          -24.8497848
        ]
      },
      "id": "node/11547989652"
    },
    {
      "type": "Feature",
      "properties": {
        "@id": "node/11564121272",
        "name": "consumidor final , papas",
        "shop": "convenience"
      },
      "geometry": {
        "type": "Point",
        "coordinates": [
          -65.4460836,
          -24.8535711
        ]
      },
      "id": "node/11564121272"
    },
    {
      "type": "Feature",
      "properties": {
        "@id": "node/11564192169",
        "name": "perea miguel",
        "shop": "convenience"
      },
      "geometry": {
        "type": "Point",
        "coordinates": [
          -65.4462794,
          -24.8538597
        ]
      },
      "id": "node/11564192169"
    },
    {
      "type": "Feature",
      "properties": {
        "@id": "node/11564603469",
        "name": "franzone martin",
        "shop": "convenience"
      },
      "geometry": {
        "type": "Point",
        "coordinates": [
          -65.4588636,
          -24.8486114
        ]
      },
      "id": "node/11564603469"
    },
    {
      "type": "Feature",
      "properties": {
        "@id": "node/11569804973",
        "name": "ruiz marianela",
        "shop": "convenience"
      },
      "geometry": {
        "type": "Point",
        "coordinates": [
          -65.3968166,
          -24.8348788
        ]
      },
      "id": "node/11569804973"
    },
    {
      "type": "Feature",
      "properties": {
        "@id": "node/11574518329",
        "addr:housenumber": "111",
        "addr:street": "Córdoba",
        "amenity": "restaurant",
        "contact:instagram": "tierradeguemes_salta",
        "name": "Tierra de Güemes",
        "opening_hours": "Tu-Su 12:00-23:00",
        "phone": "+542902451869"
      },
      "geometry": {
        "type": "Point",
        "coordinates": [
          -65.4084015,
          -24.7914639
        ]
      },
      "id": "node/11574518329"
    },
    {
      "type": "Feature",
      "properties": {
        "@id": "node/11576610269",
        "name": "soliz",
        "shop": "convenience"
      },
      "geometry": {
        "type": "Point",
        "coordinates": [
          -65.4483184,
          -24.841498
        ]
      },
      "id": "node/11576610269"
    },
    {
      "type": "Feature",
      "properties": {
        "@id": "node/11576744469",
        "name": "martinez magdalena",
        "shop": "convenience"
      },
      "geometry": {
        "type": "Point",
        "coordinates": [
          -65.4472383,
          -24.842917
        ]
      },
      "id": "node/11576744469"
    },
    {
      "type": "Feature",
      "properties": {
        "@id": "node/11577059769",
        "name": "cordoba marcos",
        "shop": "convenience"
      },
      "geometry": {
        "type": "Point",
        "coordinates": [
          -65.4316756,
          -24.858344
        ]
      },
      "id": "node/11577059769"
    },
    {
      "type": "Feature",
      "properties": {
        "@id": "node/11577208570",
        "name": "flores leonarda",
        "shop": "convenience"
      },
      "geometry": {
        "type": "Point",
        "coordinates": [
          -65.4341896,
          -24.8385101
        ]
      },
      "id": "node/11577208570"
    },
    {
      "type": "Feature",
      "properties": {
        "@id": "node/11579249670",
        "name": "torres ana",
        "shop": "convenience"
      },
      "geometry": {
        "type": "Point",
        "coordinates": [
          -65.3840222,
          -24.8398832
        ]
      },
      "id": "node/11579249670"
    },
    {
      "type": "Feature",
      "properties": {
        "@id": "node/11587336269",
        "name": "martinez romina",
        "shop": "convenience"
      },
      "geometry": {
        "type": "Point",
        "coordinates": [
          -65.4740295,
          -24.8707635
        ]
      },
      "id": "node/11587336269"
    },
    {
      "type": "Feature",
      "properties": {
        "@id": "node/11587348969",
        "name": "consumidor final",
        "shop": "convenience"
      },
      "geometry": {
        "type": "Point",
        "coordinates": [
          -65.4744678,
          -24.8712292
        ]
      },
      "id": "node/11587348969"
    },
    {
      "type": "Feature",
      "properties": {
        "@id": "node/11587470972",
        "name": "consumidor final",
        "shop": "convenience"
      },
      "geometry": {
        "type": "Point",
        "coordinates": [
          -65.4728043,
          -24.8746077
        ]
      },
      "id": "node/11587470972"
    },
    {
      "type": "Feature",
      "properties": {
        "@id": "node/11587600669",
        "name": "consumidor final",
        "shop": "convenience"
      },
      "geometry": {
        "type": "Point",
        "coordinates": [
          -65.4720474,
          -24.8733781
        ]
      },
      "id": "node/11587600669"
    },
    {
      "type": "Feature",
      "properties": {
        "@id": "node/11587600869",
        "name": "zamora tatiana",
        "shop": "convenience"
      },
      "geometry": {
        "type": "Point",
        "coordinates": [
          -65.4601667,
          -24.8467588
        ]
      },
      "id": "node/11587600869"
    },
    {
      "type": "Feature",
      "properties": {
        "@id": "node/11590140569",
        "addr:housenumber": "277",
        "addr:street": "España",
        "internet_access": "wlan",
        "name": "Qaway Hostel",
        "phone": "+54 387 584-4861",
        "tourism": "hostel"
      },
      "geometry": {
        "type": "Point",
        "coordinates": [
          -65.4062873,
          -24.788961
        ]
      },
      "id": "node/11590140569"
    },
    {
      "type": "Feature",
      "properties": {
        "@id": "node/11592330069",
        "name": "lopez zulma",
        "shop": "convenience"
      },
      "geometry": {
        "type": "Point",
        "coordinates": [
          -65.3947137,
          -24.8400823
        ]
      },
      "id": "node/11592330069"
    },
    {
      "type": "Feature",
      "properties": {
        "@id": "node/11595127369",
        "name": "suarez oscar",
        "shop": "convenience"
      },
      "geometry": {
        "type": "Point",
        "coordinates": [
          -65.4440982,
          -24.8416233
        ]
      },
      "id": "node/11595127369"
    },
    {
      "type": "Feature",
      "properties": {
        "@id": "node/11595322771",
        "name": "bravo natalia",
        "shop": "convenience"
      },
      "geometry": {
        "type": "Point",
        "coordinates": [
          -65.4324677,
          -24.8532602
        ]
      },
      "id": "node/11595322771"
    },
    {
      "type": "Feature",
      "properties": {
        "@id": "node/11627083070",
        "name": "samudio maria",
        "shop": "convenience"
      },
      "geometry": {
        "type": "Point",
        "coordinates": [
          -65.4453291,
          -24.8429252
        ]
      },
      "id": "node/11627083070"
    },
    {
      "type": "Feature",
      "properties": {
        "@id": "node/11630731769",
        "name": "torres ana",
        "shop": "convenience"
      },
      "geometry": {
        "type": "Point",
        "coordinates": [
          -65.3827752,
          -24.8397734
        ]
      },
      "id": "node/11630731769"
    },
    {
      "type": "Feature",
      "properties": {
        "@id": "node/11641164969",
        "name": "gustavo fabian",
        "shop": "convenience"
      },
      "geometry": {
        "type": "Point",
        "coordinates": [
          -65.4538784,
          -24.8543287
        ]
      },
      "id": "node/11641164969"
    },
    {
      "type": "Feature",
      "properties": {
        "@id": "node/11641489169",
        "name": "machaca",
        "shop": "convenience"
      },
      "geometry": {
        "type": "Point",
        "coordinates": [
          -65.4725896,
          -24.8645512
        ]
      },
      "id": "node/11641489169"
    },
    {
      "type": "Feature",
      "properties": {
        "@id": "node/11645765970",
        "name": "martinez nancy",
        "shop": "convenience"
      },
      "geometry": {
        "type": "Point",
        "coordinates": [
          -65.3969037,
          -24.8345499
        ]
      },
      "id": "node/11645765970"
    },
    {
      "type": "Feature",
      "properties": {
        "@id": "node/11649307169",
        "name": "carran ana",
        "shop": "convenience"
      },
      "geometry": {
        "type": "Point",
        "coordinates": [
          -65.402694,
          -24.8258917
        ]
      },
      "id": "node/11649307169"
    },
    {
      "type": "Feature",
      "properties": {
        "@id": "node/11649345369",
        "name": "choque",
        "shop": "convenience"
      },
      "geometry": {
        "type": "Point",
        "coordinates": [
          -65.4087139,
          -24.8281471
        ]
      },
      "id": "node/11649345369"
    },
    {
      "type": "Feature",
      "properties": {
        "@id": "node/11649348969",
        "name": "choque coronado reyna",
        "shop": "convenience"
      },
      "geometry": {
        "type": "Point",
        "coordinates": [
          -65.4087224,
          -24.8280734
        ]
      },
      "id": "node/11649348969"
    },
    {
      "type": "Feature",
      "properties": {
        "@id": "node/11649491370",
        "name": "altamirano sofia",
        "shop": "convenience"
      },
      "geometry": {
        "type": "Point",
        "coordinates": [
          -65.3834719,
          -24.8328557
        ]
      },
      "id": "node/11649491370"
    },
    {
      "type": "Feature",
      "properties": {
        "@id": "node/11665295869",
        "name": "guzman rosmaria",
        "shop": "convenience"
      },
      "geometry": {
        "type": "Point",
        "coordinates": [
          -65.4633691,
          -24.8575866
        ]
      },
      "id": "node/11665295869"
    },
    {
      "type": "Feature",
      "properties": {
        "@id": "node/11669101972",
        "name": "florencia",
        "shop": "convenience"
      },
      "geometry": {
        "type": "Point",
        "coordinates": [
          -65.4162754,
          -24.8330069
        ]
      },
      "id": "node/11669101972"
    },
    {
      "type": "Feature",
      "properties": {
        "@id": "node/11669161269",
        "name": "corbalan jose",
        "shop": "convenience"
      },
      "geometry": {
        "type": "Point",
        "coordinates": [
          -65.4220332,
          -24.8371161
        ]
      },
      "id": "node/11669161269"
    },
    {
      "type": "Feature",
      "properties": {
        "@id": "node/11669416369",
        "name": "borgues raul",
        "shop": "convenience"
      },
      "geometry": {
        "type": "Point",
        "coordinates": [
          -65.4007232,
          -24.837775
        ]
      },
      "id": "node/11669416369"
    },
    {
      "type": "Feature",
      "properties": {
        "@id": "node/11673005669",
        "name": "nuñez carolina",
        "shop": "convenience"
      },
      "geometry": {
        "type": "Point",
        "coordinates": [
          -65.398055,
          -24.829103
        ]
      },
      "id": "node/11673005669"
    },
    {
      "type": "Feature",
      "properties": {
        "@id": "node/11673054669",
        "name": "correa veronica",
        "shop": "convenience"
      },
      "geometry": {
        "type": "Point",
        "coordinates": [
          -65.3887584,
          -24.8299019
        ]
      },
      "id": "node/11673054669"
    },
    {
      "type": "Feature",
      "properties": {
        "@id": "node/11676780769",
        "name": "samaniego luis",
        "shop": "convenience"
      },
      "geometry": {
        "type": "Point",
        "coordinates": [
          -65.4319538,
          -24.8484253
        ]
      },
      "id": "node/11676780769"
    },
    {
      "type": "Feature",
      "properties": {
        "@id": "node/11676943269",
        "name": "artigas maria (sur)",
        "shop": "convenience"
      },
      "geometry": {
        "type": "Point",
        "coordinates": [
          -65.4422257,
          -24.858821
        ]
      },
      "id": "node/11676943269"
    },
    {
      "type": "Feature",
      "properties": {
        "@id": "node/11679168769",
        "name": "romano mirta",
        "shop": "convenience"
      },
      "geometry": {
        "type": "Point",
        "coordinates": [
          -65.4322766,
          -24.8442677
        ]
      },
      "id": "node/11679168769"
    },
    {
      "type": "Feature",
      "properties": {
        "@id": "node/11679170369",
        "name": "trevino",
        "shop": "convenience"
      },
      "geometry": {
        "type": "Point",
        "coordinates": [
          -65.4343602,
          -24.8443747
        ]
      },
      "id": "node/11679170369"
    },
    {
      "type": "Feature",
      "properties": {
        "@id": "node/11691178969",
        "name": "pereyra cecilia",
        "shop": "convenience"
      },
      "geometry": {
        "type": "Point",
        "coordinates": [
          -65.4626003,
          -24.8548621
        ]
      },
      "id": "node/11691178969"
    },
    {
      "type": "Feature",
      "properties": {
        "@id": "node/11701265669",
        "name": "isasmendi",
        "shop": "convenience"
      },
      "geometry": {
        "type": "Point",
        "coordinates": [
          -65.4342503,
          -24.8429719
        ]
      },
      "id": "node/11701265669"
    },
    {
      "type": "Feature",
      "properties": {
        "@id": "node/11727781669",
        "name": "figueroa patricia",
        "shop": "convenience"
      },
      "geometry": {
        "type": "Point",
        "coordinates": [
          -65.3994525,
          -24.8273107
        ]
      },
      "id": "node/11727781669"
    },
    {
      "type": "Feature",
      "properties": {
        "@id": "node/11727907769",
        "name": "copa",
        "shop": "convenience"
      },
      "geometry": {
        "type": "Point",
        "coordinates": [
          -65.3840291,
          -24.8317185
        ]
      },
      "id": "node/11727907769"
    },
    {
      "type": "Feature",
      "properties": {
        "@id": "node/11741897569",
        "name": "forondona claudia",
        "shop": "convenience"
      },
      "geometry": {
        "type": "Point",
        "coordinates": [
          -65.424557,
          -24.8442945
        ]
      },
      "id": "node/11741897569"
    },
    {
      "type": "Feature",
      "properties": {
        "@id": "node/11750322669",
        "name": "vidalgo yolanda",
        "shop": "convenience"
      },
      "geometry": {
        "type": "Point",
        "coordinates": [
          -65.4358965,
          -24.8457055
        ]
      },
      "id": "node/11750322669"
    },
    {
      "type": "Feature",
      "properties": {
        "@id": "node/11750818969",
        "name": "contreras",
        "shop": "convenience"
      },
      "geometry": {
        "type": "Point",
        "coordinates": [
          -65.4367041,
          -24.8463946
        ]
      },
      "id": "node/11750818969"
    },
    {
      "type": "Feature",
      "properties": {
        "@id": "node/11750863770",
        "name": "vidango yolanda",
        "shop": "convenience"
      },
      "geometry": {
        "type": "Point",
        "coordinates": [
          -65.4323259,
          -24.8550345
        ]
      },
      "id": "node/11750863770"
    },
    {
      "type": "Feature",
      "properties": {
        "@id": "node/11753116169",
        "name": "gutierrez noelia",
        "shop": "convenience"
      },
      "geometry": {
        "type": "Point",
        "coordinates": [
          -65.4014074,
          -24.8494178
        ]
      },
      "id": "node/11753116169"
    },
    {
      "type": "Feature",
      "properties": {
        "@id": "node/11760016569",
        "name": "violet",
        "shop": "convenience"
      },
      "geometry": {
        "type": "Point",
        "coordinates": [
          -65.4588832,
          -24.848327
        ]
      },
      "id": "node/11760016569"
    },
    {
      "type": "Feature",
      "properties": {
        "@id": "node/11764793269",
        "name": "franco silvia",
        "shop": "convenience"
      },
      "geometry": {
        "type": "Point",
        "coordinates": [
          -65.4266631,
          -24.8293346
        ]
      },
      "id": "node/11764793269"
    },
    {
      "type": "Feature",
      "properties": {
        "@id": "node/11783296869",
        "name": "payare",
        "shop": "convenience"
      },
      "geometry": {
        "type": "Point",
        "coordinates": [
          -65.4243887,
          -24.8376093
        ]
      },
      "id": "node/11783296869"
    },
    {
      "type": "Feature",
      "properties": {
        "@id": "node/11795574970",
        "addr:city": "Salta",
        "addr:full": "Parroquia San Juan Bautista De La Merced S/N° Santa Ana II",
        "addr:postcode": "4400",
        "addr:street": "Parroquia San Juan Bautista de La Merced",
        "amenity": "school",
        "isced:level": "2",
        "operator:type": "public",
        "ref:cue": "660056200"
      },
      "geometry": {
        "type": "Point",
        "coordinates": [
          -65.4606249,
          -24.8509767
        ]
      },
      "id": "node/11795574970"
    },
    {
      "type": "Feature",
      "properties": {
        "@id": "node/11795575067",
        "addr:city": "Salta",
        "addr:postcode": "4400",
        "addr:street": "Profesor Oscar Oñativia",
        "amenity": "school",
        "isced:level": "2",
        "name": "Colegio Polivalente de Arte",
        "official_name": "Colegio Secundario Centro Polivalente De Arte",
        "operator:type": "public",
        "ref:cue": "660033200"
      },
      "geometry": {
        "type": "Point",
        "coordinates": [
          -65.4618183,
          -24.8485437
        ]
      },
      "id": "node/11795575067"
    },
    {
      "type": "Feature",
      "properties": {
        "@id": "node/11795575275",
        "addr:city": "Salta",
        "addr:postcode": "4400",
        "addr:street": "Catalina Sánchez de Galera",
        "amenity": "school",
        "isced:level": "2",
        "name": "Escuela De Educación Técnica Capitán Marcelo Lotufo 3144",
        "old_name": "Ex N° 5144",
        "operator:type": "public",
        "ref:cue": "660038600",
        "short_name": "EET 3144"
      },
      "geometry": {
        "type": "Point",
        "coordinates": [
          -65.4619601,
          -24.8441628
        ]
      },
      "id": "node/11795575275"
    },
    {
      "type": "Feature",
      "properties": {
        "@id": "node/11795808669",
        "addr:street": "Peatonal Florida",
        "amenity": "restaurant",
        "cuisine": "argentinian",
        "name": "Tabella"
      },
      "geometry": {
        "type": "Point",
        "coordinates": [
          -65.412803,
          -24.7905223
        ]
      },
      "id": "node/11795808669"
    },
    {
      "type": "Feature",
      "properties": {
        "@id": "node/11796221949",
        "addr:city": "Cerrillos",
        "addr:postcode": "4401",
        "addr:street": "Ruta Nacional 68",
        "amenity": "school",
        "isced:level": "1",
        "name": "Escuela 4319 Marcos Sastre",
        "operator:type": "public"
      },
      "geometry": {
        "type": "Point",
        "coordinates": [
          -65.4580656,
          -24.8638555
        ]
      },
      "id": "node/11796221949"
    },
    {
      "type": "Feature",
      "properties": {
        "@id": "node/11796221950",
        "amenity": "police"
      },
      "geometry": {
        "type": "Point",
        "coordinates": [
          -65.4622817,
          -24.8630952
        ]
      },
      "id": "node/11796221950"
    },
    {
      "type": "Feature",
      "properties": {
        "@id": "node/11796268162",
        "addr:city": "Salta",
        "addr:full": "Radio Splendid Y Radio Romero",
        "addr:postcode": "4400",
        "addr:street": "Radio Splendid",
        "amenity": "hospital",
        "healthcare": "hospital",
        "name": "Centro De Salud 27 Barrio Intersindical",
        "phone": "+54 387 4240899",
        "ref:sisa_codigo": "50660282173153",
        "ref:sisa_tipologia": "ESSIDT"
      },
      "geometry": {
        "type": "Point",
        "coordinates": [
          -65.4491803,
          -24.8454214
        ]
      },
      "id": "node/11796268162"
    },
    {
      "type": "Feature",
      "properties": {
        "@id": "node/11796299588",
        "addr:city": "Salta",
        "addr:postcode": "4400",
        "addr:street": "Diario Esquel",
        "amenity": "school",
        "name": "Colegio Secundario Doctor Ernesto Miguel Araoz"
      },
      "geometry": {
        "type": "Point",
        "coordinates": [
          -65.4431791,
          -24.8513394
        ]
      },
      "id": "node/11796299588"
    },
    {
      "type": "Feature",
      "properties": {
        "@id": "node/11796299593",
        "addr:city": "Salta",
        "addr:postcode": "4400",
        "addr:street": "Las Golondrinas",
        "amenity": "school",
        "isced:level": "1",
        "name": "Escuela 4692 María del Rosario de San Nicolás",
        "official_name": "Escuela Nº 4692 María del Rosario de San Nicolás",
        "operator:type": "public"
      },
      "geometry": {
        "type": "Point",
        "coordinates": [
          -65.434456,
          -24.849249
        ]
      },
      "id": "node/11796299593"
    },
    {
      "type": "Feature",
      "properties": {
        "@id": "node/11796299594",
        "addr:city": "Salta",
        "addr:postcode": "4400",
        "addr:street": "Jorge D. Ruiz",
        "amenity": "school",
        "name": "Escuela 4700 Legado General Belgrano"
      },
      "geometry": {
        "type": "Point",
        "coordinates": [
          -65.4312547,
          -24.8517947
        ]
      },
      "id": "node/11796299594"
    },
    {
      "type": "Feature",
      "properties": {
        "@id": "node/11796299679",
        "addr:city": "Salta",
        "addr:postcode": "4400",
        "addr:street": "La Nochera",
        "amenity": "school",
        "isced:level": "1",
        "name": "Escuela 4730 Nuestra Señora del Milagro",
        "official_name": "Escuela N° 4730 Nuestra Señora del Milagro",
        "operator:type": "public"
      },
      "geometry": {
        "type": "Point",
        "coordinates": [
          -65.4343055,
          -24.8556867
        ]
      },
      "id": "node/11796299679"
    },
    {
      "type": "Feature",
      "properties": {
        "@id": "node/11802519070",
        "name": "gonzalez esteban",
        "shop": "convenience"
      },
      "geometry": {
        "type": "Point",
        "coordinates": [
          -65.3995275,
          -24.8394642
        ]
      },
      "id": "node/11802519070"
    },
    {
      "type": "Feature",
      "properties": {
        "@id": "node/11805179869",
        "name": "gonzalez esteban",
        "shop": "convenience"
      },
      "geometry": {
        "type": "Point",
        "coordinates": [
          -65.3984608,
          -24.8397679
        ]
      },
      "id": "node/11805179869"
    },
    {
      "type": "Feature",
      "properties": {
        "@id": "node/11808105620",
        "addr:city": "Salta",
        "addr:postcode": "4400",
        "addr:street": "Bruno Mauricio de Zabala",
        "amenity": "hospital",
        "healthcare": "hospital",
        "name": "Centro de Salud 03 Barrio Hernando de Lerma",
        "official_name": "Centro de Salud Nº 03 Barrio Hernando de Lerma",
        "phone": "+54 387 4375060"
      },
      "geometry": {
        "type": "Point",
        "coordinates": [
          -65.4066755,
          -24.8030932
        ]
      },
      "id": "node/11808105620"
    },
    {
      "type": "Feature",
      "properties": {
        "@id": "node/11808105622",
        "addr:city": "Salta",
        "addr:postcode": "4400",
        "addr:street": "Ituzaingó",
        "amenity": "school",
        "isced:level": "1",
        "name": "Escuela 4315 Reino de Bélgica",
        "official_name": "Escuela N° 4315 Reino de Bélgica",
        "operator:type": "public"
      },
      "geometry": {
        "type": "Point",
        "coordinates": [
          -65.4153539,
          -24.803477
        ]
      },
      "id": "node/11808105622"
    },
    {
      "type": "Feature",
      "properties": {
        "@id": "node/11808105623",
        "addr:city": "Salta",
        "addr:full": "Ituzaingo 1002 Villa San Antonio Vº San Antonio",
        "addr:housenumber": "1002",
        "addr:postcode": "4400",
        "addr:street": "Ituzaingó",
        "alt_name": "Escuela de comercio 5063 Juan Plablo II",
        "amenity": "school",
        "isced:level": "2",
        "name": "Colegio Secundario Juan Pablo II Ex N°62",
        "operator:type": "public",
        "ref:cue": "660071600"
      },
      "geometry": {
        "type": "Point",
        "coordinates": [
          -65.415395,
          -24.8030133
        ]
      },
      "id": "node/11808105623"
    },
    {
      "type": "Feature",
      "properties": {
        "@id": "node/11808105637",
        "addr:city": "Salta",
        "addr:housenumber": "1230",
        "addr:postcode": "4400",
        "addr:street": "Avenida Chile",
        "amenity": "school",
        "isced:level": "0;1",
        "name": "Instituto La Inmaculada",
        "old_name": "Ex N° 33",
        "operator:type": "private",
        "ref:cue": "660037600"
      },
      "geometry": {
        "type": "Point",
        "coordinates": [
          -65.4169021,
          -24.8043577
        ]
      },
      "id": "node/11808105637"
    },
    {
      "type": "Feature",
      "properties": {
        "@id": "node/11808143175",
        "addr:city": "Salta",
        "addr:housenumber": "1899",
        "addr:postcode": "4400",
        "addr:street": "Antonio Balcarce",
        "amenity": "hospital",
        "healthcare": "hospital",
        "name": "Centro de Salud 05 Barrio Castañares Viejo",
        "official_name": "Centro de Salud Nº 05 -  Bº Castañares Viejo",
        "phone": "+54 387 4394115"
      },
      "geometry": {
        "type": "Point",
        "coordinates": [
          -65.4101643,
          -24.7661372
        ]
      },
      "id": "node/11808143175"
    },
    {
      "type": "Feature",
      "properties": {
        "@id": "node/11808143208",
        "addr:city": "Salta",
        "addr:full": "Av. Artigas 900 esq. Italia",
        "addr:postcode": "4400",
        "addr:street": "Avenida José Gervasio Artigas",
        "amenity": "hospital",
        "healthcare": "hospital",
        "name": "Centro de Salud Nº 6 Barrio El Manjón",
        "official_name": "Centro de Salud Nº 06 - Barrio El Manjón",
        "phone": "+54 387 4281393"
      },
      "geometry": {
        "type": "Point",
        "coordinates": [
          -65.3820068,
          -24.8096457
        ]
      },
      "id": "node/11808143208"
    },
    {
      "type": "Feature",
      "properties": {
        "@id": "node/11808143258",
        "addr:city": "Salta",
        "addr:full": "Diario La Razón y Diario Los Andes",
        "addr:postcode": "4400",
        "addr:street": "Diario La Razón",
        "amenity": "hospital",
        "healthcare": "hospital",
        "name": "Centro De Salud 08 Barrio El Tribuno",
        "official_name": "Centro De Salud Nº 08 Barrio El Tribuno",
        "operator:type": "public",
        "phone": "+54 387 4241412"
      },
      "geometry": {
        "type": "Point",
        "coordinates": [
          -65.4425647,
          -24.8447877
        ]
      },
      "id": "node/11808143258"
    },
    {
      "type": "Feature",
      "properties": {
        "@id": "node/11808143259",
        "addr:city": "Salta",
        "addr:postcode": "4400",
        "addr:street": "Diario La Razón",
        "amenity": "fire_station",
        "name": "Bomberos Policía de Salta",
        "operator": "Policía de la Provincia de Salta"
      },
      "geometry": {
        "type": "Point",
        "coordinates": [
          -65.4427068,
          -24.8445954
        ]
      },
      "id": "node/11808143259"
    },
    {
      "type": "Feature",
      "properties": {
        "@id": "node/11808143267",
        "addr:city": "Salta",
        "addr:housenumber": "1505",
        "addr:postcode": "4400",
        "addr:street": "Bernardo O'Higgins",
        "amenity": "hospital",
        "healthcare": "hospital",
        "name": "Centro de Salud 10 Barrio 20 de Febrero",
        "official_name": "Centro de Salud Nº 10 - Barrio 20 de Febrero",
        "phone": "+54 387 4210189"
      },
      "geometry": {
        "type": "Point",
        "coordinates": [
          -65.4222591,
          -24.7751457
        ]
      },
      "id": "node/11808143267"
    },
    {
      "type": "Feature",
      "properties": {
        "@id": "node/11808143279",
        "addr:city": "Salta",
        "addr:postcode": "4400",
        "addr:street": "General de División Juan Carlos Sánchez",
        "amenity": "hospital",
        "healthcare": "hospital",
        "name": "Centro De Salud 11 Barrio Ciudad Del Milagro",
        "official_name": "Centro De Salud Nº 11 Barrio Ciudad Del Milagro",
        "phone": "+54 387 4254370"
      },
      "geometry": {
        "type": "Point",
        "coordinates": [
          -65.4084648,
          -24.7236381
        ]
      },
      "id": "node/11808143279"
    },
    {
      "type": "Feature",
      "properties": {
        "@id": "node/11808143281",
        "addr:city": "Salta",
        "addr:housenumber": "390",
        "addr:postcode": "4400",
        "addr:street": "Santa Elena",
        "amenity": "school",
        "isced:level": "0;1",
        "name": "Escuela Santa Lucia",
        "operator:type": "public",
        "ref:cue": "660052100"
      },
      "geometry": {
        "type": "Point",
        "coordinates": [
          -65.4396749,
          -24.8079227
        ]
      },
      "id": "node/11808143281"
    },
    {
      "type": "Feature",
      "properties": {
        "@id": "node/11808143282",
        "addr:city": "Salta",
        "addr:full": "Calle 6 y Calle 9",
        "addr:postcode": "4400",
        "addr:street": "Santa Elena",
        "amenity": "fast_food",
        "name": "Centro De Salud 12 Barrio Santa Lucía",
        "official_name": "Centro De Salud Nº 12 Barrio Santa Lucía",
        "operator:type": "public",
        "phone": "+54 387 5 095 903"
      },
      "geometry": {
        "type": "Point",
        "coordinates": [
          -65.4403642,
          -24.8080882
        ]
      },
      "id": "node/11808143282"
    },
    {
      "type": "Feature",
      "properties": {
        "@id": "node/11808143324",
        "amenity": "atm",
        "network": "Banelco",
        "operator": "Banco Macro"
      },
      "geometry": {
        "type": "Point",
        "coordinates": [
          -65.4402089,
          -24.8080092
        ]
      },
      "id": "node/11808143324"
    },
    {
      "type": "Feature",
      "properties": {
        "@id": "node/11808143325",
        "addr:city": "Salta",
        "addr:full": "Cnel. Vidt 910 y Ayacucho",
        "addr:postcode": "4400",
        "addr:street": "Manuel Alberti",
        "amenity": "hospital",
        "healthcare": "hospital",
        "name": "Centro De Salud 13 Villa Chartas",
        "official_name": "Centro De Salud Nº 13 -  Vº Chartas"
      },
      "geometry": {
        "type": "Point",
        "coordinates": [
          -65.4283289,
          -24.802795
        ]
      },
      "id": "node/11808143325"
    },
    {
      "type": "Feature",
      "properties": {
        "@id": "node/11808143332",
        "addr:city": "Salta",
        "addr:housenumber": "2800",
        "addr:postcode": "4400",
        "addr:street": "Juramento",
        "amenity": "hospital",
        "healthcare": "hospital",
        "name": "Centro de Salud 14 Miguel Ortiz",
        "official_name": "Centro de Salud Nº 14 Miguel Ortiz"
      },
      "geometry": {
        "type": "Point",
        "coordinates": [
          -65.404659,
          -24.7549045
        ]
      },
      "id": "node/11808143332"
    },
    {
      "type": "Feature",
      "properties": {
        "@id": "node/11808335505",
        "addr:city": "Atocha",
        "addr:full": "Avenida Solis Pizarro S/N° Atocha",
        "addr:street": "José Solís Pizarro",
        "amenity": "school",
        "isced:level": "1",
        "name": "Escuela Doctor Martin Raul Mainoli",
        "old_name": "Ex N° 554",
        "operator:type": "public",
        "ref:cue": "660005400"
      },
      "geometry": {
        "type": "Point",
        "coordinates": [
          -65.4789549,
          -24.8169091
        ]
      },
      "id": "node/11808335505"
    },
    {
      "type": "Feature",
      "properties": {
        "@id": "node/11808335506",
        "addr:city": "Atocha",
        "addr:postcode": "4400",
        "addr:street": "Estanislao Del Campo",
        "amenity": "hospital",
        "healthcare": "hospital",
        "name": "Centro de Salud 26 Atocha",
        "official_name": "Centro de Salud Nº 26 - Atocha",
        "phone": "+54 387 6 059 779"
      },
      "geometry": {
        "type": "Point",
        "coordinates": [
          -65.4791533,
          -24.8173034
        ]
      },
      "id": "node/11808335506"
    },
    {
      "type": "Feature",
      "properties": {
        "@id": "node/11808335517",
        "addr:city": "Atocha",
        "addr:full": "Solis Pizarro 142 Barrio Atocha Policia De Atocha",
        "addr:street": "José Solís Pizarro",
        "amenity": "school",
        "isced:level": "0;1",
        "name": "Colegio De La Divina Misericordia - Anexo Atocha",
        "operator:type": "private",
        "ref:cue": "660003801"
      },
      "geometry": {
        "type": "Point",
        "coordinates": [
          -65.4786726,
          -24.816219
        ]
      },
      "id": "node/11808335517"
    },
    {
      "type": "Feature",
      "properties": {
        "@id": "node/11808335518",
        "addr:city": "Atocha",
        "addr:postcode": "4400",
        "addr:street": "Jorge Valdez",
        "amenity": "school",
        "isced:level": "2",
        "name": "Colegio Secundario 5164",
        "operator:type": "public",
        "ref:cue": "660130600"
      },
      "geometry": {
        "type": "Point",
        "coordinates": [
          -65.4685781,
          -24.8150169
        ]
      },
      "id": "node/11808335518"
    },
    {
      "type": "Feature",
      "properties": {
        "@id": "node/11819709775",
        "addr:city": "Salta",
        "addr:full": "Manzana 38",
        "addr:street": "Mario Ibáñez",
        "amenity": "hospital",
        "healthcare": "hospital",
        "name": "Centro de Salud 54 Barrio San Ignacio",
        "official_name": "Centro de Salud Nº 54 Barrio San Ignacio",
        "phone": "+54 387 435 3500"
      },
      "geometry": {
        "type": "Point",
        "coordinates": [
          -65.3869388,
          -24.8350466
        ]
      },
      "id": "node/11819709775"
    },
    {
      "type": "Feature",
      "properties": {
        "@id": "node/11819769592",
        "addr:city": "Salta",
        "addr:full": "Pje. Chicoana 1053",
        "addr:housenumber": "1053",
        "addr:postcode": "4400",
        "addr:street": "Chicoana",
        "amenity": "hospital",
        "healthcare": "hospital",
        "isced:level": "0;1",
        "name": "Centro de Salud 53 Villa Cristina",
        "official_name": "Centro de Salud Nº 53 - Vº Cristina",
        "phone": "+54 387 4230139",
        "ref:cue": "660095800"
      },
      "geometry": {
        "type": "Point",
        "coordinates": [
          -65.4180311,
          -24.7988602
        ]
      },
      "id": "node/11819769592"
    },
    {
      "type": "Feature",
      "properties": {
        "@id": "node/11819769593",
        "addr:city": "Salta",
        "addr:housenumber": "753",
        "addr:postcode": "4400",
        "addr:street": "Islas Malvinas",
        "amenity": "school",
        "name": "Escuela 4644 Almirante Brown",
        "official_name": "Almirante Guillermo Brown Ex N° 889",
        "old_name": "Ex N° 889",
        "operator:type": "public"
      },
      "geometry": {
        "type": "Point",
        "coordinates": [
          -65.4181537,
          -24.7992969
        ]
      },
      "id": "node/11819769593"
    },
    {
      "type": "Feature",
      "properties": {
        "@id": "node/11823024942",
        "addr:city": "Salta",
        "addr:full": "Avenida Diaz Villalba 355 Siglo XXI B° Siglo XXI",
        "addr:housenumber": "355",
        "addr:postcode": "4400",
        "addr:street": "Julio Díaz Villalba",
        "amenity": "school",
        "isced:level": "0;1",
        "name": "Escuela Profesora Elsa Salfity",
        "official_name": "Escuela Profesora Elsa Salfity Ex Nº 1105",
        "old_name": "Ex Nº 1105",
        "operator:type": "public",
        "ref:cue": "660135000"
      },
      "geometry": {
        "type": "Point",
        "coordinates": [
          -65.3980321,
          -24.8325755
        ]
      },
      "id": "node/11823024942"
    },
    {
      "type": "Feature",
      "properties": {
        "@id": "node/11823024943",
        "addr:city": "Salta",
        "addr:full": "Avenida Diaz Villalba 355 Siglo XXI B° Siglo XXI",
        "addr:housenumber": "355",
        "addr:postcode": "4400",
        "addr:street": "Julio Díaz Villalba",
        "amenity": "school",
        "isced:level": "2",
        "name": "Colegio Secundario 5169",
        "official_name": "Colegio Secundario Nº 5169",
        "operator:type": "public",
        "ref:cue": "660134900"
      },
      "geometry": {
        "type": "Point",
        "coordinates": [
          -65.3979542,
          -24.8331447
        ]
      },
      "id": "node/11823024943"
    },
    {
      "type": "Feature",
      "properties": {
        "@id": "node/11823030480",
        "addr:city": "Salta",
        "addr:full": "Av. Felipe Varela y César Perdiguero",
        "addr:postcode": "4400",
        "alt_name": "Centro de Salud 45 San Francisco Solano",
        "amenity": "hospital",
        "healthcare": "hospital",
        "name": "Centro de Salud 45 Barrio Provipo",
        "official_name": "Centro de Salud Nº 45 Barrio Provipo"
      },
      "geometry": {
        "type": "Point",
        "coordinates": [
          -65.3897739,
          -24.8284914
        ]
      },
      "id": "node/11823030480"
    },
    {
      "type": "Feature",
      "properties": {
        "@id": "node/11825162569",
        "name": "serrudo elvira",
        "shop": "convenience"
      },
      "geometry": {
        "type": "Point",
        "coordinates": [
          -65.3846129,
          -24.828868
        ]
      },
      "id": "node/11825162569"
    },
    {
      "type": "Feature",
      "properties": {
        "@id": "node/11825187670",
        "name": "tevez",
        "shop": "convenience"
      },
      "geometry": {
        "type": "Point",
        "coordinates": [
          -65.3826075,
          -24.8360552
        ]
      },
      "id": "node/11825187670"
    },
    {
      "type": "Feature",
      "properties": {
        "@id": "node/11826426429",
        "addr:city": "Salta",
        "addr:postcode": "4400",
        "addr:street": "Agrupación Tradicional San José de Metán",
        "amenity": "school",
        "name": "Escuela Juan José Valle"
      },
      "geometry": {
        "type": "Point",
        "coordinates": [
          -65.398871,
          -24.838426
        ]
      },
      "id": "node/11826426429"
    },
    {
      "type": "Feature",
      "properties": {
        "@id": "node/11826426522",
        "addr:city": "Salta",
        "addr:street": "Avenida Ejército Gaucho de Güemes",
        "amenity": "school",
        "isced:level": "1",
        "name": "Escuela 4434 Maria Elvira Reyes De Campos",
        "official_name": "Escuela Nº 4434 Maria Elvira Reyes De Campos",
        "operator:type": "public"
      },
      "geometry": {
        "type": "Point",
        "coordinates": [
          -65.4087978,
          -24.836097
        ]
      },
      "id": "node/11826426522"
    },
    {
      "type": "Feature",
      "properties": {
        "@id": "node/11826426588",
        "addr:city": "Salta",
        "addr:postcode": "4400",
        "addr:street": "Abraham Rallé",
        "amenity": "school",
        "name": "Escuela Juan Carlos Saravia"
      },
      "geometry": {
        "type": "Point",
        "coordinates": [
          -65.4306137,
          -24.8461956
        ]
      },
      "id": "node/11826426588"
    },
    {
      "type": "Feature",
      "properties": {
        "@id": "node/11831367280",
        "addr:city": "Salta",
        "addr:full": "Cabo Primero Jorge Cisterna y Abraham Rallé",
        "addr:postcode": "4400",
        "addr:street": "Cabo Primero Jorge Cisterna",
        "amenity": "hospital",
        "healthcare": "hospital",
        "name": "Centor de Salud 51 Barrio Limache",
        "official_name": "Centor de Salud Nº 51 Barrio Limache",
        "phone": "+54 387 4242749"
      },
      "geometry": {
        "type": "Point",
        "coordinates": [
          -65.4312457,
          -24.8526364
        ]
      },
      "id": "node/11831367280"
    },
    {
      "type": "Feature",
      "properties": {
        "@id": "node/11831367281",
        "addr:city": "Salta",
        "addr:postcode": "4400",
        "addr:street": "Avenida Paraguay",
        "amenity": "hospital",
        "healthcare": "hospital",
        "name": "Centro de Salud 50 CoFrutHoS",
        "official_name": "Centro de Salud Nº 50 - CoFrutHoS"
      },
      "geometry": {
        "type": "Point",
        "coordinates": [
          -65.4268161,
          -24.8241072
        ]
      },
      "id": "node/11831367281"
    },
    {
      "type": "Feature",
      "properties": {
        "@id": "node/11831606778",
        "addr:city": "Salta",
        "addr:full": "Padre Agustin de Castañarez y Florida",
        "addr:postcode": "4400",
        "addr:street": "Padre Agustin de Castañarez",
        "amenity": "hospital",
        "healthcare": "hospital",
        "name": "Centro de Salud 48 Barrio Ceferino",
        "official_name": "Centro de Salud Nº 48 - Barrio Ceferino"
      },
      "geometry": {
        "type": "Point",
        "coordinates": [
          -65.4126815,
          -24.8111062
        ]
      },
      "id": "node/11831606778"
    },
    {
      "type": "Feature",
      "properties": {
        "@id": "node/11831606813",
        "addr:city": "Salta",
        "addr:full": "Av. El Líbano y Suiza",
        "addr:postcode": "4400",
        "addr:street": "Avenida República del Líbano",
        "amenity": "hospital",
        "healthcare": "hospital",
        "name": "Centro de Salud 46 Barrio Morosini",
        "official_name": "Centro de Salud Nº 46 - Barrio Morosini"
      },
      "geometry": {
        "type": "Point",
        "coordinates": [
          -65.4121235,
          -24.8182805
        ]
      },
      "id": "node/11831606813"
    },
    {
      "type": "Feature",
      "properties": {
        "@id": "node/11832960471",
        "addr:city": "Salta",
        "addr:postcode": "4400",
        "addr:street": "Mariano Saravia",
        "amenity": "hospital",
        "healthcare": "hospital",
        "name": "Centro de Salud 44 Barrio Floresta",
        "official_name": "Centro de Salud Nº 44 Vº Floresta",
        "phone": "+54 387 4281927"
      },
      "geometry": {
        "type": "Point",
        "coordinates": [
          -65.3734391,
          -24.8145284
        ]
      },
      "id": "node/11832960471"
    },
    {
      "type": "Feature",
      "properties": {
        "@id": "node/11832960477",
        "addr:city": "Salta",
        "addr:full": "Av. Ciudad de Asunción s/n, Ruta 9",
        "addr:postcode": "4400",
        "amenity": "hospital",
        "healthcare": "hospital",
        "name": "Centro de Salud 42 Barrio Autódromo"
      },
      "geometry": {
        "type": "Point",
        "coordinates": [
          -65.3702841,
          -24.796332
        ]
      },
      "id": "node/11832960477"
    },
    {
      "type": "Feature",
      "properties": {
        "@id": "node/11832960484",
        "addr:city": "Salta",
        "addr:postcode": "4400",
        "addr:street": "Oscar Cabalén",
        "amenity": "police",
        "operator": "Policía de la Provincia de Salta"
      },
      "geometry": {
        "type": "Point",
        "coordinates": [
          -65.371407,
          -24.7963697
        ]
      },
      "id": "node/11832960484"
    },
    {
      "type": "Feature",
      "properties": {
        "@id": "node/11832960485",
        "amenity": "atm",
        "network": "Banelco",
        "operator": "Banco Macro"
      },
      "geometry": {
        "type": "Point",
        "coordinates": [
          -65.37153,
          -24.7964021
        ]
      },
      "id": "node/11832960485"
    },
    {
      "type": "Feature",
      "properties": {
        "@id": "node/11832960502",
        "addr:city": "Salta",
        "addr:postcode": "4400",
        "addr:street": "Reconquista",
        "amenity": "hospital",
        "healthcare": "hospital",
        "name": "Centro de Salud 40 Barrio 9 de Julio",
        "official_name": "Centro de Salud Nº 40 - Barrio 9 de Julio"
      },
      "geometry": {
        "type": "Point",
        "coordinates": [
          -65.3940801,
          -24.8130539
        ]
      },
      "id": "node/11832960502"
    },
    {
      "type": "Feature",
      "properties": {
        "@id": "node/11832960507",
        "addr:city": "Salta",
        "addr:postcode": "4400",
        "addr:street": "Juan B. Ambrosetti",
        "amenity": "police",
        "name": "DSU",
        "operator": "Policía de la Provincia de Salta"
      },
      "geometry": {
        "type": "Point",
        "coordinates": [
          -65.3943051,
          -24.8121219
        ]
      },
      "id": "node/11832960507"
    },
    {
      "type": "Feature",
      "properties": {
        "@id": "node/11832960512",
        "addr:city": "Salta",
        "addr:full": "12 de Octubre 2100 esq. Diego Diez Gómez",
        "addr:postcode": "4400",
        "addr:street": "Diego Gómez",
        "amenity": "hospital",
        "healthcare": "hospital",
        "name": "Centro de Salud 39 Villa Luján",
        "official_name": "Centro de Salud Nº 39  Vº Luján"
      },
      "geometry": {
        "type": "Point",
        "coordinates": [
          -65.4319861,
          -24.7739297
        ]
      },
      "id": "node/11832960512"
    },
    {
      "type": "Feature",
      "properties": {
        "@id": "node/11833863418",
        "addr:city": "Salta",
        "addr:housenumber": "750",
        "addr:postcode": "4400",
        "addr:street": "Justo José de Urquiza",
        "amenity": "hospital",
        "healthcare": "hospital",
        "name": "Centro de Salud 36 Mercado Municipal",
        "official_name": "Centro de Salud Nº 36 Mercado Municipal"
      },
      "geometry": {
        "type": "Point",
        "coordinates": [
          -65.413553,
          -24.7923155
        ]
      },
      "id": "node/11833863418"
    },
    {
      "type": "Feature",
      "properties": {
        "@id": "node/11833863419",
        "addr:city": "Salta",
        "addr:postcode": "4400",
        "addr:street": "Monseñor Pedro Reginaldo Lira",
        "amenity": "school",
        "name": "Escuela Nº 4040 Mercedes Lavín"
      },
      "geometry": {
        "type": "Point",
        "coordinates": [
          -65.4470039,
          -24.8054795
        ]
      },
      "id": "node/11833863419"
    },
    {
      "type": "Feature",
      "properties": {
        "@id": "node/11833863445",
        "addr:city": "Salta",
        "addr:postcode": "4400",
        "addr:street": "Padre Alberto Villarreal",
        "amenity": "hospital",
        "healthcare": "hospital",
        "name": "Centro de Salud 35 Barrio El Progreso",
        "official_name": "Centro de Salud Nº 35 Barrio El Progreso"
      },
      "geometry": {
        "type": "Point",
        "coordinates": [
          -65.4482708,
          -24.8051385
        ]
      },
      "id": "node/11833863445"
    },
    {
      "type": "Feature",
      "properties": {
        "@id": "node/11833863463",
        "addr:city": "Salta",
        "addr:housenumber": "358",
        "addr:postcode": "4400",
        "addr:street": "Los Gladiolos",
        "amenity": "hospital",
        "healthcare": "hospital",
        "name": "Centro de Salud 33 Villa Las Rosas",
        "official_name": "Centro de Salud Nº 33 - Villa Las Rosas"
      },
      "geometry": {
        "type": "Point",
        "coordinates": [
          -65.3928107,
          -24.8045451
        ]
      },
      "id": "node/11833863463"
    },
    {
      "type": "Feature",
      "properties": {
        "@id": "node/11833930278",
        "addr:city": "Salta",
        "addr:full": "Calle D y Calle B",
        "addr:postcode": "4400",
        "addr:street": "Coronel José de Moldes",
        "amenity": "hospital",
        "healthcare": "hospital",
        "name": "Centro de Salud 31 Villa Costanera",
        "official_name": "Centro de Salud Nº 31 -  Villa Costanera"
      },
      "geometry": {
        "type": "Point",
        "coordinates": [
          -65.4280353,
          -24.806423
        ]
      },
      "id": "node/11833930278"
    },
    {
      "type": "Feature",
      "properties": {
        "@id": "node/11833930279",
        "addr:city": "Salta",
        "addr:postcode": "4400",
        "addr:street": "Coronel José de Moldes",
        "amenity": "school",
        "name": "Escuela Nuestra Señora de la Candelaria"
      },
      "geometry": {
        "type": "Point",
        "coordinates": [
          -65.4280189,
          -24.8061454
        ]
      },
      "id": "node/11833930279"
    },
    {
      "type": "Feature",
      "properties": {
        "@id": "node/11834916091",
        "addr:city": "Salta",
        "addr:postcode": "4400",
        "addr:street": "Felipe Varela",
        "amenity": "hospital",
        "healthcare": "hospital",
        "name": "Centro de Salud 29 Barrio Finca Independencia",
        "official_name": "Centro de Salud Nº 29 Barrio Finca Independencia"
      },
      "geometry": {
        "type": "Point",
        "coordinates": [
          -65.4007076,
          -24.8293046
        ]
      },
      "id": "node/11834916091"
    },
    {
      "type": "Feature",
      "properties": {
        "@id": "node/11834916095",
        "addr:city": "Salta",
        "addr:postcode": "4400",
        "addr:street": "Pasaje Felipe Vallese",
        "amenity": "school",
        "isced:level": "0;1",
        "name": "Escuela 4026 Delfín Leguizamon",
        "operator:type": "public",
        "ref:cue": "660042000"
      },
      "geometry": {
        "type": "Point",
        "coordinates": [
          -65.4001406,
          -24.8290264
        ]
      },
      "id": "node/11834916095"
    },
    {
      "type": "Feature",
      "properties": {
        "@id": "node/11836002046",
        "amenity": "school",
        "name": "Escuela Nuestra Señora de La Asunción"
      },
      "geometry": {
        "type": "Point",
        "coordinates": [
          -65.446728,
          -24.7959445
        ]
      },
      "id": "node/11836002046"
    },
    {
      "type": "Feature",
      "properties": {
        "@id": "node/11889117069",
        "name": "tapia susana",
        "shop": "convenience"
      },
      "geometry": {
        "type": "Point",
        "coordinates": [
          -65.4038056,
          -24.8276427
        ]
      },
      "id": "node/11889117069"
    },
    {
      "type": "Feature",
      "properties": {
        "@id": "node/11901436269",
        "name": "palomo justo",
        "shop": "convenience"
      },
      "geometry": {
        "type": "Point",
        "coordinates": [
          -65.4619208,
          -24.8457849
        ]
      },
      "id": "node/11901436269"
    },
    {
      "type": "Feature",
      "properties": {
        "@id": "node/11904679769",
        "name": "almacén don taco",
        "shop": "convenience"
      },
      "geometry": {
        "type": "Point",
        "coordinates": [
          -65.422236,
          -24.8316699
        ]
      },
      "id": "node/11904679769"
    },
    {
      "type": "Feature",
      "properties": {
        "@id": "node/11913110869",
        "name": "schiavoni",
        "shop": "convenience"
      },
      "geometry": {
        "type": "Point",
        "coordinates": [
          -65.4429261,
          -24.8564386
        ]
      },
      "id": "node/11913110869"
    },
    {
      "type": "Feature",
      "properties": {
        "@id": "node/11928807674",
        "name": "Coya Hostel",
        "tourism": "hotel"
      },
      "geometry": {
        "type": "Point",
        "coordinates": [
          -65.4253728,
          -24.7861246
        ]
      },
      "id": "node/11928807674"
    },
    {
      "type": "Feature",
      "properties": {
        "@id": "node/11937013570",
        "name": "valez vidal(sur)",
        "shop": "convenience"
      },
      "geometry": {
        "type": "Point",
        "coordinates": [
          -65.4708907,
          -24.8606962
        ]
      },
      "id": "node/11937013570"
    },
    {
      "type": "Feature",
      "properties": {
        "@id": "node/11945003269",
        "name": "consumidor final ( sur)",
        "shop": "convenience"
      },
      "geometry": {
        "type": "Point",
        "coordinates": [
          -65.4376547,
          -24.8495533
        ]
      },
      "id": "node/11945003269"
    },
    {
      "type": "Feature",
      "properties": {
        "@id": "node/11958272769",
        "name": "menendez josefina (sur)",
        "shop": "convenience"
      },
      "geometry": {
        "type": "Point",
        "coordinates": [
          -65.4493024,
          -24.8545573
        ]
      },
      "id": "node/11958272769"
    },
    {
      "type": "Feature",
      "properties": {
        "@id": "node/11961461369",
        "addr:housenumber": "1400",
        "addr:street": "Avenida Manuel Belgrano",
        "amenity": "restaurant",
        "name": "La Nueva China"
      },
      "geometry": {
        "type": "Point",
        "coordinates": [
          -65.4219205,
          -24.7863834
        ]
      },
      "id": "node/11961461369"
    },
    {
      "type": "Feature",
      "properties": {
        "@id": "node/11963740169",
        "name": "torrez maria",
        "shop": "convenience"
      },
      "geometry": {
        "type": "Point",
        "coordinates": [
          -65.3811834,
          -24.8367231
        ]
      },
      "id": "node/11963740169"
    },
    {
      "type": "Feature",
      "properties": {
        "@id": "node/11975473869",
        "name": "chinchilla",
        "shop": "convenience"
      },
      "geometry": {
        "type": "Point",
        "coordinates": [
          -65.4074485,
          -24.8274741
        ]
      },
      "id": "node/11975473869"
    },
    {
      "type": "Feature",
      "properties": {
        "@id": "node/12013409526",
        "bus": "yes",
        "highway": "bus_stop",
        "public_transport": "platform"
      },
      "geometry": {
        "type": "Point",
        "coordinates": [
          -65.4148301,
          -24.773328
        ]
      },
      "id": "node/12013409526"
    },
    {
      "type": "Feature",
      "properties": {
        "@id": "node/12033109194",
        "name": "Hostal Tilian",
        "tourism": "hostel"
      },
      "geometry": {
        "type": "Point",
        "coordinates": [
          -65.4067349,
          -24.7965737
        ]
      },
      "id": "node/12033109194"
    },
    {
      "type": "Feature",
      "properties": {
        "@id": "node/12155630844",
        "addr:city": "Salta",
        "addr:postcode": "4400",
        "addr:street": "Deán Funes",
        "name": "Avila Zenteno",
        "shop": "convenience"
      },
      "geometry": {
        "type": "Point",
        "coordinates": [
          -65.4063858,
          -24.7628245
        ]
      },
      "id": "node/12155630844"
    },
    {
      "type": "Feature",
      "properties": {
        "@id": "node/12195319244",
        "addr:city": "Salta",
        "addr:street": "Avenida Juan Domingo Perón",
        "name": "Lucas Ugarte",
        "shop": "convenience"
      },
      "geometry": {
        "type": "Point",
        "coordinates": [
          -65.469294,
          -24.8596403
        ]
      },
      "id": "node/12195319244"
    },
    {
      "type": "Feature",
      "properties": {
        "@id": "node/12195322812",
        "addr:city": "Salta",
        "addr:postcode": "4400",
        "addr:street": "Diario Los Andes",
        "name": "Marcia Vega",
        "shop": "convenience"
      },
      "geometry": {
        "type": "Point",
        "coordinates": [
          -65.4418865,
          -24.8444751
        ]
      },
      "id": "node/12195322812"
    },
    {
      "type": "Feature",
      "properties": {
        "@id": "node/12202539547",
        "addr:city": "Salta",
        "addr:postcode": "4400",
        "addr:street": "Farat Siré Salim",
        "name": "mamani sergio",
        "shop": "convenience"
      },
      "geometry": {
        "type": "Point",
        "coordinates": [
          -65.431567,
          -24.8479167
        ]
      },
      "id": "node/12202539547"
    },
    {
      "type": "Feature",
      "properties": {
        "@id": "node/12219321120",
        "addr:city": "Salta",
        "addr:postcode": "4400",
        "addr:street": "Diario La Nación",
        "name": "Peñaralda",
        "shop": "convenience"
      },
      "geometry": {
        "type": "Point",
        "coordinates": [
          -65.4410924,
          -24.8422356
        ]
      },
      "id": "node/12219321120"
    },
    {
      "type": "Feature",
      "properties": {
        "@id": "node/12219321129",
        "addr:city": "Salta",
        "addr:postcode": "4400",
        "addr:street": "Diario La Nueva Provincia",
        "name": "Perello",
        "shop": "convenience"
      },
      "geometry": {
        "type": "Point",
        "coordinates": [
          -65.440459,
          -24.8412504
        ]
      },
      "id": "node/12219321129"
    },
    {
      "type": "Feature",
      "properties": {
        "@id": "node/12250384701",
        "name": "consumidor final",
        "shop": "convenience"
      },
      "geometry": {
        "type": "Point",
        "coordinates": [
          -65.4507345,
          -24.8246434
        ]
      },
      "id": "node/12250384701"
    },
    {
      "type": "Feature",
      "properties": {
        "@id": "node/12252849101",
        "name": "cayo ivana",
        "shop": "convenience"
      },
      "geometry": {
        "type": "Point",
        "coordinates": [
          -65.4037047,
          -24.8408787
        ]
      },
      "id": "node/12252849101"
    },
    {
      "type": "Feature",
      "properties": {
        "@id": "node/12252849102",
        "name": "marquez jorgelina",
        "shop": "convenience"
      },
      "geometry": {
        "type": "Point",
        "coordinates": [
          -65.4036477,
          -24.8394705
        ]
      },
      "id": "node/12252849102"
    },
    {
      "type": "Feature",
      "properties": {
        "@id": "node/12252855001",
        "name": "lorena serrano",
        "shop": "convenience"
      },
      "geometry": {
        "type": "Point",
        "coordinates": [
          -65.4048132,
          -24.8419005
        ]
      },
      "id": "node/12252855001"
    },
    {
      "type": "Feature",
      "properties": {
        "@id": "node/12252855002",
        "name": "inca",
        "shop": "convenience"
      },
      "geometry": {
        "type": "Point",
        "coordinates": [
          -65.4037124,
          -24.8338457
        ]
      },
      "id": "node/12252855002"
    },
    {
      "type": "Feature",
      "properties": {
        "@id": "node/12252857401",
        "name": "rivainera",
        "shop": "convenience"
      },
      "geometry": {
        "type": "Point",
        "coordinates": [
          -65.3904782,
          -24.8429993
        ]
      },
      "id": "node/12252857401"
    },
    {
      "type": "Feature",
      "properties": {
        "@id": "node/12252977201",
        "name": "socompio",
        "shop": "convenience"
      },
      "geometry": {
        "type": "Point",
        "coordinates": [
          -65.4046701,
          -24.8388279
        ]
      },
      "id": "node/12252977201"
    },
    {
      "type": "Feature",
      "properties": {
        "@id": "node/12253045101",
        "name": "reyna fabian",
        "shop": "convenience"
      },
      "geometry": {
        "type": "Point",
        "coordinates": [
          -65.4051956,
          -24.8408285
        ]
      },
      "id": "node/12253045101"
    },
    {
      "type": "Feature",
      "properties": {
        "@id": "node/12253049001",
        "name": "kiosco la paz",
        "shop": "convenience"
      },
      "geometry": {
        "type": "Point",
        "coordinates": [
          -65.4051889,
          -24.8400859
        ]
      },
      "id": "node/12253049001"
    },
    {
      "type": "Feature",
      "properties": {
        "@id": "node/12253112801",
        "name": "lujan maria",
        "shop": "convenience"
      },
      "geometry": {
        "type": "Point",
        "coordinates": [
          -65.4035725,
          -24.8410154
        ]
      },
      "id": "node/12253112801"
    },
    {
      "type": "Feature",
      "properties": {
        "@id": "node/12253198601",
        "name": "arias carlos",
        "shop": "convenience"
      },
      "geometry": {
        "type": "Point",
        "coordinates": [
          -65.3927844,
          -24.8432006
        ]
      },
      "id": "node/12253198601"
    },
    {
      "type": "Feature",
      "properties": {
        "@id": "node/12253198701",
        "name": "di pauli",
        "shop": "convenience"
      },
      "geometry": {
        "type": "Point",
        "coordinates": [
          -65.3922106,
          -24.8431011
        ]
      },
      "id": "node/12253198701"
    },
    {
      "type": "Feature",
      "properties": {
        "@id": "node/12253198702",
        "name": "aguero vanesa",
        "shop": "convenience"
      },
      "geometry": {
        "type": "Point",
        "coordinates": [
          -65.3909004,
          -24.8430566
        ]
      },
      "id": "node/12253198702"
    },
    {
      "type": "Feature",
      "properties": {
        "@id": "node/12253295901",
        "name": "mocorito",
        "shop": "convenience"
      },
      "geometry": {
        "type": "Point",
        "coordinates": [
          -65.4062016,
          -24.8327552
        ]
      },
      "id": "node/12253295901"
    },
    {
      "type": "Feature",
      "properties": {
        "@id": "node/12253437001",
        "name": "Ramos Débora",
        "shop": "convenience"
      },
      "geometry": {
        "type": "Point",
        "coordinates": [
          -65.3976145,
          -24.8383489
        ]
      },
      "id": "node/12253437001"
    },
    {
      "type": "Feature",
      "properties": {
        "@id": "node/12255079201",
        "name": "lagoría",
        "shop": "convenience"
      },
      "geometry": {
        "type": "Point",
        "coordinates": [
          -65.4208769,
          -24.8301625
        ]
      },
      "id": "node/12255079201"
    },
    {
      "type": "Feature",
      "properties": {
        "@id": "node/12255109001",
        "name": "mamaní elsa",
        "shop": "convenience"
      },
      "geometry": {
        "type": "Point",
        "coordinates": [
          -65.4188173,
          -24.8255106
        ]
      },
      "id": "node/12255109001"
    },
    {
      "type": "Feature",
      "properties": {
        "@id": "node/12255177001",
        "name": "pereyo",
        "shop": "convenience"
      },
      "geometry": {
        "type": "Point",
        "coordinates": [
          -65.4077479,
          -24.8304783
        ]
      },
      "id": "node/12255177001"
    },
    {
      "type": "Feature",
      "properties": {
        "@id": "node/12255177002",
        "name": "estela mari",
        "shop": "convenience"
      },
      "geometry": {
        "type": "Point",
        "coordinates": [
          -65.4054218,
          -24.8301335
        ]
      },
      "id": "node/12255177002"
    },
    {
      "type": "Feature",
      "properties": {
        "@id": "node/12255181601",
        "name": "lopez",
        "shop": "convenience"
      },
      "geometry": {
        "type": "Point",
        "coordinates": [
          -65.4073295,
          -24.8305668
        ]
      },
      "id": "node/12255181601"
    },
    {
      "type": "Feature",
      "properties": {
        "@id": "node/12255208201",
        "name": "paez",
        "shop": "convenience"
      },
      "geometry": {
        "type": "Point",
        "coordinates": [
          -65.4040512,
          -24.8300734
        ]
      },
      "id": "node/12255208201"
    },
    {
      "type": "Feature",
      "properties": {
        "@id": "node/12255288601",
        "name": "zalazar juanita",
        "shop": "convenience"
      },
      "geometry": {
        "type": "Point",
        "coordinates": [
          -65.4032016,
          -24.8235564
        ]
      },
      "id": "node/12255288601"
    },
    {
      "type": "Feature",
      "properties": {
        "@id": "node/12255288602",
        "name": "ocampo andrea",
        "shop": "convenience"
      },
      "geometry": {
        "type": "Point",
        "coordinates": [
          -65.4046427,
          -24.8218012
        ]
      },
      "id": "node/12255288602"
    },
    {
      "type": "Feature",
      "properties": {
        "@id": "node/12255315901",
        "name": "guzman",
        "shop": "convenience"
      },
      "geometry": {
        "type": "Point",
        "coordinates": [
          -65.4066822,
          -24.8208646
        ]
      },
      "id": "node/12255315901"
    },
    {
      "type": "Feature",
      "properties": {
        "@id": "node/12255343401",
        "name": "guantay rocio",
        "shop": "convenience"
      },
      "geometry": {
        "type": "Point",
        "coordinates": [
          -65.4061821,
          -24.8221684
        ]
      },
      "id": "node/12255343401"
    },
    {
      "type": "Feature",
      "properties": {
        "@id": "node/12255383701",
        "name": "nieva julia",
        "shop": "convenience"
      },
      "geometry": {
        "type": "Point",
        "coordinates": [
          -65.3993334,
          -24.8283295
        ]
      },
      "id": "node/12255383701"
    },
    {
      "type": "Feature",
      "properties": {
        "@id": "node/12255794501",
        "name": "coria vanesa",
        "shop": "convenience"
      },
      "geometry": {
        "type": "Point",
        "coordinates": [
          -65.3919207,
          -24.8335471
        ]
      },
      "id": "node/12255794501"
    },
    {
      "type": "Feature",
      "properties": {
        "@id": "node/12258328701",
        "name": "velardes yolanda",
        "shop": "convenience"
      },
      "geometry": {
        "type": "Point",
        "coordinates": [
          -65.4485399,
          -24.8415561
        ]
      },
      "id": "node/12258328701"
    },
    {
      "type": "Feature",
      "properties": {
        "@id": "node/12258451301",
        "name": "vega marcia",
        "shop": "convenience"
      },
      "geometry": {
        "type": "Point",
        "coordinates": [
          -65.4421542,
          -24.8445347
        ]
      },
      "id": "node/12258451301"
    },
    {
      "type": "Feature",
      "properties": {
        "@id": "node/12258460801",
        "name": "nieva natalia",
        "shop": "convenience"
      },
      "geometry": {
        "type": "Point",
        "coordinates": [
          -65.4426066,
          -24.8380947
        ]
      },
      "id": "node/12258460801"
    },
    {
      "type": "Feature",
      "properties": {
        "@id": "node/12258482301",
        "name": "benitez lourdes",
        "shop": "convenience"
      },
      "geometry": {
        "type": "Point",
        "coordinates": [
          -65.4427284,
          -24.8413161
        ]
      },
      "id": "node/12258482301"
    },
    {
      "type": "Feature",
      "properties": {
        "@id": "node/12258484701",
        "name": "diaz alberto",
        "shop": "convenience"
      },
      "geometry": {
        "type": "Point",
        "coordinates": [
          -65.4409548,
          -24.8410266
        ]
      },
      "id": "node/12258484701"
    },
    {
      "type": "Feature",
      "properties": {
        "@id": "node/12258682901",
        "name": "lopez sonia",
        "shop": "convenience"
      },
      "geometry": {
        "type": "Point",
        "coordinates": [
          -65.430062,
          -24.847611
        ]
      },
      "id": "node/12258682901"
    },
    {
      "type": "Feature",
      "properties": {
        "@id": "node/12258793601",
        "name": "da silva",
        "shop": "convenience"
      },
      "geometry": {
        "type": "Point",
        "coordinates": [
          -65.4305435,
          -24.8534923
        ]
      },
      "id": "node/12258793601"
    },
    {
      "type": "Feature",
      "properties": {
        "@id": "node/12259142517",
        "name": "falcon",
        "shop": "convenience"
      },
      "geometry": {
        "type": "Point",
        "coordinates": [
          -65.4426556,
          -24.8521177
        ]
      },
      "id": "node/12259142517"
    },
    {
      "type": "Feature",
      "properties": {
        "@id": "node/12259420292",
        "name": "Supermercado San Charbel",
        "shop": "supermarket"
      },
      "geometry": {
        "type": "Point",
        "coordinates": [
          -65.4062118,
          -24.7818189
        ]
      },
      "id": "node/12259420292"
    },
    {
      "type": "Feature",
      "properties": {
        "@id": "node/12263125201",
        "name": "araoz",
        "shop": "convenience"
      },
      "geometry": {
        "type": "Point",
        "coordinates": [
          -65.4099401,
          -24.851664
        ]
      },
      "id": "node/12263125201"
    },
    {
      "type": "Feature",
      "properties": {
        "@id": "node/12263126401",
        "name": "avilez",
        "shop": "convenience"
      },
      "geometry": {
        "type": "Point",
        "coordinates": [
          -65.4089132,
          -24.8515694
        ]
      },
      "id": "node/12263126401"
    },
    {
      "type": "Feature",
      "properties": {
        "@id": "node/12264883501",
        "internet_access": "wlan",
        "name": "Alpha House Hostel",
        "tourism": "hostel"
      },
      "geometry": {
        "type": "Point",
        "coordinates": [
          -65.4116323,
          -24.7957712
        ]
      },
      "id": "node/12264883501"
    },
    {
      "type": "Feature",
      "properties": {
        "@id": "node/12273417601",
        "name": "despensa vicki",
        "shop": "convenience"
      },
      "geometry": {
        "type": "Point",
        "coordinates": [
          -65.4539243,
          -24.8370394
        ]
      },
      "id": "node/12273417601"
    },
    {
      "type": "Feature",
      "properties": {
        "@id": "node/12273768701",
        "name": "nahir andrea",
        "shop": "convenience"
      },
      "geometry": {
        "type": "Point",
        "coordinates": [
          -65.4693961,
          -24.8571833
        ]
      },
      "id": "node/12273768701"
    },
    {
      "type": "Feature",
      "properties": {
        "@id": "node/12274668701",
        "name": "bustamante facundo",
        "shop": "convenience"
      },
      "geometry": {
        "type": "Point",
        "coordinates": [
          -65.4506534,
          -24.8606473
        ]
      },
      "id": "node/12274668701"
    },
    {
      "type": "Feature",
      "properties": {
        "@id": "node/12276894301",
        "name": "lucas urzagaste",
        "shop": "convenience"
      },
      "geometry": {
        "type": "Point",
        "coordinates": [
          -65.4692756,
          -24.8596902
        ]
      },
      "id": "node/12276894301"
    },
    {
      "type": "Feature",
      "properties": {
        "@id": "node/12276895201",
        "name": "Karen Domínguez",
        "shop": "convenience"
      },
      "geometry": {
        "type": "Point",
        "coordinates": [
          -65.4700344,
          -24.8601199
        ]
      },
      "id": "node/12276895201"
    },
    {
      "type": "Feature",
      "properties": {
        "@id": "node/12276913402",
        "name": "mendoza lorena",
        "shop": "convenience"
      },
      "geometry": {
        "type": "Point",
        "coordinates": [
          -65.4724357,
          -24.8728455
        ]
      },
      "id": "node/12276913402"
    },
    {
      "type": "Feature",
      "properties": {
        "@id": "node/12276925601",
        "name": "saber nombre",
        "shop": "convenience"
      },
      "geometry": {
        "type": "Point",
        "coordinates": [
          -65.4725202,
          -24.8727214
        ]
      },
      "id": "node/12276925601"
    },
    {
      "type": "Feature",
      "properties": {
        "@id": "node/12278649901",
        "name": "condori carina",
        "shop": "convenience"
      },
      "geometry": {
        "type": "Point",
        "coordinates": [
          -65.4038756,
          -24.8330662
        ]
      },
      "id": "node/12278649901"
    },
    {
      "type": "Feature",
      "properties": {
        "@id": "node/12278826101",
        "name": "valen solis",
        "shop": "convenience"
      },
      "geometry": {
        "type": "Point",
        "coordinates": [
          -65.4052847,
          -24.8390981
        ]
      },
      "id": "node/12278826101"
    },
    {
      "type": "Feature",
      "properties": {
        "@id": "node/12279011901",
        "name": "Sandra virginia",
        "shop": "convenience"
      },
      "geometry": {
        "type": "Point",
        "coordinates": [
          -65.4051578,
          -24.8312818
        ]
      },
      "id": "node/12279011901"
    },
    {
      "type": "Feature",
      "properties": {
        "@id": "node/12279012001",
        "name": "mocorito",
        "shop": "convenience"
      },
      "geometry": {
        "type": "Point",
        "coordinates": [
          -65.4060738,
          -24.8332624
        ]
      },
      "id": "node/12279012001"
    },
    {
      "type": "Feature",
      "properties": {
        "@id": "node/12279012101",
        "name": "herrera daniel",
        "shop": "convenience"
      },
      "geometry": {
        "type": "Point",
        "coordinates": [
          -65.4053644,
          -24.8351349
        ]
      },
      "id": "node/12279012101"
    },
    {
      "type": "Feature",
      "properties": {
        "@id": "node/12279028001",
        "name": "zamorano ale",
        "shop": "convenience"
      },
      "geometry": {
        "type": "Point",
        "coordinates": [
          -65.4028916,
          -24.8338887
        ]
      },
      "id": "node/12279028001"
    },
    {
      "type": "Feature",
      "properties": {
        "@id": "node/12279042301",
        "name": "salvatierra",
        "shop": "convenience"
      },
      "geometry": {
        "type": "Point",
        "coordinates": [
          -65.3991615,
          -24.8346431
        ]
      },
      "id": "node/12279042301"
    },
    {
      "type": "Feature",
      "properties": {
        "@id": "node/12279042302",
        "name": "chauque noemi",
        "shop": "convenience"
      },
      "geometry": {
        "type": "Point",
        "coordinates": [
          -65.3991167,
          -24.8342126
        ]
      },
      "id": "node/12279042302"
    },
    {
      "type": "Feature",
      "properties": {
        "@id": "node/12279058401",
        "name": "facundo emanuel",
        "shop": "convenience"
      },
      "geometry": {
        "type": "Point",
        "coordinates": [
          -65.3989819,
          -24.8368867
        ]
      },
      "id": "node/12279058401"
    },
    {
      "type": "Feature",
      "properties": {
        "@id": "node/12279085601",
        "name": "carabajal alicia sur 1",
        "shop": "convenience"
      },
      "geometry": {
        "type": "Point",
        "coordinates": [
          -65.397811,
          -24.83509
        ]
      },
      "id": "node/12279085601"
    },
    {
      "type": "Feature",
      "properties": {
        "@id": "node/12279151301",
        "name": "carrizo maría",
        "shop": "convenience"
      },
      "geometry": {
        "type": "Point",
        "coordinates": [
          -65.3996947,
          -24.8389747
        ]
      },
      "id": "node/12279151301"
    },
    {
      "type": "Feature",
      "properties": {
        "@id": "node/12279182601",
        "name": "marina romina",
        "shop": "convenience"
      },
      "geometry": {
        "type": "Point",
        "coordinates": [
          -65.4037529,
          -24.8429077
        ]
      },
      "id": "node/12279182601"
    },
    {
      "type": "Feature",
      "properties": {
        "@id": "node/12281772301",
        "name": "avalos marta",
        "shop": "convenience"
      },
      "geometry": {
        "type": "Point",
        "coordinates": [
          -65.4185799,
          -24.8288867
        ]
      },
      "id": "node/12281772301"
    },
    {
      "type": "Feature",
      "properties": {
        "@id": "node/12282156301",
        "name": "zalazar ana",
        "shop": "convenience"
      },
      "geometry": {
        "type": "Point",
        "coordinates": [
          -65.3924958,
          -24.8283932
        ]
      },
      "id": "node/12282156301"
    },
    {
      "type": "Feature",
      "properties": {
        "@id": "node/12282156401",
        "name": "esposo",
        "shop": "convenience"
      },
      "geometry": {
        "type": "Point",
        "coordinates": [
          -65.392949,
          -24.8282086
        ]
      },
      "id": "node/12282156401"
    },
    {
      "type": "Feature",
      "properties": {
        "@id": "node/12282249801",
        "name": "hermanes Sonia",
        "shop": "convenience"
      },
      "geometry": {
        "type": "Point",
        "coordinates": [
          -65.4018941,
          -24.8295835
        ]
      },
      "id": "node/12282249801"
    },
    {
      "type": "Feature",
      "properties": {
        "@id": "node/12282250201",
        "name": "vigiani",
        "shop": "convenience"
      },
      "geometry": {
        "type": "Point",
        "coordinates": [
          -65.4015003,
          -24.8296318
        ]
      },
      "id": "node/12282250201"
    },
    {
      "type": "Feature",
      "properties": {
        "@id": "node/12282251201",
        "name": "alberto ferreira",
        "shop": "convenience"
      },
      "geometry": {
        "type": "Point",
        "coordinates": [
          -65.3894685,
          -24.8280955
        ]
      },
      "id": "node/12282251201"
    },
    {
      "type": "Feature",
      "properties": {
        "@id": "node/12282251301",
        "name": "bruno gisel",
        "shop": "convenience"
      },
      "geometry": {
        "type": "Point",
        "coordinates": [
          -65.3887582,
          -24.8281941
        ]
      },
      "id": "node/12282251301"
    },
    {
      "type": "Feature",
      "properties": {
        "@id": "node/12285477901",
        "name": "gomes noelia",
        "shop": "convenience"
      },
      "geometry": {
        "type": "Point",
        "coordinates": [
          -65.4409218,
          -24.8379506
        ]
      },
      "id": "node/12285477901"
    },
    {
      "type": "Feature",
      "properties": {
        "@id": "node/12285528801",
        "name": "marcelo sebastian",
        "shop": "convenience"
      },
      "geometry": {
        "type": "Point",
        "coordinates": [
          -65.4381944,
          -24.8458108
        ]
      },
      "id": "node/12285528801"
    },
    {
      "type": "Feature",
      "properties": {
        "@id": "node/12285538301",
        "name": "rearte (sur 1)",
        "shop": "convenience"
      },
      "geometry": {
        "type": "Point",
        "coordinates": [
          -65.4373613,
          -24.8427031
        ]
      },
      "id": "node/12285538301"
    },
    {
      "type": "Feature",
      "properties": {
        "@id": "node/12285598401",
        "name": "borgas los del pollo",
        "shop": "convenience"
      },
      "geometry": {
        "type": "Point",
        "coordinates": [
          -65.4349176,
          -24.8484197
        ]
      },
      "id": "node/12285598401"
    },
    {
      "type": "Feature",
      "properties": {
        "@id": "node/12285644701",
        "name": "mamani sergio",
        "shop": "convenience"
      },
      "geometry": {
        "type": "Point",
        "coordinates": [
          -65.4315913,
          -24.8478858
        ]
      },
      "id": "node/12285644701"
    },
    {
      "type": "Feature",
      "properties": {
        "@id": "node/12285689201",
        "name": "lopez maría",
        "shop": "convenience"
      },
      "geometry": {
        "type": "Point",
        "coordinates": [
          -65.4319819,
          -24.8458597
        ]
      },
      "id": "node/12285689201"
    },
    {
      "type": "Feature",
      "properties": {
        "@id": "node/12285729704",
        "name": "martinez noblega",
        "shop": "convenience"
      },
      "geometry": {
        "type": "Point",
        "coordinates": [
          -65.4260852,
          -24.8449253
        ]
      },
      "id": "node/12285729704"
    },
    {
      "type": "Feature",
      "properties": {
        "@id": "node/12285838601",
        "name": "Daniel tito",
        "shop": "convenience"
      },
      "geometry": {
        "type": "Point",
        "coordinates": [
          -65.4145912,
          -24.8442915
        ]
      },
      "id": "node/12285838601"
    },
    {
      "type": "Feature",
      "properties": {
        "@id": "node/12285839801",
        "name": "segovia menecia",
        "shop": "convenience"
      },
      "geometry": {
        "type": "Point",
        "coordinates": [
          -65.4302207,
          -24.855266
        ]
      },
      "id": "node/12285839801"
    },
    {
      "type": "Feature",
      "properties": {
        "@id": "node/12285840201",
        "name": "mamani maria",
        "shop": "convenience"
      },
      "geometry": {
        "type": "Point",
        "coordinates": [
          -65.4313836,
          -24.8575981
        ]
      },
      "id": "node/12285840201"
    },
    {
      "type": "Feature",
      "properties": {
        "@id": "node/12285888901",
        "name": "choque maria sur 1",
        "shop": "convenience"
      },
      "geometry": {
        "type": "Point",
        "coordinates": [
          -65.4340226,
          -24.8580639
        ]
      },
      "id": "node/12285888901"
    },
    {
      "type": "Feature",
      "properties": {
        "@id": "node/12285888902",
        "name": "ponce",
        "shop": "convenience"
      },
      "geometry": {
        "type": "Point",
        "coordinates": [
          -65.4342344,
          -24.8561906
        ]
      },
      "id": "node/12285888902"
    },
    {
      "type": "Feature",
      "properties": {
        "@id": "node/12285903701",
        "name": "jaures",
        "shop": "convenience"
      },
      "geometry": {
        "type": "Point",
        "coordinates": [
          -65.4358796,
          -24.8588893
        ]
      },
      "id": "node/12285903701"
    },
    {
      "type": "Feature",
      "properties": {
        "@id": "node/12285909701",
        "name": "ocampo",
        "shop": "convenience"
      },
      "geometry": {
        "type": "Point",
        "coordinates": [
          -65.4356768,
          -24.8587415
        ]
      },
      "id": "node/12285909701"
    },
    {
      "type": "Feature",
      "properties": {
        "@id": "node/12294275901",
        "name": "carlos leon",
        "shop": "convenience"
      },
      "geometry": {
        "type": "Point",
        "coordinates": [
          -65.4730531,
          -24.8714168
        ]
      },
      "id": "node/12294275901"
    },
    {
      "type": "Feature",
      "properties": {
        "@id": "node/12294294901",
        "name": "guaymás carolina",
        "shop": "convenience"
      },
      "geometry": {
        "type": "Point",
        "coordinates": [
          -65.4728696,
          -24.8739681
        ]
      },
      "id": "node/12294294901"
    },
    {
      "type": "Feature",
      "properties": {
        "@id": "node/12296994402",
        "name": "nuñez alfredo",
        "shop": "convenience"
      },
      "geometry": {
        "type": "Point",
        "coordinates": [
          -65.395044,
          -24.8428279
        ]
      },
      "id": "node/12296994402"
    },
    {
      "type": "Feature",
      "properties": {
        "@id": "node/12300496801",
        "name": "Pablo benjamin",
        "shop": "convenience"
      },
      "geometry": {
        "type": "Point",
        "coordinates": [
          -65.4318547,
          -24.8550716
        ]
      },
      "id": "node/12300496801"
    },
    {
      "type": "Feature",
      "properties": {
        "@id": "node/12301631301",
        "name": "aramayo",
        "shop": "convenience"
      },
      "geometry": {
        "type": "Point",
        "coordinates": [
          -65.402878,
          -24.8221476
        ]
      },
      "id": "node/12301631301"
    },
    {
      "type": "Feature",
      "properties": {
        "@id": "node/12301632501",
        "name": "Rivera",
        "shop": "convenience"
      },
      "geometry": {
        "type": "Point",
        "coordinates": [
          -65.403069,
          -24.8219041
        ]
      },
      "id": "node/12301632501"
    },
    {
      "type": "Feature",
      "properties": {
        "@id": "node/12301769601",
        "name": "impa sergio",
        "shop": "convenience"
      },
      "geometry": {
        "type": "Point",
        "coordinates": [
          -65.3849371,
          -24.8280595
        ]
      },
      "id": "node/12301769601"
    },
    {
      "type": "Feature",
      "properties": {
        "@id": "node/12301808401",
        "name": "rodriguez pricila sur 1",
        "shop": "convenience"
      },
      "geometry": {
        "type": "Point",
        "coordinates": [
          -65.3866001,
          -24.8346237
        ]
      },
      "id": "node/12301808401"
    },
    {
      "type": "Feature",
      "properties": {
        "@id": "node/12303159383",
        "bus": "yes",
        "highway": "bus_stop",
        "public_transport": "platform",
        "shelter": "yes"
      },
      "geometry": {
        "type": "Point",
        "coordinates": [
          -65.4437134,
          -24.7684325
        ]
      },
      "id": "node/12303159383"
    },
    {
      "type": "Feature",
      "properties": {
        "@id": "node/12303159384",
        "bus": "yes",
        "highway": "bus_stop",
        "public_transport": "platform",
        "shelter": "yes"
      },
      "geometry": {
        "type": "Point",
        "coordinates": [
          -65.4431935,
          -24.769096
        ]
      },
      "id": "node/12303159384"
    },
    {
      "type": "Feature",
      "properties": {
        "@id": "node/12309823901",
        "addr:street": "Marcelo T. de Alvear",
        "amenity": "restaurant",
        "name": "La Esquina de Anita"
      },
      "geometry": {
        "type": "Point",
        "coordinates": [
          -65.4191132,
          -24.7879834
        ]
      },
      "id": "node/12309823901"
    },
    {
      "type": "Feature",
      "properties": {
        "@id": "node/12318654101",
        "addr:housenumber": "33",
        "addr:street": "Córdoba",
        "amenity": "restaurant",
        "cuisine": "argentinian",
        "internet_access": "wlan",
        "name": "Patio San Francisco",
        "opening_hours": "Mo-Su 09:00-00:30",
        "phone": "+543874883241",
        "website": "https://linktr.ee/patiosanfrancisco",
        "website:menu": "https://menu.fu.do/patiosanfrancisco/qr-menu"
      },
      "geometry": {
        "type": "Point",
        "coordinates": [
          -65.4082257,
          -24.79047
        ]
      },
      "id": "node/12318654101"
    },
    {
      "type": "Feature",
      "properties": {
        "@id": "node/12331234201",
        "name": "Pastrana Débora",
        "shop": "convenience"
      },
      "geometry": {
        "type": "Point",
        "coordinates": [
          -65.4491711,
          -24.8614056
        ]
      },
      "id": "node/12331234201"
    },
    {
      "type": "Feature",
      "properties": {
        "@id": "node/12353262235",
        "bus": "yes",
        "highway": "bus_stop",
        "name": "Av. Lucrecia E. Barquet y Pablo Outes Saravia",
        "public_transport": "platform"
      },
      "geometry": {
        "type": "Point",
        "coordinates": [
          -65.4209935,
          -24.7254117
        ]
      },
      "id": "node/12353262235"
    },
    {
      "type": "Feature",
      "properties": {
        "@id": "node/12353262236",
        "bus": "yes",
        "highway": "bus_stop",
        "name": "Av. Lucrecia E. Barquet y Av. Democracia",
        "public_transport": "platform"
      },
      "geometry": {
        "type": "Point",
        "coordinates": [
          -65.4209494,
          -24.7235323
        ]
      },
      "id": "node/12353262236"
    },
    {
      "type": "Feature",
      "properties": {
        "@id": "node/12353262237",
        "bus": "yes",
        "highway": "bus_stop",
        "name": "Av. Democracia y Calle K",
        "public_transport": "platform"
      },
      "geometry": {
        "type": "Point",
        "coordinates": [
          -65.4182214,
          -24.7237687
        ]
      },
      "id": "node/12353262237"
    },
    {
      "type": "Feature",
      "properties": {
        "@id": "node/12353262239",
        "bus": "yes",
        "highway": "bus_stop",
        "name": "Av. Democracia y Calle M - Anses Huaico",
        "public_transport": "platform"
      },
      "geometry": {
        "type": "Point",
        "coordinates": [
          -65.4164139,
          -24.7239665
        ]
      },
      "id": "node/12353262239"
    },
    {
      "type": "Feature",
      "properties": {
        "@id": "node/12353262240",
        "bus": "yes",
        "highway": "bus_stop",
        "name": "Calle M y Calle 12",
        "public_transport": "platform"
      },
      "geometry": {
        "type": "Point",
        "coordinates": [
          -65.4155076,
          -24.7225299
        ]
      },
      "id": "node/12353262240"
    },
    {
      "type": "Feature",
      "properties": {
        "@id": "node/12355081701",
        "name": "ruiz ana",
        "shop": "convenience"
      },
      "geometry": {
        "type": "Point",
        "coordinates": [
          -65.4263659,
          -24.8396024
        ]
      },
      "id": "node/12355081701"
    },
    {
      "type": "Feature",
      "properties": {
        "@id": "node/12355082101",
        "name": "benecio",
        "shop": "convenience"
      },
      "geometry": {
        "type": "Point",
        "coordinates": [
          -65.4255208,
          -24.8386403
        ]
      },
      "id": "node/12355082101"
    },
    {
      "type": "Feature",
      "properties": {
        "@id": "node/12355082102",
        "name": "loza",
        "shop": "convenience"
      },
      "geometry": {
        "type": "Point",
        "coordinates": [
          -65.4241886,
          -24.8389868
        ]
      },
      "id": "node/12355082102"
    },
    {
      "type": "Feature",
      "properties": {
        "@id": "node/12355194706",
        "name": "espinosa guillermina",
        "shop": "convenience"
      },
      "geometry": {
        "type": "Point",
        "coordinates": [
          -65.4046134,
          -24.840027
        ]
      },
      "id": "node/12355194706"
    },
    {
      "type": "Feature",
      "properties": {
        "@id": "node/12361893002",
        "name": "aquino liliana",
        "shop": "convenience"
      },
      "geometry": {
        "type": "Point",
        "coordinates": [
          -65.4353188,
          -24.848296
        ]
      },
      "id": "node/12361893002"
    },
    {
      "type": "Feature",
      "properties": {
        "@id": "node/12365471001",
        "name": "mamani virginia",
        "shop": "convenience"
      },
      "geometry": {
        "type": "Point",
        "coordinates": [
          -65.409227,
          -24.8510458
        ]
      },
      "id": "node/12365471001"
    },
    {
      "type": "Feature",
      "properties": {
        "@id": "node/12376266502",
        "name": "quispe polo",
        "shop": "convenience"
      },
      "geometry": {
        "type": "Point",
        "coordinates": [
          -65.4239553,
          -24.840133
        ]
      },
      "id": "node/12376266502"
    },
    {
      "type": "Feature",
      "properties": {
        "@id": "node/12376266503",
        "name": "terran alejandro",
        "shop": "convenience"
      },
      "geometry": {
        "type": "Point",
        "coordinates": [
          -65.4266576,
          -24.8385922
        ]
      },
      "id": "node/12376266503"
    },
    {
      "type": "Feature",
      "properties": {
        "@id": "node/12384476490",
        "addr:street": "Avenida Juan B. Justo",
        "amenity": "cafe",
        "name": "BENTHO FOOD & DRINK",
        "opening_hours": "Mo-Fr 07:30-23:00"
      },
      "geometry": {
        "type": "Point",
        "coordinates": [
          -65.4028824,
          -24.7663184
        ]
      },
      "id": "node/12384476490"
    },
    {
      "type": "Feature",
      "properties": {
        "@id": "node/12386014423",
        "addr:housenumber": "496",
        "addr:street": "Diego Zabaleta",
        "amenity": "pharmacy",
        "building": "yes",
        "dispensing": "yes",
        "healthcare": "pharmacy",
        "name": "Farmacias San Francisco Sucursal Avenida Bolivia",
        "opening_hours": "Mo-Su 08:00-13:00",
        "phone": "+543876711924"
      },
      "geometry": {
        "type": "Point",
        "coordinates": [
          -65.4115432,
          -24.7484818
        ]
      },
      "id": "node/12386014423"
    },
    {
      "type": "Feature",
      "properties": {
        "@id": "node/12386226855",
        "addr:city": "Salta",
        "addr:housenumber": "3370",
        "addr:postcode": "4400",
        "addr:street": "Avenida Bolivia",
        "name": "Mayorista Del Milagro-Zona Norte",
        "opening_hours": "Mo-Su 08:00-22:00",
        "payment:cash": "yes",
        "payment:contactless": "yes",
        "payment:credit_cards": "yes",
        "payment:debit_cards": "yes",
        "shop": "supermarket"
      },
      "geometry": {
        "type": "Point",
        "coordinates": [
          -65.4112665,
          -24.7472587
        ]
      },
      "id": "node/12386226855"
    },
    {
      "type": "Feature",
      "properties": {
        "@id": "node/12409390901",
        "name": "cardozo maría",
        "shop": "convenience"
      },
      "geometry": {
        "type": "Point",
        "coordinates": [
          -65.4223548,
          -24.8392991
        ]
      },
      "id": "node/12409390901"
    },
    {
      "type": "Feature",
      "properties": {
        "@id": "node/12409390902",
        "name": "roxana",
        "shop": "convenience"
      },
      "geometry": {
        "type": "Point",
        "coordinates": [
          -65.4242927,
          -24.8377433
        ]
      },
      "id": "node/12409390902"
    },
    {
      "type": "Feature",
      "properties": {
        "@id": "node/12409393101",
        "name": "mas adelante",
        "shop": "convenience"
      },
      "geometry": {
        "type": "Point",
        "coordinates": [
          -65.4225021,
          -24.8388947
        ]
      },
      "id": "node/12409393101"
    },
    {
      "type": "Feature",
      "properties": {
        "@id": "node/12433978601",
        "name": "flores jose",
        "shop": "convenience"
      },
      "geometry": {
        "type": "Point",
        "coordinates": [
          -65.4327734,
          -24.8467735
        ]
      },
      "id": "node/12433978601"
    },
    {
      "type": "Feature",
      "properties": {
        "@id": "node/12436173701",
        "name": "consumidor final sur 2",
        "shop": "convenience"
      },
      "geometry": {
        "type": "Point",
        "coordinates": [
          -65.3988055,
          -24.8491364
        ]
      },
      "id": "node/12436173701"
    },
    {
      "type": "Feature",
      "properties": {
        "@id": "node/12471337902",
        "name": "mabel",
        "shop": "convenience"
      },
      "geometry": {
        "type": "Point",
        "coordinates": [
          -65.4012079,
          -24.8459175
        ]
      },
      "id": "node/12471337902"
    },
    {
      "type": "Feature",
      "properties": {
        "@id": "node/12471339701",
        "name": "estefania",
        "shop": "convenience"
      },
      "geometry": {
        "type": "Point",
        "coordinates": [
          -65.3944256,
          -24.8461234
        ]
      },
      "id": "node/12471339701"
    },
    {
      "type": "Feature",
      "properties": {
        "@id": "node/12471340101",
        "name": "casas",
        "shop": "convenience"
      },
      "geometry": {
        "type": "Point",
        "coordinates": [
          -65.3977245,
          -24.8458573
        ]
      },
      "id": "node/12471340101"
    },
    {
      "type": "Feature",
      "properties": {
        "@id": "node/12472754101",
        "addr:housenumber": "462",
        "addr:postcode": "4400",
        "addr:street": "Justo José de Urquiza",
        "internet_access": "wlan",
        "name": "Hostel Marilian",
        "tourism": "hostel"
      },
      "geometry": {
        "type": "Point",
        "coordinates": [
          -65.4091063,
          -24.7924996
        ]
      },
      "id": "node/12472754101"
    },
    {
      "type": "Feature",
      "properties": {
        "@id": "node/12497961001",
        "name": "juan",
        "shop": "convenience"
      },
      "geometry": {
        "type": "Point",
        "coordinates": [
          -65.4271513,
          -24.8167888
        ]
      },
      "id": "node/12497961001"
    },
    {
      "type": "Feature",
      "properties": {
        "@id": "node/12521124001",
        "name": "mmmm",
        "shop": "convenience"
      },
      "geometry": {
        "type": "Point",
        "coordinates": [
          -65.4047062,
          -24.8361606
        ]
      },
      "id": "node/12521124001"
    },
    {
      "type": "Feature",
      "properties": {
        "@id": "node/12594348801",
        "name": "lunes",
        "shop": "convenience"
      },
      "geometry": {
        "type": "Point",
        "coordinates": [
          -65.4620127,
          -24.856855
        ]
      },
      "id": "node/12594348801"
    },
    {
      "type": "Feature",
      "properties": {
        "@id": "node/12599447801",
        "amenity": "fast_food",
        "name": "La Granja"
      },
      "geometry": {
        "type": "Point",
        "coordinates": [
          -65.408261,
          -24.7886619
        ]
      },
      "id": "node/12599447801"
    },
    {
      "type": "Feature",
      "properties": {
        "@id": "node/12617315601",
        "name": "martinez royer",
        "shop": "convenience"
      },
      "geometry": {
        "type": "Point",
        "coordinates": [
          -65.4037074,
          -24.834898
        ]
      },
      "id": "node/12617315601"
    },
    {
      "type": "Feature",
      "properties": {
        "@id": "node/12618160701",
        "name": "ibarra",
        "shop": "convenience"
      },
      "geometry": {
        "type": "Point",
        "coordinates": [
          -65.4129894,
          -24.8403878
        ]
      },
      "id": "node/12618160701"
    },
    {
      "type": "Feature",
      "properties": {
        "@id": "node/12618160702",
        "name": "ibarra",
        "shop": "convenience"
      },
      "geometry": {
        "type": "Point",
        "coordinates": [
          -65.4144567,
          -24.8406386
        ]
      },
      "id": "node/12618160702"
    },
    {
      "type": "Feature",
      "properties": {
        "@id": "node/12618164805",
        "name": "gonzalez tere",
        "shop": "convenience"
      },
      "geometry": {
        "type": "Point",
        "coordinates": [
          -65.3991207,
          -24.8356845
        ]
      },
      "id": "node/12618164805"
    },
    {
      "type": "Feature",
      "properties": {
        "@id": "node/12652377701",
        "name": "alicia",
        "shop": "convenience"
      },
      "geometry": {
        "type": "Point",
        "coordinates": [
          -65.3894074,
          -24.8294702
        ]
      },
      "id": "node/12652377701"
    },
    {
      "type": "Feature",
      "properties": {
        "@id": "node/12662772601",
        "name": "estefania",
        "shop": "convenience"
      },
      "geometry": {
        "type": "Point",
        "coordinates": [
          -65.3943947,
          -24.8457928
        ]
      },
      "id": "node/12662772601"
    },
    {
      "type": "Feature",
      "properties": {
        "@id": "node/12727119602",
        "addr:street": "Bernardino Rivadavia",
        "amenity": "police",
        "name": "Comisaria 5"
      },
      "geometry": {
        "type": "Point",
        "coordinates": [
          -65.4272875,
          -24.781029
        ]
      },
      "id": "node/12727119602"
    },
    {
      "type": "Feature",
      "properties": {
        "@id": "node/12797896501",
        "name": "barrera",
        "shop": "convenience"
      },
      "geometry": {
        "type": "Point",
        "coordinates": [
          -65.4035209,
          -24.8400749
        ]
      },
      "id": "node/12797896501"
    },
    {
      "type": "Feature",
      "properties": {
        "@id": "node/12851327203",
        "amenity": "restaurant",
        "name": "La Salteñeria"
      },
      "geometry": {
        "type": "Point",
        "coordinates": [
          -65.4054841,
          -24.7902188
        ]
      },
      "id": "node/12851327203"
    },
    {
      "type": "Feature",
      "properties": {
        "@id": "node/12851838101",
        "amenity": "restaurant",
        "name": "Deli Chef comidas"
      },
      "geometry": {
        "type": "Point",
        "coordinates": [
          -65.4134093,
          -24.784842
        ]
      },
      "id": "node/12851838101"
    },
    {
      "type": "Feature",
      "properties": {
        "@id": "node/12873890208",
        "bus": "yes",
        "highway": "bus_stop",
        "public_transport": "platform"
      },
      "geometry": {
        "type": "Point",
        "coordinates": [
          -65.399392,
          -24.7956473
        ]
      },
      "id": "node/12873890208"
    },
    {
      "type": "Feature",
      "properties": {
        "@id": "node/12875630605",
        "bus": "yes",
        "highway": "bus_stop",
        "public_transport": "platform"
      },
      "geometry": {
        "type": "Point",
        "coordinates": [
          -65.3988964,
          -24.7955552
        ]
      },
      "id": "node/12875630605"
    },
    {
      "type": "Feature",
      "properties": {
        "@id": "node/12875844271",
        "amenity": "atm",
        "brand": "Macro",
        "brand:wikidata": "Q2335199",
        "cash_in": "yes",
        "operator": "Macro",
        "operator:wikidata": "Q2335199"
      },
      "geometry": {
        "type": "Point",
        "coordinates": [
          -65.4103594,
          -24.7938704
        ]
      },
      "id": "node/12875844271"
    },
    {
      "type": "Feature",
      "properties": {
        "@id": "node/12875846428",
        "brand": "Full",
        "brand:wikidata": "Q126681765",
        "name": "Full",
        "shop": "convenience"
      },
      "geometry": {
        "type": "Point",
        "coordinates": [
          -65.3960122,
          -24.7954505
        ]
      },
      "id": "node/12875846428"
    },
    {
      "type": "Feature",
      "properties": {
        "@id": "node/12875846429",
        "brand": "Shell Select",
        "brand:wikidata": "Q124359752",
        "name": "Shell Select",
        "shop": "convenience"
      },
      "geometry": {
        "type": "Point",
        "coordinates": [
          -65.3967926,
          -24.7955678
        ]
      },
      "id": "node/12875846429"
    },
    {
      "type": "Feature",
      "properties": {
        "@id": "node/12877511770",
        "amenity": "parking"
      },
      "geometry": {
        "type": "Point",
        "coordinates": [
          -65.3891715,
          -24.7987275
        ]
      },
      "id": "node/12877511770"
    },
    {
      "type": "Feature",
      "properties": {
        "@id": "node/12877511779",
        "amenity": "parking"
      },
      "geometry": {
        "type": "Point",
        "coordinates": [
          -65.3899352,
          -24.7985848
        ]
      },
      "id": "node/12877511779"
    },
    {
      "type": "Feature",
      "properties": {
        "@id": "node/12877511784",
        "amenity": "cafe"
      },
      "geometry": {
        "type": "Point",
        "coordinates": [
          -65.3900532,
          -24.7987917
        ]
      },
      "id": "node/12877511784"
    },
    {
      "type": "Feature",
      "properties": {
        "@id": "node/12886803149",
        "brand": "Full",
        "brand:wikidata": "Q126681765",
        "name": "Full",
        "shop": "convenience"
      },
      "geometry": {
        "type": "Point",
        "coordinates": [
          -65.4292662,
          -24.7796795
        ]
      },
      "id": "node/12886803149"
    },
    {
      "type": "Feature",
      "properties": {
        "@id": "node/12886803225",
        "bus": "yes",
        "highway": "bus_stop",
        "public_transport": "platform"
      },
      "geometry": {
        "type": "Point",
        "coordinates": [
          -65.4261222,
          -24.7802262
        ]
      },
      "id": "node/12886803225"
    },
    {
      "type": "Feature",
      "properties": {
        "@id": "node/12886803226",
        "bus": "yes",
        "highway": "bus_stop",
        "public_transport": "platform"
      },
      "geometry": {
        "type": "Point",
        "coordinates": [
          -65.425625,
          -24.7802616
        ]
      },
      "id": "node/12886803226"
    },
    {
      "type": "Feature",
      "properties": {
        "@id": "node/12887932921",
        "brand": "Full",
        "brand:wikidata": "Q126681765",
        "name": "Full",
        "shop": "convenience"
      },
      "geometry": {
        "type": "Point",
        "coordinates": [
          -65.4029528,
          -24.7801774
        ]
      },
      "id": "node/12887932921"
    },
    {
      "type": "Feature",
      "properties": {
        "@id": "node/12887932924",
        "access": "customers",
        "amenity": "parking",
        "fee": "no",
        "parking": "street_side",
        "surface": "asphalt"
      },
      "geometry": {
        "type": "Point",
        "coordinates": [
          -65.4030329,
          -24.780148
        ]
      },
      "id": "node/12887932924"
    },
    {
      "type": "Feature",
      "properties": {
        "@id": "node/12889150676",
        "amenity": "parking"
      },
      "geometry": {
        "type": "Point",
        "coordinates": [
          -65.3974009,
          -24.7710702
        ]
      },
      "id": "node/12889150676"
    },
    {
      "type": "Feature",
      "properties": {
        "@id": "node/12889150677",
        "amenity": "parking"
      },
      "geometry": {
        "type": "Point",
        "coordinates": [
          -65.3974143,
          -24.770834
        ]
      },
      "id": "node/12889150677"
    },
    {
      "type": "Feature",
      "properties": {
        "@id": "node/12889336112",
        "bus": "yes",
        "highway": "bus_stop",
        "public_transport": "platform"
      },
      "geometry": {
        "type": "Point",
        "coordinates": [
          -65.3988758,
          -24.7625079
        ]
      },
      "id": "node/12889336112"
    },
    {
      "type": "Feature",
      "properties": {
        "@id": "node/12898262848",
        "bus": "yes",
        "highway": "bus_stop",
        "public_transport": "platform"
      },
      "geometry": {
        "type": "Point",
        "coordinates": [
          -65.4009558,
          -24.7439195
        ]
      },
      "id": "node/12898262848"
    },
    {
      "type": "Feature",
      "properties": {
        "@id": "node/12993136468",
        "addr:city": "Salta",
        "addr:housenumber": "1",
        "addr:state": "Salta",
        "addr:street": "Avenida Memoria Verdad y Justicia",
        "amenity": "bank",
        "brand": "Macro",
        "name": "Banco Macro"
      },
      "geometry": {
        "type": "Point",
        "coordinates": [
          -65.4138848,
          -24.7300875
        ]
      },
      "id": "node/12993136468"
    },
    {
      "type": "Feature",
      "properties": {
        "@id": "node/13039860449",
        "addr:housenumber": "266",
        "addr:street": "Caseros",
        "name": "Villa Vicuña Salta Hotel Boutique",
        "tourism": "hotel"
      },
      "geometry": {
        "type": "Point",
        "coordinates": [
          -65.406495,
          -24.7900347
        ]
      },
      "id": "node/13039860449"
    },
    {
      "type": "Feature",
      "properties": {
        "@id": "node/13086527808",
        "addr:housenumber": "1094",
        "addr:street": "Bicentenario de la batalla de Salta",
        "amenity": "restaurant",
        "description": "Take Away Food",
        "opening_hours": "Mo-Sa 11:00-14:10"
      },
      "geometry": {
        "type": "Point",
        "coordinates": [
          -65.4029868,
          -24.778052
        ]
      },
      "id": "node/13086527808"
    },
    {
      "type": "Feature",
      "properties": {
        "@id": "node/13096402801",
        "name": "benitez",
        "shop": "convenience"
      },
      "geometry": {
        "type": "Point",
        "coordinates": [
          -65.4657494,
          -24.8555646
        ]
      },
      "id": "node/13096402801"
    },
    {
      "type": "Feature",
      "properties": {
        "@id": "node/13126313424",
        "addr:street": "Avenida Belgrano 871",
        "amenity": "parking",
        "name": "Estacionamiento Masciarelli",
        "phone": "387421021"
      },
      "geometry": {
        "type": "Point",
        "coordinates": [
          -65.4144745,
          -24.7870464
        ]
      },
      "id": "node/13126313424"
    },
    {
      "type": "Feature",
      "properties": {
        "@id": "node/13231703093",
        "addr:city": "Salta",
        "addr:postcode": "4400",
        "addr:street": "Santiago del Estero",
        "amenity": "clinic",
        "healthcare": "clinic",
        "name": "CEDIT Centro Médico"
      },
      "geometry": {
        "type": "Point",
        "coordinates": [
          -65.422041,
          -24.7842867
        ]
      },
      "id": "node/13231703093"
    },
    {
      "type": "Feature",
      "properties": {
        "@id": "node/13231703094",
        "amenity": "clinic",
        "healthcare": "clinic",
        "name": "MAC medicina de alta complejidad"
      },
      "geometry": {
        "type": "Point",
        "coordinates": [
          -65.4220384,
          -24.7840522
        ]
      },
      "id": "node/13231703094"
    },
    {
      "type": "Feature",
      "properties": {
        "@id": "node/13477473009",
        "addr:street": "Caseros",
        "amenity": "cafe",
        "contact:facebook": "cafemartinez",
        "cuisine": "argentinian",
        "internet_access": "wlan",
        "name": "Cafe Martinez",
        "opening_hours": "Mo-Su 07:30-22:00",
        "outdoor_seating": "yes",
        "website": "http://cafemartinez.com"
      },
      "geometry": {
        "type": "Point",
        "coordinates": [
          -65.4095309,
          -24.7898528
        ]
      },
      "id": "node/13477473009"
    },
    {
      "type": "Feature",
      "properties": {
        "@id": "node/13536506901",
        "name": "guaymas gonzalo",
        "shop": "convenience"
      },
      "geometry": {
        "type": "Point",
        "coordinates": [
          -65.3927358,
          -24.8377405
        ]
      },
      "id": "node/13536506901"
    },
    {
      "type": "Feature",
      "properties": {
        "@id": "node/13536628201",
        "name": "perez hugo",
        "shop": "convenience"
      },
      "geometry": {
        "type": "Point",
        "coordinates": [
          -65.4071303,
          -24.843515
        ]
      },
      "id": "node/13536628201"
    },
    {
      "type": "Feature",
      "properties": {
        "@id": "node/13648710501",
        "name": "Carrefour Express",
        "shop": "convenience"
      },
      "geometry": {
        "type": "Point",
        "coordinates": [
          -65.4101559,
          -24.7910764
        ]
      },
      "id": "node/13648710501"
    },
    {
      "type": "Feature",
      "properties": {
        "@id": "node/13651002401",
        "amenity": "restaurant",
        "name": "El Desembarco"
      },
      "geometry": {
        "type": "Point",
        "coordinates": [
          -65.40605,
          -24.7874889
        ]
      },
      "id": "node/13651002401"
    },
    {
      "type": "Feature",
      "properties": {
        "@id": "node/13653128802",
        "amenity": "cafe",
        "name": "Armenta"
      },
      "geometry": {
        "type": "Point",
        "coordinates": [
          -65.4083703,
          -24.7893795
        ]
      },
      "id": "node/13653128802"
    },
    {
      "type": "Feature",
      "properties": {
        "@id": "node/13665839501",
        "amenity": "restaurant",
        "name": "SEOUL"
      },
      "geometry": {
        "type": "Point",
        "coordinates": [
          -65.4051972,
          -24.7866006
        ]
      },
      "id": "node/13665839501"
    },
    {
      "type": "Feature",
      "properties": {
        "@id": "node/13667989501",
        "amenity": "restaurant",
        "name": "Lebig - Pizzería & Focaccería"
      },
      "geometry": {
        "type": "Point",
        "coordinates": [
          -65.4061583,
          -24.7873227
        ]
      },
      "id": "node/13667989501"
    },
    {
      "type": "Feature",
      "properties": {
        "@id": "node/13685207402",
        "addr:housenumber": "189",
        "addr:postcode": "A4402",
        "addr:street": "Caseros",
        "amenity": "restaurant",
        "contact:instagram": "kimchirang.salta",
        "cuisine": "korean",
        "name": "Kimchirang",
        "opening_hours": "Th-Su 11:45-15:00, 18:45-00:00; Mo 11:45-15:00, 18:45-00:00; We 18:45-00:00",
        "phone": "+54 387 210 5809"
      },
      "geometry": {
        "type": "Point",
        "coordinates": [
          -65.405306,
          -24.7902418
        ]
      },
      "id": "node/13685207402"
    },
    {
      "type": "Feature",
      "properties": {
        "@id": "node/14040540702",
        "addr:housenumber": "319",
        "addr:postcode": "A4400",
        "addr:street": "España",
        "internet_access": "wlan",
        "name": "Residencial España",
        "tourism": "hotel"
      },
      "geometry": {
        "type": "Point",
        "coordinates": [
          -65.4073005,
          -24.7888464
        ]
      },
      "id": "node/14040540702"
    },
    {
      "type": "Feature",
      "properties": {
        "@id": "node/14040579901",
        "addr:housenumber": "281",
        "addr:postcode": "A4400",
        "addr:street": "Avenida Manuel Belgrano",
        "amenity": "restaurant",
        "cuisine": "argentinian",
        "internet_access": "wlan",
        "name": "Pizzeria popular"
      },
      "geometry": {
        "type": "Point",
        "coordinates": [
          -65.406544,
          -24.7876372
        ]
      },
      "id": "node/14040579901"
    },
    {
      "type": "Feature",
      "properties": {
        "@id": "node/14041163501",
        "amenity": "parking",
        "name": "Playa de estacionamiento",
        "opening_hours": "24/7"
      },
      "geometry": {
        "type": "Point",
        "coordinates": [
          -65.4074075,
          -24.7888608
        ]
      },
      "id": "node/14041163501"
    },
    {
      "type": "Feature",
      "properties": {
        "@id": "node/14053624401",
        "addr:housenumber": "916",
        "addr:street": "España",
        "name": "Posada Casa de Borgoña",
        "tourism": "hotel"
      },
      "geometry": {
        "type": "Point",
        "coordinates": [
          -65.4153167,
          -24.7886112
        ]
      },
      "id": "node/14053624401"
    },
    {
      "type": "Feature",
      "properties": {
        "@id": "node/14053624501",
        "addr:housenumber": "340",
        "addr:street": "Facundo de Zuviría",
        "name": "Andino",
        "phone": "+54 387 615 3694",
        "tourism": "hotel"
      },
      "geometry": {
        "type": "Point",
        "coordinates": [
          -65.4091888,
          -24.7861559
        ]
      },
      "id": "node/14053624501"
    },
    {
      "type": "Feature",
      "properties": {
        "@id": "node/14053768001",
        "addr:housenumber": "2036",
        "addr:street": "Avenida Manuel Belgrano",
        "amenity": "restaurant",
        "name": "Estación Belgrano"
      },
      "geometry": {
        "type": "Point",
        "coordinates": [
          -65.4308546,
          -24.7858191
        ]
      },
      "id": "node/14053768001"
    },
    {
      "type": "Feature",
      "properties": {
        "@id": "node/14138324201",
        "addr:housenumber": "50",
        "addr:postcode": "4400",
        "addr:street": "General Martín Miguel de Güemes",
        "amenity": "cafe",
        "contact:instagram": "gertrudis.cafe",
        "cuisine": "argentinian",
        "internet_access": "wlan",
        "name": "Café Gertrudis Cornejo",
        "opening_hours": "Tu-Su 08:00-22:30",
        "phone": "+54 387 536 9289"
      },
      "geometry": {
        "type": "Point",
        "coordinates": [
          -65.4033707,
          -24.7868138
        ]
      },
      "id": "node/14138324201"
    },
    {
      "type": "Feature",
      "properties": {
        "@id": "node/14166569201",
        "amenity": "cafe",
        "name": "A la Sombra de la Rosa"
      },
      "geometry": {
        "type": "Point",
        "coordinates": [
          -65.4088286,
          -24.7896911
        ]
      },
      "id": "node/14166569201"
    },
    {
      "type": "Feature",
      "properties": {
        "@id": "node/14218240997",
        "description": "Línea 7 \"San Lorenzo\" 28",
        "highway": "bus_stop",
        "name": "Bicentenario e Israel",
        "public_transport": "platform"
      },
      "geometry": {
        "type": "Point",
        "coordinates": [
          -65.402475,
          -24.7858092
        ]
      },
      "id": "node/14218240997"
    }
  ]
}
